WARNING - 2026-06-29 04:41:32 --> [DEPRECATED] Passing lowercase HTTP method "get" is deprecated. Use uppercase HTTP method like "GET". in SYSTEMPATH\Router\RouteCollection.php on line 1026.
 1 SYSTEMPATH\Router\RouteCollection.php(1026): trigger_error('Passing lowercase HTTP method "get" is deprecated. Use uppercase HTTP method like "GET".', 16384)
 2 APPPATH\Config\Routes.php(28): CodeIgniter\Router\RouteCollection->match([...], 'authenticate', 'Admin::authenticate')
 3 SYSTEMPATH\Router\RouteCollection.php(799): CodeIgniter\Router\RouteCollection->{closure}(Object(CodeIgniter\Router\RouteCollection))
 4 APPPATH\Config\Routes.php(25): CodeIgniter\Router\RouteCollection->group('admin', [...], Object(Closure))
 5 SYSTEMPATH\Router\RouteCollection.php(339): require('C:\\xampp\\htdocs\\myfoodblog\\app\\Config\\Routes.php')
 6 SYSTEMPATH\CodeIgniter.php(818): CodeIgniter\Router\RouteCollection->loadRoutes()
 7 SYSTEMPATH\CodeIgniter.php(441): CodeIgniter\CodeIgniter->tryToRouteIt(null)
 8 SYSTEMPATH\CodeIgniter.php(340): CodeIgniter\CodeIgniter->handleRequest(null, Object(Config\Cache), false)
 9 SYSTEMPATH\Boot.php(417): CodeIgniter\CodeIgniter->run()
10 SYSTEMPATH\Boot.php(68): CodeIgniter\Boot::runCodeIgniter(Object(CodeIgniter\CodeIgniter))
11 FCPATH\index.php(59): CodeIgniter\Boot::bootWeb(Object(Config\Paths))
WARNING - 2026-06-29 04:41:32 --> [DEPRECATED] Passing lowercase HTTP method "post" is deprecated. Use uppercase HTTP method like "POST". in SYSTEMPATH\Router\RouteCollection.php on line 1026.
 1 SYSTEMPATH\Router\RouteCollection.php(1026): trigger_error('Passing lowercase HTTP method "post" is deprecated. Use uppercase HTTP method like "POST".', 16384)
 2 APPPATH\Config\Routes.php(28): CodeIgniter\Router\RouteCollection->match([...], 'authenticate', 'Admin::authenticate')
 3 SYSTEMPATH\Router\RouteCollection.php(799): CodeIgniter\Router\RouteCollection->{closure}(Object(CodeIgniter\Router\RouteCollection))
 4 APPPATH\Config\Routes.php(25): CodeIgniter\Router\RouteCollection->group('admin', [...], Object(Closure))
 5 SYSTEMPATH\Router\RouteCollection.php(339): require('C:\\xampp\\htdocs\\myfoodblog\\app\\Config\\Routes.php')
 6 SYSTEMPATH\CodeIgniter.php(818): CodeIgniter\Router\RouteCollection->loadRoutes()
 7 SYSTEMPATH\CodeIgniter.php(441): CodeIgniter\CodeIgniter->tryToRouteIt(null)
 8 SYSTEMPATH\CodeIgniter.php(340): CodeIgniter\CodeIgniter->handleRequest(null, Object(Config\Cache), false)
 9 SYSTEMPATH\Boot.php(417): CodeIgniter\CodeIgniter->run()
10 SYSTEMPATH\Boot.php(68): CodeIgniter\Boot::runCodeIgniter(Object(CodeIgniter\CodeIgniter))
11 FCPATH\index.php(59): CodeIgniter\Boot::bootWeb(Object(Config\Paths))
WARNING - 2026-06-29 04:41:32 --> [DEPRECATED] Passing lowercase HTTP method "get" is deprecated. Use uppercase HTTP method like "GET". in SYSTEMPATH\Router\RouteCollection.php on line 1026.
 1 SYSTEMPATH\Router\RouteCollection.php(1026): trigger_error('Passing lowercase HTTP method "get" is deprecated. Use uppercase HTTP method like "GET".', 16384)
 2 APPPATH\Config\Routes.php(28): CodeIgniter\Router\RouteCollection->match([...], 'authenticate', 'Admin::authenticate')
 3 SYSTEMPATH\Router\RouteCollection.php(799): CodeIgniter\Router\RouteCollection->{closure}(Object(CodeIgniter\Router\RouteCollection))
 4 APPPATH\Config\Routes.php(25): CodeIgniter\Router\RouteCollection->group('admin', [...], Object(Closure))
 5 SYSTEMPATH\Router\RouteCollection.php(339): require('C:\\xampp\\htdocs\\myfoodblog\\app\\Config\\Routes.php')
 6 SYSTEMPATH\CodeIgniter.php(818): CodeIgniter\Router\RouteCollection->loadRoutes()
 7 SYSTEMPATH\CodeIgniter.php(441): CodeIgniter\CodeIgniter->tryToRouteIt(null)
 8 SYSTEMPATH\CodeIgniter.php(340): CodeIgniter\CodeIgniter->handleRequest(null, Object(Config\Cache), false)
 9 SYSTEMPATH\Boot.php(417): CodeIgniter\CodeIgniter->run()
10 SYSTEMPATH\Boot.php(68): CodeIgniter\Boot::runCodeIgniter(Object(CodeIgniter\CodeIgniter))
11 FCPATH\index.php(59): CodeIgniter\Boot::bootWeb(Object(Config\Paths))
WARNING - 2026-06-29 04:41:32 --> [DEPRECATED] Passing lowercase HTTP method "post" is deprecated. Use uppercase HTTP method like "POST". in SYSTEMPATH\Router\RouteCollection.php on line 1026.
 1 SYSTEMPATH\Router\RouteCollection.php(1026): trigger_error('Passing lowercase HTTP method "post" is deprecated. Use uppercase HTTP method like "POST".', 16384)
 2 APPPATH\Config\Routes.php(28): CodeIgniter\Router\RouteCollection->match([...], 'authenticate', 'Admin::authenticate')
 3 SYSTEMPATH\Router\RouteCollection.php(799): CodeIgniter\Router\RouteCollection->{closure}(Object(CodeIgniter\Router\RouteCollection))
 4 APPPATH\Config\Routes.php(25): CodeIgniter\Router\RouteCollection->group('admin', [...], Object(Closure))
 5 SYSTEMPATH\Router\RouteCollection.php(339): require('C:\\xampp\\htdocs\\myfoodblog\\app\\Config\\Routes.php')
 6 SYSTEMPATH\CodeIgniter.php(818): CodeIgniter\Router\RouteCollection->loadRoutes()
 7 SYSTEMPATH\CodeIgniter.php(441): CodeIgniter\CodeIgniter->tryToRouteIt(null)
 8 SYSTEMPATH\CodeIgniter.php(340): CodeIgniter\CodeIgniter->handleRequest(null, Object(Config\Cache), false)
 9 SYSTEMPATH\Boot.php(417): CodeIgniter\CodeIgniter->run()
10 SYSTEMPATH\Boot.php(68): CodeIgniter\Boot::runCodeIgniter(Object(CodeIgniter\CodeIgniter))
11 FCPATH\index.php(59): CodeIgniter\Boot::bootWeb(Object(Config\Paths))
WARNING - 2026-06-29 05:04:16 --> [DEPRECATED] Passing lowercase HTTP method "get" is deprecated. Use uppercase HTTP method like "GET". in SYSTEMPATH\Router\RouteCollection.php on line 1026.
 1 SYSTEMPATH\Router\RouteCollection.php(1026): trigger_error('Passing lowercase HTTP method "get" is deprecated. Use uppercase HTTP method like "GET".', 16384)
 2 APPPATH\Config\Routes.php(28): CodeIgniter\Router\RouteCollection->match([...], 'authenticate', 'Admin::authenticate')
 3 SYSTEMPATH\Router\RouteCollection.php(799): CodeIgniter\Router\RouteCollection->{closure}(Object(CodeIgniter\Router\RouteCollection))
 4 APPPATH\Config\Routes.php(25): CodeIgniter\Router\RouteCollection->group('admin', [...], Object(Closure))
 5 SYSTEMPATH\Router\RouteCollection.php(339): require('C:\\xampp\\htdocs\\myfoodblog\\app\\Config\\Routes.php')
 6 SYSTEMPATH\CodeIgniter.php(818): CodeIgniter\Router\RouteCollection->loadRoutes()
 7 SYSTEMPATH\CodeIgniter.php(441): CodeIgniter\CodeIgniter->tryToRouteIt(null)
 8 SYSTEMPATH\CodeIgniter.php(340): CodeIgniter\CodeIgniter->handleRequest(null, Object(Config\Cache), false)
 9 SYSTEMPATH\Boot.php(417): CodeIgniter\CodeIgniter->run()
10 SYSTEMPATH\Boot.php(68): CodeIgniter\Boot::runCodeIgniter(Object(CodeIgniter\CodeIgniter))
11 FCPATH\index.php(59): CodeIgniter\Boot::bootWeb(Object(Config\Paths))
WARNING - 2026-06-29 05:04:16 --> [DEPRECATED] Passing lowercase HTTP method "post" is deprecated. Use uppercase HTTP method like "POST". in SYSTEMPATH\Router\RouteCollection.php on line 1026.
 1 SYSTEMPATH\Router\RouteCollection.php(1026): trigger_error('Passing lowercase HTTP method "post" is deprecated. Use uppercase HTTP method like "POST".', 16384)
 2 APPPATH\Config\Routes.php(28): CodeIgniter\Router\RouteCollection->match([...], 'authenticate', 'Admin::authenticate')
 3 SYSTEMPATH\Router\RouteCollection.php(799): CodeIgniter\Router\RouteCollection->{closure}(Object(CodeIgniter\Router\RouteCollection))
 4 APPPATH\Config\Routes.php(25): CodeIgniter\Router\RouteCollection->group('admin', [...], Object(Closure))
 5 SYSTEMPATH\Router\RouteCollection.php(339): require('C:\\xampp\\htdocs\\myfoodblog\\app\\Config\\Routes.php')
 6 SYSTEMPATH\CodeIgniter.php(818): CodeIgniter\Router\RouteCollection->loadRoutes()
 7 SYSTEMPATH\CodeIgniter.php(441): CodeIgniter\CodeIgniter->tryToRouteIt(null)
 8 SYSTEMPATH\CodeIgniter.php(340): CodeIgniter\CodeIgniter->handleRequest(null, Object(Config\Cache), false)
 9 SYSTEMPATH\Boot.php(417): CodeIgniter\CodeIgniter->run()
10 SYSTEMPATH\Boot.php(68): CodeIgniter\Boot::runCodeIgniter(Object(CodeIgniter\CodeIgniter))
11 FCPATH\index.php(59): CodeIgniter\Boot::bootWeb(Object(Config\Paths))
WARNING - 2026-06-29 05:04:16 --> [DEPRECATED] Passing lowercase HTTP method "get" is deprecated. Use uppercase HTTP method like "GET". in SYSTEMPATH\Router\RouteCollection.php on line 1026.
 1 SYSTEMPATH\Router\RouteCollection.php(1026): trigger_error('Passing lowercase HTTP method "get" is deprecated. Use uppercase HTTP method like "GET".', 16384)
 2 APPPATH\Config\Routes.php(28): CodeIgniter\Router\RouteCollection->match([...], 'authenticate', 'Admin::authenticate')
 3 SYSTEMPATH\Router\RouteCollection.php(799): CodeIgniter\Router\RouteCollection->{closure}(Object(CodeIgniter\Router\RouteCollection))
 4 APPPATH\Config\Routes.php(25): CodeIgniter\Router\RouteCollection->group('admin', [...], Object(Closure))
 5 SYSTEMPATH\Router\RouteCollection.php(339): require('C:\\xampp\\htdocs\\myfoodblog\\app\\Config\\Routes.php')
 6 SYSTEMPATH\CodeIgniter.php(818): CodeIgniter\Router\RouteCollection->loadRoutes()
 7 SYSTEMPATH\CodeIgniter.php(441): CodeIgniter\CodeIgniter->tryToRouteIt(null)
 8 SYSTEMPATH\CodeIgniter.php(340): CodeIgniter\CodeIgniter->handleRequest(null, Object(Config\Cache), false)
 9 SYSTEMPATH\Boot.php(417): CodeIgniter\CodeIgniter->run()
10 SYSTEMPATH\Boot.php(68): CodeIgniter\Boot::runCodeIgniter(Object(CodeIgniter\CodeIgniter))
11 FCPATH\index.php(59): CodeIgniter\Boot::bootWeb(Object(Config\Paths))
WARNING - 2026-06-29 05:04:16 --> [DEPRECATED] Passing lowercase HTTP method "post" is deprecated. Use uppercase HTTP method like "POST". in SYSTEMPATH\Router\RouteCollection.php on line 1026.
 1 SYSTEMPATH\Router\RouteCollection.php(1026): trigger_error('Passing lowercase HTTP method "post" is deprecated. Use uppercase HTTP method like "POST".', 16384)
 2 APPPATH\Config\Routes.php(28): CodeIgniter\Router\RouteCollection->match([...], 'authenticate', 'Admin::authenticate')
 3 SYSTEMPATH\Router\RouteCollection.php(799): CodeIgniter\Router\RouteCollection->{closure}(Object(CodeIgniter\Router\RouteCollection))
 4 APPPATH\Config\Routes.php(25): CodeIgniter\Router\RouteCollection->group('admin', [...], Object(Closure))
 5 SYSTEMPATH\Router\RouteCollection.php(339): require('C:\\xampp\\htdocs\\myfoodblog\\app\\Config\\Routes.php')
 6 SYSTEMPATH\CodeIgniter.php(818): CodeIgniter\Router\RouteCollection->loadRoutes()
 7 SYSTEMPATH\CodeIgniter.php(441): CodeIgniter\CodeIgniter->tryToRouteIt(null)
 8 SYSTEMPATH\CodeIgniter.php(340): CodeIgniter\CodeIgniter->handleRequest(null, Object(Config\Cache), false)
 9 SYSTEMPATH\Boot.php(417): CodeIgniter\CodeIgniter->run()
10 SYSTEMPATH\Boot.php(68): CodeIgniter\Boot::runCodeIgniter(Object(CodeIgniter\CodeIgniter))
11 FCPATH\index.php(59): CodeIgniter\Boot::bootWeb(Object(Config\Paths))
WARNING - 2026-06-29 05:04:21 --> [DEPRECATED] Passing lowercase HTTP method "get" is deprecated. Use uppercase HTTP method like "GET". in SYSTEMPATH\Router\RouteCollection.php on line 1026.
 1 SYSTEMPATH\Router\RouteCollection.php(1026): trigger_error('Passing lowercase HTTP method "get" is deprecated. Use uppercase HTTP method like "GET".', 16384)
 2 APPPATH\Config\Routes.php(28): CodeIgniter\Router\RouteCollection->match([...], 'authenticate', 'Admin::authenticate')
 3 SYSTEMPATH\Router\RouteCollection.php(799): CodeIgniter\Router\RouteCollection->{closure}(Object(CodeIgniter\Router\RouteCollection))
 4 APPPATH\Config\Routes.php(25): CodeIgniter\Router\RouteCollection->group('admin', [...], Object(Closure))
 5 SYSTEMPATH\Router\RouteCollection.php(339): require('C:\\xampp\\htdocs\\myfoodblog\\app\\Config\\Routes.php')
 6 SYSTEMPATH\CodeIgniter.php(818): CodeIgniter\Router\RouteCollection->loadRoutes()
 7 SYSTEMPATH\CodeIgniter.php(441): CodeIgniter\CodeIgniter->tryToRouteIt(null)
 8 SYSTEMPATH\CodeIgniter.php(340): CodeIgniter\CodeIgniter->handleRequest(null, Object(Config\Cache), false)
 9 SYSTEMPATH\Boot.php(417): CodeIgniter\CodeIgniter->run()
10 SYSTEMPATH\Boot.php(68): CodeIgniter\Boot::runCodeIgniter(Object(CodeIgniter\CodeIgniter))
11 FCPATH\index.php(59): CodeIgniter\Boot::bootWeb(Object(Config\Paths))
WARNING - 2026-06-29 05:04:21 --> [DEPRECATED] Passing lowercase HTTP method "post" is deprecated. Use uppercase HTTP method like "POST". in SYSTEMPATH\Router\RouteCollection.php on line 1026.
 1 SYSTEMPATH\Router\RouteCollection.php(1026): trigger_error('Passing lowercase HTTP method "post" is deprecated. Use uppercase HTTP method like "POST".', 16384)
 2 APPPATH\Config\Routes.php(28): CodeIgniter\Router\RouteCollection->match([...], 'authenticate', 'Admin::authenticate')
 3 SYSTEMPATH\Router\RouteCollection.php(799): CodeIgniter\Router\RouteCollection->{closure}(Object(CodeIgniter\Router\RouteCollection))
 4 APPPATH\Config\Routes.php(25): CodeIgniter\Router\RouteCollection->group('admin', [...], Object(Closure))
 5 SYSTEMPATH\Router\RouteCollection.php(339): require('C:\\xampp\\htdocs\\myfoodblog\\app\\Config\\Routes.php')
 6 SYSTEMPATH\CodeIgniter.php(818): CodeIgniter\Router\RouteCollection->loadRoutes()
 7 SYSTEMPATH\CodeIgniter.php(441): CodeIgniter\CodeIgniter->tryToRouteIt(null)
 8 SYSTEMPATH\CodeIgniter.php(340): CodeIgniter\CodeIgniter->handleRequest(null, Object(Config\Cache), false)
 9 SYSTEMPATH\Boot.php(417): CodeIgniter\CodeIgniter->run()
10 SYSTEMPATH\Boot.php(68): CodeIgniter\Boot::runCodeIgniter(Object(CodeIgniter\CodeIgniter))
11 FCPATH\index.php(59): CodeIgniter\Boot::bootWeb(Object(Config\Paths))
DEBUG - 2026-06-29 05:04:21 --> Session: Class initialized using 'CodeIgniter\Session\Handlers\FileHandler' driver.
WARNING - 2026-06-29 05:04:22 --> [DEPRECATED] Passing lowercase HTTP method "get" is deprecated. Use uppercase HTTP method like "GET". in SYSTEMPATH\Router\RouteCollection.php on line 1026.
 1 SYSTEMPATH\Router\RouteCollection.php(1026): trigger_error('Passing lowercase HTTP method "get" is deprecated. Use uppercase HTTP method like "GET".', 16384)
 2 APPPATH\Config\Routes.php(28): CodeIgniter\Router\RouteCollection->match([...], 'authenticate', 'Admin::authenticate')
 3 SYSTEMPATH\Router\RouteCollection.php(799): CodeIgniter\Router\RouteCollection->{closure}(Object(CodeIgniter\Router\RouteCollection))
 4 APPPATH\Config\Routes.php(25): CodeIgniter\Router\RouteCollection->group('admin', [...], Object(Closure))
 5 SYSTEMPATH\Router\RouteCollection.php(339): require('C:\\xampp\\htdocs\\myfoodblog\\app\\Config\\Routes.php')
 6 SYSTEMPATH\CodeIgniter.php(818): CodeIgniter\Router\RouteCollection->loadRoutes()
 7 SYSTEMPATH\CodeIgniter.php(441): CodeIgniter\CodeIgniter->tryToRouteIt(null)
 8 SYSTEMPATH\CodeIgniter.php(340): CodeIgniter\CodeIgniter->handleRequest(null, Object(Config\Cache), false)
 9 SYSTEMPATH\Boot.php(417): CodeIgniter\CodeIgniter->run()
10 SYSTEMPATH\Boot.php(68): CodeIgniter\Boot::runCodeIgniter(Object(CodeIgniter\CodeIgniter))
11 FCPATH\index.php(59): CodeIgniter\Boot::bootWeb(Object(Config\Paths))
WARNING - 2026-06-29 05:04:22 --> [DEPRECATED] Passing lowercase HTTP method "post" is deprecated. Use uppercase HTTP method like "POST". in SYSTEMPATH\Router\RouteCollection.php on line 1026.
 1 SYSTEMPATH\Router\RouteCollection.php(1026): trigger_error('Passing lowercase HTTP method "post" is deprecated. Use uppercase HTTP method like "POST".', 16384)
 2 APPPATH\Config\Routes.php(28): CodeIgniter\Router\RouteCollection->match([...], 'authenticate', 'Admin::authenticate')
 3 SYSTEMPATH\Router\RouteCollection.php(799): CodeIgniter\Router\RouteCollection->{closure}(Object(CodeIgniter\Router\RouteCollection))
 4 APPPATH\Config\Routes.php(25): CodeIgniter\Router\RouteCollection->group('admin', [...], Object(Closure))
 5 SYSTEMPATH\Router\RouteCollection.php(339): require('C:\\xampp\\htdocs\\myfoodblog\\app\\Config\\Routes.php')
 6 SYSTEMPATH\CodeIgniter.php(818): CodeIgniter\Router\RouteCollection->loadRoutes()
 7 SYSTEMPATH\CodeIgniter.php(441): CodeIgniter\CodeIgniter->tryToRouteIt(null)
 8 SYSTEMPATH\CodeIgniter.php(340): CodeIgniter\CodeIgniter->handleRequest(null, Object(Config\Cache), false)
 9 SYSTEMPATH\Boot.php(417): CodeIgniter\CodeIgniter->run()
10 SYSTEMPATH\Boot.php(68): CodeIgniter\Boot::runCodeIgniter(Object(CodeIgniter\CodeIgniter))
11 FCPATH\index.php(59): CodeIgniter\Boot::bootWeb(Object(Config\Paths))
DEBUG - 2026-06-29 05:04:22 --> Session: Class initialized using 'CodeIgniter\Session\Handlers\FileHandler' driver.
WARNING - 2026-06-29 05:04:22 --> [DEPRECATED] Passing lowercase HTTP method "get" is deprecated. Use uppercase HTTP method like "GET". in SYSTEMPATH\Router\RouteCollection.php on line 1026.
 1 SYSTEMPATH\Router\RouteCollection.php(1026): trigger_error('Passing lowercase HTTP method "get" is deprecated. Use uppercase HTTP method like "GET".', 16384)
 2 APPPATH\Config\Routes.php(28): CodeIgniter\Router\RouteCollection->match([...], 'authenticate', 'Admin::authenticate')
 3 SYSTEMPATH\Router\RouteCollection.php(799): CodeIgniter\Router\RouteCollection->{closure}(Object(CodeIgniter\Router\RouteCollection))
 4 APPPATH\Config\Routes.php(25): CodeIgniter\Router\RouteCollection->group('admin', [...], Object(Closure))
 5 SYSTEMPATH\Router\RouteCollection.php(339): require('C:\\xampp\\htdocs\\myfoodblog\\app\\Config\\Routes.php')
 6 SYSTEMPATH\CodeIgniter.php(818): CodeIgniter\Router\RouteCollection->loadRoutes()
 7 SYSTEMPATH\CodeIgniter.php(441): CodeIgniter\CodeIgniter->tryToRouteIt(null)
 8 SYSTEMPATH\CodeIgniter.php(340): CodeIgniter\CodeIgniter->handleRequest(null, Object(Config\Cache), false)
 9 SYSTEMPATH\Boot.php(417): CodeIgniter\CodeIgniter->run()
10 SYSTEMPATH\Boot.php(68): CodeIgniter\Boot::runCodeIgniter(Object(CodeIgniter\CodeIgniter))
11 FCPATH\index.php(59): CodeIgniter\Boot::bootWeb(Object(Config\Paths))
WARNING - 2026-06-29 05:04:22 --> [DEPRECATED] Passing lowercase HTTP method "post" is deprecated. Use uppercase HTTP method like "POST". in SYSTEMPATH\Router\RouteCollection.php on line 1026.
 1 SYSTEMPATH\Router\RouteCollection.php(1026): trigger_error('Passing lowercase HTTP method "post" is deprecated. Use uppercase HTTP method like "POST".', 16384)
 2 APPPATH\Config\Routes.php(28): CodeIgniter\Router\RouteCollection->match([...], 'authenticate', 'Admin::authenticate')
 3 SYSTEMPATH\Router\RouteCollection.php(799): CodeIgniter\Router\RouteCollection->{closure}(Object(CodeIgniter\Router\RouteCollection))
 4 APPPATH\Config\Routes.php(25): CodeIgniter\Router\RouteCollection->group('admin', [...], Object(Closure))
 5 SYSTEMPATH\Router\RouteCollection.php(339): require('C:\\xampp\\htdocs\\myfoodblog\\app\\Config\\Routes.php')
 6 SYSTEMPATH\CodeIgniter.php(818): CodeIgniter\Router\RouteCollection->loadRoutes()
 7 SYSTEMPATH\CodeIgniter.php(441): CodeIgniter\CodeIgniter->tryToRouteIt(null)
 8 SYSTEMPATH\CodeIgniter.php(340): CodeIgniter\CodeIgniter->handleRequest(null, Object(Config\Cache), false)
 9 SYSTEMPATH\Boot.php(417): CodeIgniter\CodeIgniter->run()
10 SYSTEMPATH\Boot.php(68): CodeIgniter\Boot::runCodeIgniter(Object(CodeIgniter\CodeIgniter))
11 FCPATH\index.php(59): CodeIgniter\Boot::bootWeb(Object(Config\Paths))
WARNING - 2026-06-29 05:04:22 --> [DEPRECATED] Passing lowercase HTTP method "get" is deprecated. Use uppercase HTTP method like "GET". in SYSTEMPATH\Router\RouteCollection.php on line 1026.
 1 SYSTEMPATH\Router\RouteCollection.php(1026): trigger_error('Passing lowercase HTTP method "get" is deprecated. Use uppercase HTTP method like "GET".', 16384)
 2 APPPATH\Config\Routes.php(28): CodeIgniter\Router\RouteCollection->match([...], 'authenticate', 'Admin::authenticate')
 3 SYSTEMPATH\Router\RouteCollection.php(799): CodeIgniter\Router\RouteCollection->{closure}(Object(CodeIgniter\Router\RouteCollection))
 4 APPPATH\Config\Routes.php(25): CodeIgniter\Router\RouteCollection->group('admin', [...], Object(Closure))
 5 SYSTEMPATH\Router\RouteCollection.php(339): require('C:\\xampp\\htdocs\\myfoodblog\\app\\Config\\Routes.php')
 6 SYSTEMPATH\CodeIgniter.php(818): CodeIgniter\Router\RouteCollection->loadRoutes()
 7 SYSTEMPATH\CodeIgniter.php(441): CodeIgniter\CodeIgniter->tryToRouteIt(null)
 8 SYSTEMPATH\CodeIgniter.php(340): CodeIgniter\CodeIgniter->handleRequest(null, Object(Config\Cache), false)
 9 SYSTEMPATH\Boot.php(417): CodeIgniter\CodeIgniter->run()
10 SYSTEMPATH\Boot.php(68): CodeIgniter\Boot::runCodeIgniter(Object(CodeIgniter\CodeIgniter))
11 FCPATH\index.php(59): CodeIgniter\Boot::bootWeb(Object(Config\Paths))
WARNING - 2026-06-29 05:04:22 --> [DEPRECATED] Passing lowercase HTTP method "post" is deprecated. Use uppercase HTTP method like "POST". in SYSTEMPATH\Router\RouteCollection.php on line 1026.
 1 SYSTEMPATH\Router\RouteCollection.php(1026): trigger_error('Passing lowercase HTTP method "post" is deprecated. Use uppercase HTTP method like "POST".', 16384)
 2 APPPATH\Config\Routes.php(28): CodeIgniter\Router\RouteCollection->match([...], 'authenticate', 'Admin::authenticate')
 3 SYSTEMPATH\Router\RouteCollection.php(799): CodeIgniter\Router\RouteCollection->{closure}(Object(CodeIgniter\Router\RouteCollection))
 4 APPPATH\Config\Routes.php(25): CodeIgniter\Router\RouteCollection->group('admin', [...], Object(Closure))
 5 SYSTEMPATH\Router\RouteCollection.php(339): require('C:\\xampp\\htdocs\\myfoodblog\\app\\Config\\Routes.php')
 6 SYSTEMPATH\CodeIgniter.php(818): CodeIgniter\Router\RouteCollection->loadRoutes()
 7 SYSTEMPATH\CodeIgniter.php(441): CodeIgniter\CodeIgniter->tryToRouteIt(null)
 8 SYSTEMPATH\CodeIgniter.php(340): CodeIgniter\CodeIgniter->handleRequest(null, Object(Config\Cache), false)
 9 SYSTEMPATH\Boot.php(417): CodeIgniter\CodeIgniter->run()
10 SYSTEMPATH\Boot.php(68): CodeIgniter\Boot::runCodeIgniter(Object(CodeIgniter\CodeIgniter))
11 FCPATH\index.php(59): CodeIgniter\Boot::bootWeb(Object(Config\Paths))
WARNING - 2026-06-29 05:04:29 --> [DEPRECATED] Passing lowercase HTTP method "get" is deprecated. Use uppercase HTTP method like "GET". in SYSTEMPATH\Router\RouteCollection.php on line 1026.
 1 SYSTEMPATH\Router\RouteCollection.php(1026): trigger_error('Passing lowercase HTTP method "get" is deprecated. Use uppercase HTTP method like "GET".', 16384)
 2 APPPATH\Config\Routes.php(28): CodeIgniter\Router\RouteCollection->match([...], 'authenticate', 'Admin::authenticate')
 3 SYSTEMPATH\Router\RouteCollection.php(799): CodeIgniter\Router\RouteCollection->{closure}(Object(CodeIgniter\Router\RouteCollection))
 4 APPPATH\Config\Routes.php(25): CodeIgniter\Router\RouteCollection->group('admin', [...], Object(Closure))
 5 SYSTEMPATH\Router\RouteCollection.php(339): require('C:\\xampp\\htdocs\\myfoodblog\\app\\Config\\Routes.php')
 6 SYSTEMPATH\CodeIgniter.php(818): CodeIgniter\Router\RouteCollection->loadRoutes()
 7 SYSTEMPATH\CodeIgniter.php(441): CodeIgniter\CodeIgniter->tryToRouteIt(null)
 8 SYSTEMPATH\CodeIgniter.php(340): CodeIgniter\CodeIgniter->handleRequest(null, Object(Config\Cache), false)
 9 SYSTEMPATH\Boot.php(417): CodeIgniter\CodeIgniter->run()
10 SYSTEMPATH\Boot.php(68): CodeIgniter\Boot::runCodeIgniter(Object(CodeIgniter\CodeIgniter))
11 FCPATH\index.php(59): CodeIgniter\Boot::bootWeb(Object(Config\Paths))
WARNING - 2026-06-29 05:04:29 --> [DEPRECATED] Passing lowercase HTTP method "post" is deprecated. Use uppercase HTTP method like "POST". in SYSTEMPATH\Router\RouteCollection.php on line 1026.
 1 SYSTEMPATH\Router\RouteCollection.php(1026): trigger_error('Passing lowercase HTTP method "post" is deprecated. Use uppercase HTTP method like "POST".', 16384)
 2 APPPATH\Config\Routes.php(28): CodeIgniter\Router\RouteCollection->match([...], 'authenticate', 'Admin::authenticate')
 3 SYSTEMPATH\Router\RouteCollection.php(799): CodeIgniter\Router\RouteCollection->{closure}(Object(CodeIgniter\Router\RouteCollection))
 4 APPPATH\Config\Routes.php(25): CodeIgniter\Router\RouteCollection->group('admin', [...], Object(Closure))
 5 SYSTEMPATH\Router\RouteCollection.php(339): require('C:\\xampp\\htdocs\\myfoodblog\\app\\Config\\Routes.php')
 6 SYSTEMPATH\CodeIgniter.php(818): CodeIgniter\Router\RouteCollection->loadRoutes()
 7 SYSTEMPATH\CodeIgniter.php(441): CodeIgniter\CodeIgniter->tryToRouteIt(null)
 8 SYSTEMPATH\CodeIgniter.php(340): CodeIgniter\CodeIgniter->handleRequest(null, Object(Config\Cache), false)
 9 SYSTEMPATH\Boot.php(417): CodeIgniter\CodeIgniter->run()
10 SYSTEMPATH\Boot.php(68): CodeIgniter\Boot::runCodeIgniter(Object(CodeIgniter\CodeIgniter))
11 FCPATH\index.php(59): CodeIgniter\Boot::bootWeb(Object(Config\Paths))
DEBUG - 2026-06-29 05:04:29 --> Session: Class initialized using 'CodeIgniter\Session\Handlers\FileHandler' driver.
WARNING - 2026-06-29 05:04:29 --> [DEPRECATED] Passing lowercase HTTP method "get" is deprecated. Use uppercase HTTP method like "GET". in SYSTEMPATH\Router\RouteCollection.php on line 1026.
 1 SYSTEMPATH\Router\RouteCollection.php(1026): trigger_error('Passing lowercase HTTP method "get" is deprecated. Use uppercase HTTP method like "GET".', 16384)
 2 APPPATH\Config\Routes.php(28): CodeIgniter\Router\RouteCollection->match([...], 'authenticate', 'Admin::authenticate')
 3 SYSTEMPATH\Router\RouteCollection.php(799): CodeIgniter\Router\RouteCollection->{closure}(Object(CodeIgniter\Router\RouteCollection))
 4 APPPATH\Config\Routes.php(25): CodeIgniter\Router\RouteCollection->group('admin', [...], Object(Closure))
 5 SYSTEMPATH\Router\RouteCollection.php(339): require('C:\\xampp\\htdocs\\myfoodblog\\app\\Config\\Routes.php')
 6 SYSTEMPATH\CodeIgniter.php(818): CodeIgniter\Router\RouteCollection->loadRoutes()
 7 SYSTEMPATH\CodeIgniter.php(441): CodeIgniter\CodeIgniter->tryToRouteIt(null)
 8 SYSTEMPATH\CodeIgniter.php(340): CodeIgniter\CodeIgniter->handleRequest(null, Object(Config\Cache), false)
 9 SYSTEMPATH\Boot.php(417): CodeIgniter\CodeIgniter->run()
10 SYSTEMPATH\Boot.php(68): CodeIgniter\Boot::runCodeIgniter(Object(CodeIgniter\CodeIgniter))
11 FCPATH\index.php(59): CodeIgniter\Boot::bootWeb(Object(Config\Paths))
WARNING - 2026-06-29 05:04:29 --> [DEPRECATED] Passing lowercase HTTP method "post" is deprecated. Use uppercase HTTP method like "POST". in SYSTEMPATH\Router\RouteCollection.php on line 1026.
 1 SYSTEMPATH\Router\RouteCollection.php(1026): trigger_error('Passing lowercase HTTP method "post" is deprecated. Use uppercase HTTP method like "POST".', 16384)
 2 APPPATH\Config\Routes.php(28): CodeIgniter\Router\RouteCollection->match([...], 'authenticate', 'Admin::authenticate')
 3 SYSTEMPATH\Router\RouteCollection.php(799): CodeIgniter\Router\RouteCollection->{closure}(Object(CodeIgniter\Router\RouteCollection))
 4 APPPATH\Config\Routes.php(25): CodeIgniter\Router\RouteCollection->group('admin', [...], Object(Closure))
 5 SYSTEMPATH\Router\RouteCollection.php(339): require('C:\\xampp\\htdocs\\myfoodblog\\app\\Config\\Routes.php')
 6 SYSTEMPATH\CodeIgniter.php(818): CodeIgniter\Router\RouteCollection->loadRoutes()
 7 SYSTEMPATH\CodeIgniter.php(441): CodeIgniter\CodeIgniter->tryToRouteIt(null)
 8 SYSTEMPATH\CodeIgniter.php(340): CodeIgniter\CodeIgniter->handleRequest(null, Object(Config\Cache), false)
 9 SYSTEMPATH\Boot.php(417): CodeIgniter\CodeIgniter->run()
10 SYSTEMPATH\Boot.php(68): CodeIgniter\Boot::runCodeIgniter(Object(CodeIgniter\CodeIgniter))
11 FCPATH\index.php(59): CodeIgniter\Boot::bootWeb(Object(Config\Paths))
DEBUG - 2026-06-29 05:04:29 --> Session: Class initialized using 'CodeIgniter\Session\Handlers\FileHandler' driver.
WARNING - 2026-06-29 05:04:30 --> [DEPRECATED] Passing lowercase HTTP method "get" is deprecated. Use uppercase HTTP method like "GET". in SYSTEMPATH\Router\RouteCollection.php on line 1026.
 1 SYSTEMPATH\Router\RouteCollection.php(1026): trigger_error('Passing lowercase HTTP method "get" is deprecated. Use uppercase HTTP method like "GET".', 16384)
 2 APPPATH\Config\Routes.php(28): CodeIgniter\Router\RouteCollection->match([...], 'authenticate', 'Admin::authenticate')
 3 SYSTEMPATH\Router\RouteCollection.php(799): CodeIgniter\Router\RouteCollection->{closure}(Object(CodeIgniter\Router\RouteCollection))
 4 APPPATH\Config\Routes.php(25): CodeIgniter\Router\RouteCollection->group('admin', [...], Object(Closure))
 5 SYSTEMPATH\Router\RouteCollection.php(339): require('C:\\xampp\\htdocs\\myfoodblog\\app\\Config\\Routes.php')
 6 SYSTEMPATH\CodeIgniter.php(818): CodeIgniter\Router\RouteCollection->loadRoutes()
 7 SYSTEMPATH\CodeIgniter.php(441): CodeIgniter\CodeIgniter->tryToRouteIt(null)
 8 SYSTEMPATH\CodeIgniter.php(340): CodeIgniter\CodeIgniter->handleRequest(null, Object(Config\Cache), false)
 9 SYSTEMPATH\Boot.php(417): CodeIgniter\CodeIgniter->run()
10 SYSTEMPATH\Boot.php(68): CodeIgniter\Boot::runCodeIgniter(Object(CodeIgniter\CodeIgniter))
11 FCPATH\index.php(59): CodeIgniter\Boot::bootWeb(Object(Config\Paths))
WARNING - 2026-06-29 05:04:30 --> [DEPRECATED] Passing lowercase HTTP method "post" is deprecated. Use uppercase HTTP method like "POST". in SYSTEMPATH\Router\RouteCollection.php on line 1026.
 1 SYSTEMPATH\Router\RouteCollection.php(1026): trigger_error('Passing lowercase HTTP method "post" is deprecated. Use uppercase HTTP method like "POST".', 16384)
 2 APPPATH\Config\Routes.php(28): CodeIgniter\Router\RouteCollection->match([...], 'authenticate', 'Admin::authenticate')
 3 SYSTEMPATH\Router\RouteCollection.php(799): CodeIgniter\Router\RouteCollection->{closure}(Object(CodeIgniter\Router\RouteCollection))
 4 APPPATH\Config\Routes.php(25): CodeIgniter\Router\RouteCollection->group('admin', [...], Object(Closure))
 5 SYSTEMPATH\Router\RouteCollection.php(339): require('C:\\xampp\\htdocs\\myfoodblog\\app\\Config\\Routes.php')
 6 SYSTEMPATH\CodeIgniter.php(818): CodeIgniter\Router\RouteCollection->loadRoutes()
 7 SYSTEMPATH\CodeIgniter.php(441): CodeIgniter\CodeIgniter->tryToRouteIt(null)
 8 SYSTEMPATH\CodeIgniter.php(340): CodeIgniter\CodeIgniter->handleRequest(null, Object(Config\Cache), false)
 9 SYSTEMPATH\Boot.php(417): CodeIgniter\CodeIgniter->run()
10 SYSTEMPATH\Boot.php(68): CodeIgniter\Boot::runCodeIgniter(Object(CodeIgniter\CodeIgniter))
11 FCPATH\index.php(59): CodeIgniter\Boot::bootWeb(Object(Config\Paths))
WARNING - 2026-06-29 05:04:30 --> [DEPRECATED] Passing lowercase HTTP method "get" is deprecated. Use uppercase HTTP method like "GET". in SYSTEMPATH\Router\RouteCollection.php on line 1026.
 1 SYSTEMPATH\Router\RouteCollection.php(1026): trigger_error('Passing lowercase HTTP method "get" is deprecated. Use uppercase HTTP method like "GET".', 16384)
 2 APPPATH\Config\Routes.php(28): CodeIgniter\Router\RouteCollection->match([...], 'authenticate', 'Admin::authenticate')
 3 SYSTEMPATH\Router\RouteCollection.php(799): CodeIgniter\Router\RouteCollection->{closure}(Object(CodeIgniter\Router\RouteCollection))
 4 APPPATH\Config\Routes.php(25): CodeIgniter\Router\RouteCollection->group('admin', [...], Object(Closure))
 5 SYSTEMPATH\Router\RouteCollection.php(339): require('C:\\xampp\\htdocs\\myfoodblog\\app\\Config\\Routes.php')
 6 SYSTEMPATH\CodeIgniter.php(818): CodeIgniter\Router\RouteCollection->loadRoutes()
 7 SYSTEMPATH\CodeIgniter.php(441): CodeIgniter\CodeIgniter->tryToRouteIt(null)
 8 SYSTEMPATH\CodeIgniter.php(340): CodeIgniter\CodeIgniter->handleRequest(null, Object(Config\Cache), false)
 9 SYSTEMPATH\Boot.php(417): CodeIgniter\CodeIgniter->run()
10 SYSTEMPATH\Boot.php(68): CodeIgniter\Boot::runCodeIgniter(Object(CodeIgniter\CodeIgniter))
11 FCPATH\index.php(59): CodeIgniter\Boot::bootWeb(Object(Config\Paths))
WARNING - 2026-06-29 05:04:30 --> [DEPRECATED] Passing lowercase HTTP method "post" is deprecated. Use uppercase HTTP method like "POST". in SYSTEMPATH\Router\RouteCollection.php on line 1026.
 1 SYSTEMPATH\Router\RouteCollection.php(1026): trigger_error('Passing lowercase HTTP method "post" is deprecated. Use uppercase HTTP method like "POST".', 16384)
 2 APPPATH\Config\Routes.php(28): CodeIgniter\Router\RouteCollection->match([...], 'authenticate', 'Admin::authenticate')
 3 SYSTEMPATH\Router\RouteCollection.php(799): CodeIgniter\Router\RouteCollection->{closure}(Object(CodeIgniter\Router\RouteCollection))
 4 APPPATH\Config\Routes.php(25): CodeIgniter\Router\RouteCollection->group('admin', [...], Object(Closure))
 5 SYSTEMPATH\Router\RouteCollection.php(339): require('C:\\xampp\\htdocs\\myfoodblog\\app\\Config\\Routes.php')
 6 SYSTEMPATH\CodeIgniter.php(818): CodeIgniter\Router\RouteCollection->loadRoutes()
 7 SYSTEMPATH\CodeIgniter.php(441): CodeIgniter\CodeIgniter->tryToRouteIt(null)
 8 SYSTEMPATH\CodeIgniter.php(340): CodeIgniter\CodeIgniter->handleRequest(null, Object(Config\Cache), false)
 9 SYSTEMPATH\Boot.php(417): CodeIgniter\CodeIgniter->run()
10 SYSTEMPATH\Boot.php(68): CodeIgniter\Boot::runCodeIgniter(Object(CodeIgniter\CodeIgniter))
11 FCPATH\index.php(59): CodeIgniter\Boot::bootWeb(Object(Config\Paths))
WARNING - 2026-06-29 05:04:38 --> [DEPRECATED] Passing lowercase HTTP method "get" is deprecated. Use uppercase HTTP method like "GET". in SYSTEMPATH\Router\RouteCollection.php on line 1026.
 1 SYSTEMPATH\Router\RouteCollection.php(1026): trigger_error('Passing lowercase HTTP method "get" is deprecated. Use uppercase HTTP method like "GET".', 16384)
 2 APPPATH\Config\Routes.php(28): CodeIgniter\Router\RouteCollection->match([...], 'authenticate', 'Admin::authenticate')
 3 SYSTEMPATH\Router\RouteCollection.php(799): CodeIgniter\Router\RouteCollection->{closure}(Object(CodeIgniter\Router\RouteCollection))
 4 APPPATH\Config\Routes.php(25): CodeIgniter\Router\RouteCollection->group('admin', [...], Object(Closure))
 5 SYSTEMPATH\Router\RouteCollection.php(339): require('C:\\xampp\\htdocs\\myfoodblog\\app\\Config\\Routes.php')
 6 SYSTEMPATH\CodeIgniter.php(818): CodeIgniter\Router\RouteCollection->loadRoutes()
 7 SYSTEMPATH\CodeIgniter.php(441): CodeIgniter\CodeIgniter->tryToRouteIt(null)
 8 SYSTEMPATH\CodeIgniter.php(340): CodeIgniter\CodeIgniter->handleRequest(null, Object(Config\Cache), false)
 9 SYSTEMPATH\Boot.php(417): CodeIgniter\CodeIgniter->run()
10 SYSTEMPATH\Boot.php(68): CodeIgniter\Boot::runCodeIgniter(Object(CodeIgniter\CodeIgniter))
11 FCPATH\index.php(59): CodeIgniter\Boot::bootWeb(Object(Config\Paths))
WARNING - 2026-06-29 05:04:38 --> [DEPRECATED] Passing lowercase HTTP method "post" is deprecated. Use uppercase HTTP method like "POST". in SYSTEMPATH\Router\RouteCollection.php on line 1026.
 1 SYSTEMPATH\Router\RouteCollection.php(1026): trigger_error('Passing lowercase HTTP method "post" is deprecated. Use uppercase HTTP method like "POST".', 16384)
 2 APPPATH\Config\Routes.php(28): CodeIgniter\Router\RouteCollection->match([...], 'authenticate', 'Admin::authenticate')
 3 SYSTEMPATH\Router\RouteCollection.php(799): CodeIgniter\Router\RouteCollection->{closure}(Object(CodeIgniter\Router\RouteCollection))
 4 APPPATH\Config\Routes.php(25): CodeIgniter\Router\RouteCollection->group('admin', [...], Object(Closure))
 5 SYSTEMPATH\Router\RouteCollection.php(339): require('C:\\xampp\\htdocs\\myfoodblog\\app\\Config\\Routes.php')
 6 SYSTEMPATH\CodeIgniter.php(818): CodeIgniter\Router\RouteCollection->loadRoutes()
 7 SYSTEMPATH\CodeIgniter.php(441): CodeIgniter\CodeIgniter->tryToRouteIt(null)
 8 SYSTEMPATH\CodeIgniter.php(340): CodeIgniter\CodeIgniter->handleRequest(null, Object(Config\Cache), false)
 9 SYSTEMPATH\Boot.php(417): CodeIgniter\CodeIgniter->run()
10 SYSTEMPATH\Boot.php(68): CodeIgniter\Boot::runCodeIgniter(Object(CodeIgniter\CodeIgniter))
11 FCPATH\index.php(59): CodeIgniter\Boot::bootWeb(Object(Config\Paths))
DEBUG - 2026-06-29 05:04:38 --> Session: Class initialized using 'CodeIgniter\Session\Handlers\FileHandler' driver.
WARNING - 2026-06-29 05:04:38 --> [DEPRECATED] Passing lowercase HTTP method "get" is deprecated. Use uppercase HTTP method like "GET". in SYSTEMPATH\Router\RouteCollection.php on line 1026.
 1 SYSTEMPATH\Router\RouteCollection.php(1026): trigger_error('Passing lowercase HTTP method "get" is deprecated. Use uppercase HTTP method like "GET".', 16384)
 2 APPPATH\Config\Routes.php(28): CodeIgniter\Router\RouteCollection->match([...], 'authenticate', 'Admin::authenticate')
 3 SYSTEMPATH\Router\RouteCollection.php(799): CodeIgniter\Router\RouteCollection->{closure}(Object(CodeIgniter\Router\RouteCollection))
 4 APPPATH\Config\Routes.php(25): CodeIgniter\Router\RouteCollection->group('admin', [...], Object(Closure))
 5 SYSTEMPATH\Router\RouteCollection.php(339): require('C:\\xampp\\htdocs\\myfoodblog\\app\\Config\\Routes.php')
 6 SYSTEMPATH\CodeIgniter.php(818): CodeIgniter\Router\RouteCollection->loadRoutes()
 7 SYSTEMPATH\CodeIgniter.php(441): CodeIgniter\CodeIgniter->tryToRouteIt(null)
 8 SYSTEMPATH\CodeIgniter.php(340): CodeIgniter\CodeIgniter->handleRequest(null, Object(Config\Cache), false)
 9 SYSTEMPATH\Boot.php(417): CodeIgniter\CodeIgniter->run()
10 SYSTEMPATH\Boot.php(68): CodeIgniter\Boot::runCodeIgniter(Object(CodeIgniter\CodeIgniter))
11 FCPATH\index.php(59): CodeIgniter\Boot::bootWeb(Object(Config\Paths))
WARNING - 2026-06-29 05:04:38 --> [DEPRECATED] Passing lowercase HTTP method "post" is deprecated. Use uppercase HTTP method like "POST". in SYSTEMPATH\Router\RouteCollection.php on line 1026.
 1 SYSTEMPATH\Router\RouteCollection.php(1026): trigger_error('Passing lowercase HTTP method "post" is deprecated. Use uppercase HTTP method like "POST".', 16384)
 2 APPPATH\Config\Routes.php(28): CodeIgniter\Router\RouteCollection->match([...], 'authenticate', 'Admin::authenticate')
 3 SYSTEMPATH\Router\RouteCollection.php(799): CodeIgniter\Router\RouteCollection->{closure}(Object(CodeIgniter\Router\RouteCollection))
 4 APPPATH\Config\Routes.php(25): CodeIgniter\Router\RouteCollection->group('admin', [...], Object(Closure))
 5 SYSTEMPATH\Router\RouteCollection.php(339): require('C:\\xampp\\htdocs\\myfoodblog\\app\\Config\\Routes.php')
 6 SYSTEMPATH\CodeIgniter.php(818): CodeIgniter\Router\RouteCollection->loadRoutes()
 7 SYSTEMPATH\CodeIgniter.php(441): CodeIgniter\CodeIgniter->tryToRouteIt(null)
 8 SYSTEMPATH\CodeIgniter.php(340): CodeIgniter\CodeIgniter->handleRequest(null, Object(Config\Cache), false)
 9 SYSTEMPATH\Boot.php(417): CodeIgniter\CodeIgniter->run()
10 SYSTEMPATH\Boot.php(68): CodeIgniter\Boot::runCodeIgniter(Object(CodeIgniter\CodeIgniter))
11 FCPATH\index.php(59): CodeIgniter\Boot::bootWeb(Object(Config\Paths))
WARNING - 2026-06-29 05:04:38 --> [DEPRECATED] Passing lowercase HTTP method "get" is deprecated. Use uppercase HTTP method like "GET". in SYSTEMPATH\Router\RouteCollection.php on line 1026.
 1 SYSTEMPATH\Router\RouteCollection.php(1026): trigger_error('Passing lowercase HTTP method "get" is deprecated. Use uppercase HTTP method like "GET".', 16384)
 2 APPPATH\Config\Routes.php(28): CodeIgniter\Router\RouteCollection->match([...], 'authenticate', 'Admin::authenticate')
 3 SYSTEMPATH\Router\RouteCollection.php(799): CodeIgniter\Router\RouteCollection->{closure}(Object(CodeIgniter\Router\RouteCollection))
 4 APPPATH\Config\Routes.php(25): CodeIgniter\Router\RouteCollection->group('admin', [...], Object(Closure))
 5 SYSTEMPATH\Router\RouteCollection.php(339): require('C:\\xampp\\htdocs\\myfoodblog\\app\\Config\\Routes.php')
 6 SYSTEMPATH\CodeIgniter.php(818): CodeIgniter\Router\RouteCollection->loadRoutes()
 7 SYSTEMPATH\CodeIgniter.php(441): CodeIgniter\CodeIgniter->tryToRouteIt(null)
 8 SYSTEMPATH\CodeIgniter.php(340): CodeIgniter\CodeIgniter->handleRequest(null, Object(Config\Cache), false)
 9 SYSTEMPATH\Boot.php(417): CodeIgniter\CodeIgniter->run()
10 SYSTEMPATH\Boot.php(68): CodeIgniter\Boot::runCodeIgniter(Object(CodeIgniter\CodeIgniter))
11 FCPATH\index.php(59): CodeIgniter\Boot::bootWeb(Object(Config\Paths))
WARNING - 2026-06-29 05:04:38 --> [DEPRECATED] Passing lowercase HTTP method "post" is deprecated. Use uppercase HTTP method like "POST". in SYSTEMPATH\Router\RouteCollection.php on line 1026.
 1 SYSTEMPATH\Router\RouteCollection.php(1026): trigger_error('Passing lowercase HTTP method "post" is deprecated. Use uppercase HTTP method like "POST".', 16384)
 2 APPPATH\Config\Routes.php(28): CodeIgniter\Router\RouteCollection->match([...], 'authenticate', 'Admin::authenticate')
 3 SYSTEMPATH\Router\RouteCollection.php(799): CodeIgniter\Router\RouteCollection->{closure}(Object(CodeIgniter\Router\RouteCollection))
 4 APPPATH\Config\Routes.php(25): CodeIgniter\Router\RouteCollection->group('admin', [...], Object(Closure))
 5 SYSTEMPATH\Router\RouteCollection.php(339): require('C:\\xampp\\htdocs\\myfoodblog\\app\\Config\\Routes.php')
 6 SYSTEMPATH\CodeIgniter.php(818): CodeIgniter\Router\RouteCollection->loadRoutes()
 7 SYSTEMPATH\CodeIgniter.php(441): CodeIgniter\CodeIgniter->tryToRouteIt(null)
 8 SYSTEMPATH\CodeIgniter.php(340): CodeIgniter\CodeIgniter->handleRequest(null, Object(Config\Cache), false)
 9 SYSTEMPATH\Boot.php(417): CodeIgniter\CodeIgniter->run()
10 SYSTEMPATH\Boot.php(68): CodeIgniter\Boot::runCodeIgniter(Object(CodeIgniter\CodeIgniter))
11 FCPATH\index.php(59): CodeIgniter\Boot::bootWeb(Object(Config\Paths))
WARNING - 2026-06-29 05:04:41 --> [DEPRECATED] Passing lowercase HTTP method "get" is deprecated. Use uppercase HTTP method like "GET". in SYSTEMPATH\Router\RouteCollection.php on line 1026.
 1 SYSTEMPATH\Router\RouteCollection.php(1026): trigger_error('Passing lowercase HTTP method "get" is deprecated. Use uppercase HTTP method like "GET".', 16384)
 2 APPPATH\Config\Routes.php(28): CodeIgniter\Router\RouteCollection->match([...], 'authenticate', 'Admin::authenticate')
 3 SYSTEMPATH\Router\RouteCollection.php(799): CodeIgniter\Router\RouteCollection->{closure}(Object(CodeIgniter\Router\RouteCollection))
 4 APPPATH\Config\Routes.php(25): CodeIgniter\Router\RouteCollection->group('admin', [...], Object(Closure))
 5 SYSTEMPATH\Router\RouteCollection.php(339): require('C:\\xampp\\htdocs\\myfoodblog\\app\\Config\\Routes.php')
 6 SYSTEMPATH\CodeIgniter.php(818): CodeIgniter\Router\RouteCollection->loadRoutes()
 7 SYSTEMPATH\CodeIgniter.php(441): CodeIgniter\CodeIgniter->tryToRouteIt(null)
 8 SYSTEMPATH\CodeIgniter.php(340): CodeIgniter\CodeIgniter->handleRequest(null, Object(Config\Cache), false)
 9 SYSTEMPATH\Boot.php(417): CodeIgniter\CodeIgniter->run()
10 SYSTEMPATH\Boot.php(68): CodeIgniter\Boot::runCodeIgniter(Object(CodeIgniter\CodeIgniter))
11 FCPATH\index.php(59): CodeIgniter\Boot::bootWeb(Object(Config\Paths))
WARNING - 2026-06-29 05:04:41 --> [DEPRECATED] Passing lowercase HTTP method "post" is deprecated. Use uppercase HTTP method like "POST". in SYSTEMPATH\Router\RouteCollection.php on line 1026.
 1 SYSTEMPATH\Router\RouteCollection.php(1026): trigger_error('Passing lowercase HTTP method "post" is deprecated. Use uppercase HTTP method like "POST".', 16384)
 2 APPPATH\Config\Routes.php(28): CodeIgniter\Router\RouteCollection->match([...], 'authenticate', 'Admin::authenticate')
 3 SYSTEMPATH\Router\RouteCollection.php(799): CodeIgniter\Router\RouteCollection->{closure}(Object(CodeIgniter\Router\RouteCollection))
 4 APPPATH\Config\Routes.php(25): CodeIgniter\Router\RouteCollection->group('admin', [...], Object(Closure))
 5 SYSTEMPATH\Router\RouteCollection.php(339): require('C:\\xampp\\htdocs\\myfoodblog\\app\\Config\\Routes.php')
 6 SYSTEMPATH\CodeIgniter.php(818): CodeIgniter\Router\RouteCollection->loadRoutes()
 7 SYSTEMPATH\CodeIgniter.php(441): CodeIgniter\CodeIgniter->tryToRouteIt(null)
 8 SYSTEMPATH\CodeIgniter.php(340): CodeIgniter\CodeIgniter->handleRequest(null, Object(Config\Cache), false)
 9 SYSTEMPATH\Boot.php(417): CodeIgniter\CodeIgniter->run()
10 SYSTEMPATH\Boot.php(68): CodeIgniter\Boot::runCodeIgniter(Object(CodeIgniter\CodeIgniter))
11 FCPATH\index.php(59): CodeIgniter\Boot::bootWeb(Object(Config\Paths))
WARNING - 2026-06-29 05:04:55 --> [DEPRECATED] Passing lowercase HTTP method "get" is deprecated. Use uppercase HTTP method like "GET". in SYSTEMPATH\Router\RouteCollection.php on line 1026.
 1 SYSTEMPATH\Router\RouteCollection.php(1026): trigger_error('Passing lowercase HTTP method "get" is deprecated. Use uppercase HTTP method like "GET".', 16384)
 2 APPPATH\Config\Routes.php(28): CodeIgniter\Router\RouteCollection->match([...], 'authenticate', 'Admin::authenticate')
 3 SYSTEMPATH\Router\RouteCollection.php(799): CodeIgniter\Router\RouteCollection->{closure}(Object(CodeIgniter\Router\RouteCollection))
 4 APPPATH\Config\Routes.php(25): CodeIgniter\Router\RouteCollection->group('admin', [...], Object(Closure))
 5 SYSTEMPATH\Router\RouteCollection.php(339): require('C:\\xampp\\htdocs\\myfoodblog\\app\\Config\\Routes.php')
 6 SYSTEMPATH\CodeIgniter.php(818): CodeIgniter\Router\RouteCollection->loadRoutes()
 7 SYSTEMPATH\CodeIgniter.php(441): CodeIgniter\CodeIgniter->tryToRouteIt(null)
 8 SYSTEMPATH\CodeIgniter.php(340): CodeIgniter\CodeIgniter->handleRequest(null, Object(Config\Cache), false)
 9 SYSTEMPATH\Boot.php(417): CodeIgniter\CodeIgniter->run()
10 SYSTEMPATH\Boot.php(68): CodeIgniter\Boot::runCodeIgniter(Object(CodeIgniter\CodeIgniter))
11 FCPATH\index.php(59): CodeIgniter\Boot::bootWeb(Object(Config\Paths))
WARNING - 2026-06-29 05:04:55 --> [DEPRECATED] Passing lowercase HTTP method "post" is deprecated. Use uppercase HTTP method like "POST". in SYSTEMPATH\Router\RouteCollection.php on line 1026.
 1 SYSTEMPATH\Router\RouteCollection.php(1026): trigger_error('Passing lowercase HTTP method "post" is deprecated. Use uppercase HTTP method like "POST".', 16384)
 2 APPPATH\Config\Routes.php(28): CodeIgniter\Router\RouteCollection->match([...], 'authenticate', 'Admin::authenticate')
 3 SYSTEMPATH\Router\RouteCollection.php(799): CodeIgniter\Router\RouteCollection->{closure}(Object(CodeIgniter\Router\RouteCollection))
 4 APPPATH\Config\Routes.php(25): CodeIgniter\Router\RouteCollection->group('admin', [...], Object(Closure))
 5 SYSTEMPATH\Router\RouteCollection.php(339): require('C:\\xampp\\htdocs\\myfoodblog\\app\\Config\\Routes.php')
 6 SYSTEMPATH\CodeIgniter.php(818): CodeIgniter\Router\RouteCollection->loadRoutes()
 7 SYSTEMPATH\CodeIgniter.php(441): CodeIgniter\CodeIgniter->tryToRouteIt(null)
 8 SYSTEMPATH\CodeIgniter.php(340): CodeIgniter\CodeIgniter->handleRequest(null, Object(Config\Cache), false)
 9 SYSTEMPATH\Boot.php(417): CodeIgniter\CodeIgniter->run()
10 SYSTEMPATH\Boot.php(68): CodeIgniter\Boot::runCodeIgniter(Object(CodeIgniter\CodeIgniter))
11 FCPATH\index.php(59): CodeIgniter\Boot::bootWeb(Object(Config\Paths))
WARNING - 2026-06-29 05:04:59 --> [DEPRECATED] Passing lowercase HTTP method "get" is deprecated. Use uppercase HTTP method like "GET". in SYSTEMPATH\Router\RouteCollection.php on line 1026.
 1 SYSTEMPATH\Router\RouteCollection.php(1026): trigger_error('Passing lowercase HTTP method "get" is deprecated. Use uppercase HTTP method like "GET".', 16384)
 2 APPPATH\Config\Routes.php(28): CodeIgniter\Router\RouteCollection->match([...], 'authenticate', 'Admin::authenticate')
 3 SYSTEMPATH\Router\RouteCollection.php(799): CodeIgniter\Router\RouteCollection->{closure}(Object(CodeIgniter\Router\RouteCollection))
 4 APPPATH\Config\Routes.php(25): CodeIgniter\Router\RouteCollection->group('admin', [...], Object(Closure))
 5 SYSTEMPATH\Router\RouteCollection.php(339): require('C:\\xampp\\htdocs\\myfoodblog\\app\\Config\\Routes.php')
 6 SYSTEMPATH\CodeIgniter.php(818): CodeIgniter\Router\RouteCollection->loadRoutes()
 7 SYSTEMPATH\CodeIgniter.php(441): CodeIgniter\CodeIgniter->tryToRouteIt(null)
 8 SYSTEMPATH\CodeIgniter.php(340): CodeIgniter\CodeIgniter->handleRequest(null, Object(Config\Cache), false)
 9 SYSTEMPATH\Boot.php(417): CodeIgniter\CodeIgniter->run()
10 SYSTEMPATH\Boot.php(68): CodeIgniter\Boot::runCodeIgniter(Object(CodeIgniter\CodeIgniter))
11 FCPATH\index.php(59): CodeIgniter\Boot::bootWeb(Object(Config\Paths))
WARNING - 2026-06-29 05:04:59 --> [DEPRECATED] Passing lowercase HTTP method "post" is deprecated. Use uppercase HTTP method like "POST". in SYSTEMPATH\Router\RouteCollection.php on line 1026.
 1 SYSTEMPATH\Router\RouteCollection.php(1026): trigger_error('Passing lowercase HTTP method "post" is deprecated. Use uppercase HTTP method like "POST".', 16384)
 2 APPPATH\Config\Routes.php(28): CodeIgniter\Router\RouteCollection->match([...], 'authenticate', 'Admin::authenticate')
 3 SYSTEMPATH\Router\RouteCollection.php(799): CodeIgniter\Router\RouteCollection->{closure}(Object(CodeIgniter\Router\RouteCollection))
 4 APPPATH\Config\Routes.php(25): CodeIgniter\Router\RouteCollection->group('admin', [...], Object(Closure))
 5 SYSTEMPATH\Router\RouteCollection.php(339): require('C:\\xampp\\htdocs\\myfoodblog\\app\\Config\\Routes.php')
 6 SYSTEMPATH\CodeIgniter.php(818): CodeIgniter\Router\RouteCollection->loadRoutes()
 7 SYSTEMPATH\CodeIgniter.php(441): CodeIgniter\CodeIgniter->tryToRouteIt(null)
 8 SYSTEMPATH\CodeIgniter.php(340): CodeIgniter\CodeIgniter->handleRequest(null, Object(Config\Cache), false)
 9 SYSTEMPATH\Boot.php(417): CodeIgniter\CodeIgniter->run()
10 SYSTEMPATH\Boot.php(68): CodeIgniter\Boot::runCodeIgniter(Object(CodeIgniter\CodeIgniter))
11 FCPATH\index.php(59): CodeIgniter\Boot::bootWeb(Object(Config\Paths))
DEBUG - 2026-06-29 05:04:59 --> Session: Class initialized using 'CodeIgniter\Session\Handlers\FileHandler' driver.
WARNING - 2026-06-29 05:04:59 --> [DEPRECATED] Passing lowercase HTTP method "get" is deprecated. Use uppercase HTTP method like "GET". in SYSTEMPATH\Router\RouteCollection.php on line 1026.
 1 SYSTEMPATH\Router\RouteCollection.php(1026): trigger_error('Passing lowercase HTTP method "get" is deprecated. Use uppercase HTTP method like "GET".', 16384)
 2 APPPATH\Config\Routes.php(28): CodeIgniter\Router\RouteCollection->match([...], 'authenticate', 'Admin::authenticate')
 3 SYSTEMPATH\Router\RouteCollection.php(799): CodeIgniter\Router\RouteCollection->{closure}(Object(CodeIgniter\Router\RouteCollection))
 4 APPPATH\Config\Routes.php(25): CodeIgniter\Router\RouteCollection->group('admin', [...], Object(Closure))
 5 SYSTEMPATH\Router\RouteCollection.php(339): require('C:\\xampp\\htdocs\\myfoodblog\\app\\Config\\Routes.php')
 6 SYSTEMPATH\CodeIgniter.php(818): CodeIgniter\Router\RouteCollection->loadRoutes()
 7 SYSTEMPATH\CodeIgniter.php(441): CodeIgniter\CodeIgniter->tryToRouteIt(null)
 8 SYSTEMPATH\CodeIgniter.php(340): CodeIgniter\CodeIgniter->handleRequest(null, Object(Config\Cache), false)
 9 SYSTEMPATH\Boot.php(417): CodeIgniter\CodeIgniter->run()
10 SYSTEMPATH\Boot.php(68): CodeIgniter\Boot::runCodeIgniter(Object(CodeIgniter\CodeIgniter))
11 FCPATH\index.php(59): CodeIgniter\Boot::bootWeb(Object(Config\Paths))
WARNING - 2026-06-29 05:04:59 --> [DEPRECATED] Passing lowercase HTTP method "get" is deprecated. Use uppercase HTTP method like "GET". in SYSTEMPATH\Router\RouteCollection.php on line 1026.
 1 SYSTEMPATH\Router\RouteCollection.php(1026): trigger_error('Passing lowercase HTTP method "get" is deprecated. Use uppercase HTTP method like "GET".', 16384)
 2 APPPATH\Config\Routes.php(28): CodeIgniter\Router\RouteCollection->match([...], 'authenticate', 'Admin::authenticate')
 3 SYSTEMPATH\Router\RouteCollection.php(799): CodeIgniter\Router\RouteCollection->{closure}(Object(CodeIgniter\Router\RouteCollection))
 4 APPPATH\Config\Routes.php(25): CodeIgniter\Router\RouteCollection->group('admin', [...], Object(Closure))
 5 SYSTEMPATH\Router\RouteCollection.php(339): require('C:\\xampp\\htdocs\\myfoodblog\\app\\Config\\Routes.php')
 6 SYSTEMPATH\CodeIgniter.php(818): CodeIgniter\Router\RouteCollection->loadRoutes()
 7 SYSTEMPATH\CodeIgniter.php(441): CodeIgniter\CodeIgniter->tryToRouteIt(null)
 8 SYSTEMPATH\CodeIgniter.php(340): CodeIgniter\CodeIgniter->handleRequest(null, Object(Config\Cache), false)
 9 SYSTEMPATH\Boot.php(417): CodeIgniter\CodeIgniter->run()
10 SYSTEMPATH\Boot.php(68): CodeIgniter\Boot::runCodeIgniter(Object(CodeIgniter\CodeIgniter))
11 FCPATH\index.php(59): CodeIgniter\Boot::bootWeb(Object(Config\Paths))
WARNING - 2026-06-29 05:04:59 --> [DEPRECATED] Passing lowercase HTTP method "post" is deprecated. Use uppercase HTTP method like "POST". in SYSTEMPATH\Router\RouteCollection.php on line 1026.
 1 SYSTEMPATH\Router\RouteCollection.php(1026): trigger_error('Passing lowercase HTTP method "post" is deprecated. Use uppercase HTTP method like "POST".', 16384)
 2 APPPATH\Config\Routes.php(28): CodeIgniter\Router\RouteCollection->match([...], 'authenticate', 'Admin::authenticate')
 3 SYSTEMPATH\Router\RouteCollection.php(799): CodeIgniter\Router\RouteCollection->{closure}(Object(CodeIgniter\Router\RouteCollection))
 4 APPPATH\Config\Routes.php(25): CodeIgniter\Router\RouteCollection->group('admin', [...], Object(Closure))
 5 SYSTEMPATH\Router\RouteCollection.php(339): require('C:\\xampp\\htdocs\\myfoodblog\\app\\Config\\Routes.php')
 6 SYSTEMPATH\CodeIgniter.php(818): CodeIgniter\Router\RouteCollection->loadRoutes()
 7 SYSTEMPATH\CodeIgniter.php(441): CodeIgniter\CodeIgniter->tryToRouteIt(null)
 8 SYSTEMPATH\CodeIgniter.php(340): CodeIgniter\CodeIgniter->handleRequest(null, Object(Config\Cache), false)
 9 SYSTEMPATH\Boot.php(417): CodeIgniter\CodeIgniter->run()
10 SYSTEMPATH\Boot.php(68): CodeIgniter\Boot::runCodeIgniter(Object(CodeIgniter\CodeIgniter))
11 FCPATH\index.php(59): CodeIgniter\Boot::bootWeb(Object(Config\Paths))
WARNING - 2026-06-29 05:04:59 --> [DEPRECATED] Passing lowercase HTTP method "post" is deprecated. Use uppercase HTTP method like "POST". in SYSTEMPATH\Router\RouteCollection.php on line 1026.
 1 SYSTEMPATH\Router\RouteCollection.php(1026): trigger_error('Passing lowercase HTTP method "post" is deprecated. Use uppercase HTTP method like "POST".', 16384)
 2 APPPATH\Config\Routes.php(28): CodeIgniter\Router\RouteCollection->match([...], 'authenticate', 'Admin::authenticate')
 3 SYSTEMPATH\Router\RouteCollection.php(799): CodeIgniter\Router\RouteCollection->{closure}(Object(CodeIgniter\Router\RouteCollection))
 4 APPPATH\Config\Routes.php(25): CodeIgniter\Router\RouteCollection->group('admin', [...], Object(Closure))
 5 SYSTEMPATH\Router\RouteCollection.php(339): require('C:\\xampp\\htdocs\\myfoodblog\\app\\Config\\Routes.php')
 6 SYSTEMPATH\CodeIgniter.php(818): CodeIgniter\Router\RouteCollection->loadRoutes()
 7 SYSTEMPATH\CodeIgniter.php(441): CodeIgniter\CodeIgniter->tryToRouteIt(null)
 8 SYSTEMPATH\CodeIgniter.php(340): CodeIgniter\CodeIgniter->handleRequest(null, Object(Config\Cache), false)
 9 SYSTEMPATH\Boot.php(417): CodeIgniter\CodeIgniter->run()
10 SYSTEMPATH\Boot.php(68): CodeIgniter\Boot::runCodeIgniter(Object(CodeIgniter\CodeIgniter))
11 FCPATH\index.php(59): CodeIgniter\Boot::bootWeb(Object(Config\Paths))
WARNING - 2026-06-29 05:05:00 --> [DEPRECATED] Passing lowercase HTTP method "get" is deprecated. Use uppercase HTTP method like "GET". in SYSTEMPATH\Router\RouteCollection.php on line 1026.
 1 SYSTEMPATH\Router\RouteCollection.php(1026): trigger_error('Passing lowercase HTTP method "get" is deprecated. Use uppercase HTTP method like "GET".', 16384)
 2 APPPATH\Config\Routes.php(28): CodeIgniter\Router\RouteCollection->match([...], 'authenticate', 'Admin::authenticate')
 3 SYSTEMPATH\Router\RouteCollection.php(799): CodeIgniter\Router\RouteCollection->{closure}(Object(CodeIgniter\Router\RouteCollection))
 4 APPPATH\Config\Routes.php(25): CodeIgniter\Router\RouteCollection->group('admin', [...], Object(Closure))
 5 SYSTEMPATH\Router\RouteCollection.php(339): require('C:\\xampp\\htdocs\\myfoodblog\\app\\Config\\Routes.php')
 6 SYSTEMPATH\CodeIgniter.php(818): CodeIgniter\Router\RouteCollection->loadRoutes()
 7 SYSTEMPATH\CodeIgniter.php(441): CodeIgniter\CodeIgniter->tryToRouteIt(null)
 8 SYSTEMPATH\CodeIgniter.php(340): CodeIgniter\CodeIgniter->handleRequest(null, Object(Config\Cache), false)
 9 SYSTEMPATH\Boot.php(417): CodeIgniter\CodeIgniter->run()
10 SYSTEMPATH\Boot.php(68): CodeIgniter\Boot::runCodeIgniter(Object(CodeIgniter\CodeIgniter))
11 FCPATH\index.php(59): CodeIgniter\Boot::bootWeb(Object(Config\Paths))
WARNING - 2026-06-29 05:05:00 --> [DEPRECATED] Passing lowercase HTTP method "post" is deprecated. Use uppercase HTTP method like "POST". in SYSTEMPATH\Router\RouteCollection.php on line 1026.
 1 SYSTEMPATH\Router\RouteCollection.php(1026): trigger_error('Passing lowercase HTTP method "post" is deprecated. Use uppercase HTTP method like "POST".', 16384)
 2 APPPATH\Config\Routes.php(28): CodeIgniter\Router\RouteCollection->match([...], 'authenticate', 'Admin::authenticate')
 3 SYSTEMPATH\Router\RouteCollection.php(799): CodeIgniter\Router\RouteCollection->{closure}(Object(CodeIgniter\Router\RouteCollection))
 4 APPPATH\Config\Routes.php(25): CodeIgniter\Router\RouteCollection->group('admin', [...], Object(Closure))
 5 SYSTEMPATH\Router\RouteCollection.php(339): require('C:\\xampp\\htdocs\\myfoodblog\\app\\Config\\Routes.php')
 6 SYSTEMPATH\CodeIgniter.php(818): CodeIgniter\Router\RouteCollection->loadRoutes()
 7 SYSTEMPATH\CodeIgniter.php(441): CodeIgniter\CodeIgniter->tryToRouteIt(null)
 8 SYSTEMPATH\CodeIgniter.php(340): CodeIgniter\CodeIgniter->handleRequest(null, Object(Config\Cache), false)
 9 SYSTEMPATH\Boot.php(417): CodeIgniter\CodeIgniter->run()
10 SYSTEMPATH\Boot.php(68): CodeIgniter\Boot::runCodeIgniter(Object(CodeIgniter\CodeIgniter))
11 FCPATH\index.php(59): CodeIgniter\Boot::bootWeb(Object(Config\Paths))
DEBUG - 2026-06-29 05:05:00 --> Session: Class initialized using 'CodeIgniter\Session\Handlers\FileHandler' driver.
WARNING - 2026-06-29 05:07:02 --> [DEPRECATED] Passing lowercase HTTP method "get" is deprecated. Use uppercase HTTP method like "GET". in SYSTEMPATH\Router\RouteCollection.php on line 1026.
 1 SYSTEMPATH\Router\RouteCollection.php(1026): trigger_error('Passing lowercase HTTP method "get" is deprecated. Use uppercase HTTP method like "GET".', 16384)
 2 APPPATH\Config\Routes.php(28): CodeIgniter\Router\RouteCollection->match([...], 'authenticate', 'Admin::authenticate')
 3 SYSTEMPATH\Router\RouteCollection.php(799): CodeIgniter\Router\RouteCollection->{closure}(Object(CodeIgniter\Router\RouteCollection))
 4 APPPATH\Config\Routes.php(25): CodeIgniter\Router\RouteCollection->group('admin', [...], Object(Closure))
 5 SYSTEMPATH\Router\RouteCollection.php(339): require('C:\\xampp\\htdocs\\myfoodblog\\app\\Config\\Routes.php')
 6 SYSTEMPATH\CodeIgniter.php(818): CodeIgniter\Router\RouteCollection->loadRoutes()
 7 SYSTEMPATH\CodeIgniter.php(441): CodeIgniter\CodeIgniter->tryToRouteIt(null)
 8 SYSTEMPATH\CodeIgniter.php(340): CodeIgniter\CodeIgniter->handleRequest(null, Object(Config\Cache), false)
 9 SYSTEMPATH\Boot.php(417): CodeIgniter\CodeIgniter->run()
10 SYSTEMPATH\Boot.php(68): CodeIgniter\Boot::runCodeIgniter(Object(CodeIgniter\CodeIgniter))
11 FCPATH\index.php(59): CodeIgniter\Boot::bootWeb(Object(Config\Paths))
WARNING - 2026-06-29 05:07:02 --> [DEPRECATED] Passing lowercase HTTP method "post" is deprecated. Use uppercase HTTP method like "POST". in SYSTEMPATH\Router\RouteCollection.php on line 1026.
 1 SYSTEMPATH\Router\RouteCollection.php(1026): trigger_error('Passing lowercase HTTP method "post" is deprecated. Use uppercase HTTP method like "POST".', 16384)
 2 APPPATH\Config\Routes.php(28): CodeIgniter\Router\RouteCollection->match([...], 'authenticate', 'Admin::authenticate')
 3 SYSTEMPATH\Router\RouteCollection.php(799): CodeIgniter\Router\RouteCollection->{closure}(Object(CodeIgniter\Router\RouteCollection))
 4 APPPATH\Config\Routes.php(25): CodeIgniter\Router\RouteCollection->group('admin', [...], Object(Closure))
 5 SYSTEMPATH\Router\RouteCollection.php(339): require('C:\\xampp\\htdocs\\myfoodblog\\app\\Config\\Routes.php')
 6 SYSTEMPATH\CodeIgniter.php(818): CodeIgniter\Router\RouteCollection->loadRoutes()
 7 SYSTEMPATH\CodeIgniter.php(441): CodeIgniter\CodeIgniter->tryToRouteIt(null)
 8 SYSTEMPATH\CodeIgniter.php(340): CodeIgniter\CodeIgniter->handleRequest(null, Object(Config\Cache), false)
 9 SYSTEMPATH\Boot.php(417): CodeIgniter\CodeIgniter->run()
10 SYSTEMPATH\Boot.php(68): CodeIgniter\Boot::runCodeIgniter(Object(CodeIgniter\CodeIgniter))
11 FCPATH\index.php(59): CodeIgniter\Boot::bootWeb(Object(Config\Paths))
DEBUG - 2026-06-29 05:07:02 --> Session: Class initialized using 'CodeIgniter\Session\Handlers\FileHandler' driver.
WARNING - 2026-06-29 05:07:03 --> [DEPRECATED] Passing lowercase HTTP method "get" is deprecated. Use uppercase HTTP method like "GET". in SYSTEMPATH\Router\RouteCollection.php on line 1026.
 1 SYSTEMPATH\Router\RouteCollection.php(1026): trigger_error('Passing lowercase HTTP method "get" is deprecated. Use uppercase HTTP method like "GET".', 16384)
 2 APPPATH\Config\Routes.php(28): CodeIgniter\Router\RouteCollection->match([...], 'authenticate', 'Admin::authenticate')
 3 SYSTEMPATH\Router\RouteCollection.php(799): CodeIgniter\Router\RouteCollection->{closure}(Object(CodeIgniter\Router\RouteCollection))
 4 APPPATH\Config\Routes.php(25): CodeIgniter\Router\RouteCollection->group('admin', [...], Object(Closure))
 5 SYSTEMPATH\Router\RouteCollection.php(339): require('C:\\xampp\\htdocs\\myfoodblog\\app\\Config\\Routes.php')
 6 SYSTEMPATH\CodeIgniter.php(818): CodeIgniter\Router\RouteCollection->loadRoutes()
 7 SYSTEMPATH\CodeIgniter.php(441): CodeIgniter\CodeIgniter->tryToRouteIt(null)
 8 SYSTEMPATH\CodeIgniter.php(340): CodeIgniter\CodeIgniter->handleRequest(null, Object(Config\Cache), false)
 9 SYSTEMPATH\Boot.php(417): CodeIgniter\CodeIgniter->run()
10 SYSTEMPATH\Boot.php(68): CodeIgniter\Boot::runCodeIgniter(Object(CodeIgniter\CodeIgniter))
11 FCPATH\index.php(59): CodeIgniter\Boot::bootWeb(Object(Config\Paths))
WARNING - 2026-06-29 05:07:03 --> [DEPRECATED] Passing lowercase HTTP method "get" is deprecated. Use uppercase HTTP method like "GET". in SYSTEMPATH\Router\RouteCollection.php on line 1026.
 1 SYSTEMPATH\Router\RouteCollection.php(1026): trigger_error('Passing lowercase HTTP method "get" is deprecated. Use uppercase HTTP method like "GET".', 16384)
 2 APPPATH\Config\Routes.php(28): CodeIgniter\Router\RouteCollection->match([...], 'authenticate', 'Admin::authenticate')
 3 SYSTEMPATH\Router\RouteCollection.php(799): CodeIgniter\Router\RouteCollection->{closure}(Object(CodeIgniter\Router\RouteCollection))
 4 APPPATH\Config\Routes.php(25): CodeIgniter\Router\RouteCollection->group('admin', [...], Object(Closure))
 5 SYSTEMPATH\Router\RouteCollection.php(339): require('C:\\xampp\\htdocs\\myfoodblog\\app\\Config\\Routes.php')
 6 SYSTEMPATH\CodeIgniter.php(818): CodeIgniter\Router\RouteCollection->loadRoutes()
 7 SYSTEMPATH\CodeIgniter.php(441): CodeIgniter\CodeIgniter->tryToRouteIt(null)
 8 SYSTEMPATH\CodeIgniter.php(340): CodeIgniter\CodeIgniter->handleRequest(null, Object(Config\Cache), false)
 9 SYSTEMPATH\Boot.php(417): CodeIgniter\CodeIgniter->run()
10 SYSTEMPATH\Boot.php(68): CodeIgniter\Boot::runCodeIgniter(Object(CodeIgniter\CodeIgniter))
11 FCPATH\index.php(59): CodeIgniter\Boot::bootWeb(Object(Config\Paths))
WARNING - 2026-06-29 05:07:03 --> [DEPRECATED] Passing lowercase HTTP method "post" is deprecated. Use uppercase HTTP method like "POST". in SYSTEMPATH\Router\RouteCollection.php on line 1026.
 1 SYSTEMPATH\Router\RouteCollection.php(1026): trigger_error('Passing lowercase HTTP method "post" is deprecated. Use uppercase HTTP method like "POST".', 16384)
 2 APPPATH\Config\Routes.php(28): CodeIgniter\Router\RouteCollection->match([...], 'authenticate', 'Admin::authenticate')
 3 SYSTEMPATH\Router\RouteCollection.php(799): CodeIgniter\Router\RouteCollection->{closure}(Object(CodeIgniter\Router\RouteCollection))
 4 APPPATH\Config\Routes.php(25): CodeIgniter\Router\RouteCollection->group('admin', [...], Object(Closure))
 5 SYSTEMPATH\Router\RouteCollection.php(339): require('C:\\xampp\\htdocs\\myfoodblog\\app\\Config\\Routes.php')
 6 SYSTEMPATH\CodeIgniter.php(818): CodeIgniter\Router\RouteCollection->loadRoutes()
 7 SYSTEMPATH\CodeIgniter.php(441): CodeIgniter\CodeIgniter->tryToRouteIt(null)
 8 SYSTEMPATH\CodeIgniter.php(340): CodeIgniter\CodeIgniter->handleRequest(null, Object(Config\Cache), false)
 9 SYSTEMPATH\Boot.php(417): CodeIgniter\CodeIgniter->run()
10 SYSTEMPATH\Boot.php(68): CodeIgniter\Boot::runCodeIgniter(Object(CodeIgniter\CodeIgniter))
11 FCPATH\index.php(59): CodeIgniter\Boot::bootWeb(Object(Config\Paths))
WARNING - 2026-06-29 05:07:03 --> [DEPRECATED] Passing lowercase HTTP method "post" is deprecated. Use uppercase HTTP method like "POST". in SYSTEMPATH\Router\RouteCollection.php on line 1026.
 1 SYSTEMPATH\Router\RouteCollection.php(1026): trigger_error('Passing lowercase HTTP method "post" is deprecated. Use uppercase HTTP method like "POST".', 16384)
 2 APPPATH\Config\Routes.php(28): CodeIgniter\Router\RouteCollection->match([...], 'authenticate', 'Admin::authenticate')
 3 SYSTEMPATH\Router\RouteCollection.php(799): CodeIgniter\Router\RouteCollection->{closure}(Object(CodeIgniter\Router\RouteCollection))
 4 APPPATH\Config\Routes.php(25): CodeIgniter\Router\RouteCollection->group('admin', [...], Object(Closure))
 5 SYSTEMPATH\Router\RouteCollection.php(339): require('C:\\xampp\\htdocs\\myfoodblog\\app\\Config\\Routes.php')
 6 SYSTEMPATH\CodeIgniter.php(818): CodeIgniter\Router\RouteCollection->loadRoutes()
 7 SYSTEMPATH\CodeIgniter.php(441): CodeIgniter\CodeIgniter->tryToRouteIt(null)
 8 SYSTEMPATH\CodeIgniter.php(340): CodeIgniter\CodeIgniter->handleRequest(null, Object(Config\Cache), false)
 9 SYSTEMPATH\Boot.php(417): CodeIgniter\CodeIgniter->run()
10 SYSTEMPATH\Boot.php(68): CodeIgniter\Boot::runCodeIgniter(Object(CodeIgniter\CodeIgniter))
11 FCPATH\index.php(59): CodeIgniter\Boot::bootWeb(Object(Config\Paths))
WARNING - 2026-06-29 05:07:04 --> [DEPRECATED] Passing lowercase HTTP method "get" is deprecated. Use uppercase HTTP method like "GET". in SYSTEMPATH\Router\RouteCollection.php on line 1026.
 1 SYSTEMPATH\Router\RouteCollection.php(1026): trigger_error('Passing lowercase HTTP method "get" is deprecated. Use uppercase HTTP method like "GET".', 16384)
 2 APPPATH\Config\Routes.php(28): CodeIgniter\Router\RouteCollection->match([...], 'authenticate', 'Admin::authenticate')
 3 SYSTEMPATH\Router\RouteCollection.php(799): CodeIgniter\Router\RouteCollection->{closure}(Object(CodeIgniter\Router\RouteCollection))
 4 APPPATH\Config\Routes.php(25): CodeIgniter\Router\RouteCollection->group('admin', [...], Object(Closure))
 5 SYSTEMPATH\Router\RouteCollection.php(339): require('C:\\xampp\\htdocs\\myfoodblog\\app\\Config\\Routes.php')
 6 SYSTEMPATH\CodeIgniter.php(818): CodeIgniter\Router\RouteCollection->loadRoutes()
 7 SYSTEMPATH\CodeIgniter.php(441): CodeIgniter\CodeIgniter->tryToRouteIt(null)
 8 SYSTEMPATH\CodeIgniter.php(340): CodeIgniter\CodeIgniter->handleRequest(null, Object(Config\Cache), false)
 9 SYSTEMPATH\Boot.php(417): CodeIgniter\CodeIgniter->run()
10 SYSTEMPATH\Boot.php(68): CodeIgniter\Boot::runCodeIgniter(Object(CodeIgniter\CodeIgniter))
11 FCPATH\index.php(59): CodeIgniter\Boot::bootWeb(Object(Config\Paths))
WARNING - 2026-06-29 05:07:04 --> [DEPRECATED] Passing lowercase HTTP method "post" is deprecated. Use uppercase HTTP method like "POST". in SYSTEMPATH\Router\RouteCollection.php on line 1026.
 1 SYSTEMPATH\Router\RouteCollection.php(1026): trigger_error('Passing lowercase HTTP method "post" is deprecated. Use uppercase HTTP method like "POST".', 16384)
 2 APPPATH\Config\Routes.php(28): CodeIgniter\Router\RouteCollection->match([...], 'authenticate', 'Admin::authenticate')
 3 SYSTEMPATH\Router\RouteCollection.php(799): CodeIgniter\Router\RouteCollection->{closure}(Object(CodeIgniter\Router\RouteCollection))
 4 APPPATH\Config\Routes.php(25): CodeIgniter\Router\RouteCollection->group('admin', [...], Object(Closure))
 5 SYSTEMPATH\Router\RouteCollection.php(339): require('C:\\xampp\\htdocs\\myfoodblog\\app\\Config\\Routes.php')
 6 SYSTEMPATH\CodeIgniter.php(818): CodeIgniter\Router\RouteCollection->loadRoutes()
 7 SYSTEMPATH\CodeIgniter.php(441): CodeIgniter\CodeIgniter->tryToRouteIt(null)
 8 SYSTEMPATH\CodeIgniter.php(340): CodeIgniter\CodeIgniter->handleRequest(null, Object(Config\Cache), false)
 9 SYSTEMPATH\Boot.php(417): CodeIgniter\CodeIgniter->run()
10 SYSTEMPATH\Boot.php(68): CodeIgniter\Boot::runCodeIgniter(Object(CodeIgniter\CodeIgniter))
11 FCPATH\index.php(59): CodeIgniter\Boot::bootWeb(Object(Config\Paths))
DEBUG - 2026-06-29 05:07:04 --> Session: Class initialized using 'CodeIgniter\Session\Handlers\FileHandler' driver.
CRITICAL - 2026-06-29 05:07:04 --> ErrorException: Undefined variable $category
[Method: GET, Route: admin/blog/edit/view/1]
in APPPATH\Views\admin\blog\edit.php on line 70.
 1 APPPATH\Views\admin\blog\edit.php(70): CodeIgniter\Debug\Exceptions->errorHandler(2, 'Undefined variable $category', 'C:\\xampp\\htdocs\\myfoodblog\\app\\Views\\admin\\blog\\edit.php', 70)
 2 SYSTEMPATH\View\View.php(240): include('C:\\xampp\\htdocs\\myfoodblog\\app\\Views\\admin\\blog\\edit.php')
 3 SYSTEMPATH\View\View.php(243): CodeIgniter\View\View->CodeIgniter\View\{closure}()
 4 SYSTEMPATH\Common.php(1250): CodeIgniter\View\View->render('admin/blog/edit', [], true)
 5 APPPATH\Controllers\BlogController.php(116): view('admin/blog/edit', [...])
 6 SYSTEMPATH\CodeIgniter.php(951): App\Controllers\BlogController->editView('1')
 7 SYSTEMPATH\CodeIgniter.php(497): CodeIgniter\CodeIgniter->runController(Object(App\Controllers\BlogController))
 8 SYSTEMPATH\CodeIgniter.php(340): CodeIgniter\CodeIgniter->handleRequest(null, Object(Config\Cache), false)
 9 SYSTEMPATH\Boot.php(417): CodeIgniter\CodeIgniter->run()
10 SYSTEMPATH\Boot.php(68): CodeIgniter\Boot::runCodeIgniter(Object(CodeIgniter\CodeIgniter))
11 FCPATH\index.php(59): CodeIgniter\Boot::bootWeb(Object(Config\Paths))
WARNING - 2026-06-29 05:07:17 --> [DEPRECATED] Passing lowercase HTTP method "get" is deprecated. Use uppercase HTTP method like "GET". in SYSTEMPATH\Router\RouteCollection.php on line 1026.
 1 SYSTEMPATH\Router\RouteCollection.php(1026): trigger_error('Passing lowercase HTTP method "get" is deprecated. Use uppercase HTTP method like "GET".', 16384)
 2 APPPATH\Config\Routes.php(28): CodeIgniter\Router\RouteCollection->match([...], 'authenticate', 'Admin::authenticate')
 3 SYSTEMPATH\Router\RouteCollection.php(799): CodeIgniter\Router\RouteCollection->{closure}(Object(CodeIgniter\Router\RouteCollection))
 4 APPPATH\Config\Routes.php(25): CodeIgniter\Router\RouteCollection->group('admin', [...], Object(Closure))
 5 SYSTEMPATH\Router\RouteCollection.php(339): require('C:\\xampp\\htdocs\\myfoodblog\\app\\Config\\Routes.php')
 6 SYSTEMPATH\CodeIgniter.php(818): CodeIgniter\Router\RouteCollection->loadRoutes()
 7 SYSTEMPATH\CodeIgniter.php(441): CodeIgniter\CodeIgniter->tryToRouteIt(null)
 8 SYSTEMPATH\CodeIgniter.php(340): CodeIgniter\CodeIgniter->handleRequest(null, Object(Config\Cache), false)
 9 SYSTEMPATH\Boot.php(417): CodeIgniter\CodeIgniter->run()
10 SYSTEMPATH\Boot.php(68): CodeIgniter\Boot::runCodeIgniter(Object(CodeIgniter\CodeIgniter))
11 FCPATH\index.php(59): CodeIgniter\Boot::bootWeb(Object(Config\Paths))
WARNING - 2026-06-29 05:07:17 --> [DEPRECATED] Passing lowercase HTTP method "post" is deprecated. Use uppercase HTTP method like "POST". in SYSTEMPATH\Router\RouteCollection.php on line 1026.
 1 SYSTEMPATH\Router\RouteCollection.php(1026): trigger_error('Passing lowercase HTTP method "post" is deprecated. Use uppercase HTTP method like "POST".', 16384)
 2 APPPATH\Config\Routes.php(28): CodeIgniter\Router\RouteCollection->match([...], 'authenticate', 'Admin::authenticate')
 3 SYSTEMPATH\Router\RouteCollection.php(799): CodeIgniter\Router\RouteCollection->{closure}(Object(CodeIgniter\Router\RouteCollection))
 4 APPPATH\Config\Routes.php(25): CodeIgniter\Router\RouteCollection->group('admin', [...], Object(Closure))
 5 SYSTEMPATH\Router\RouteCollection.php(339): require('C:\\xampp\\htdocs\\myfoodblog\\app\\Config\\Routes.php')
 6 SYSTEMPATH\CodeIgniter.php(818): CodeIgniter\Router\RouteCollection->loadRoutes()
 7 SYSTEMPATH\CodeIgniter.php(441): CodeIgniter\CodeIgniter->tryToRouteIt(null)
 8 SYSTEMPATH\CodeIgniter.php(340): CodeIgniter\CodeIgniter->handleRequest(null, Object(Config\Cache), false)
 9 SYSTEMPATH\Boot.php(417): CodeIgniter\CodeIgniter->run()
10 SYSTEMPATH\Boot.php(68): CodeIgniter\Boot::runCodeIgniter(Object(CodeIgniter\CodeIgniter))
11 FCPATH\index.php(59): CodeIgniter\Boot::bootWeb(Object(Config\Paths))
DEBUG - 2026-06-29 05:07:17 --> Session: Class initialized using 'CodeIgniter\Session\Handlers\FileHandler' driver.
WARNING - 2026-06-29 05:07:17 --> [DEPRECATED] Passing lowercase HTTP method "get" is deprecated. Use uppercase HTTP method like "GET". in SYSTEMPATH\Router\RouteCollection.php on line 1026.
 1 SYSTEMPATH\Router\RouteCollection.php(1026): trigger_error('Passing lowercase HTTP method "get" is deprecated. Use uppercase HTTP method like "GET".', 16384)
 2 APPPATH\Config\Routes.php(28): CodeIgniter\Router\RouteCollection->match([...], 'authenticate', 'Admin::authenticate')
 3 SYSTEMPATH\Router\RouteCollection.php(799): CodeIgniter\Router\RouteCollection->{closure}(Object(CodeIgniter\Router\RouteCollection))
 4 APPPATH\Config\Routes.php(25): CodeIgniter\Router\RouteCollection->group('admin', [...], Object(Closure))
 5 SYSTEMPATH\Router\RouteCollection.php(339): require('C:\\xampp\\htdocs\\myfoodblog\\app\\Config\\Routes.php')
 6 SYSTEMPATH\CodeIgniter.php(818): CodeIgniter\Router\RouteCollection->loadRoutes()
 7 SYSTEMPATH\CodeIgniter.php(441): CodeIgniter\CodeIgniter->tryToRouteIt(null)
 8 SYSTEMPATH\CodeIgniter.php(340): CodeIgniter\CodeIgniter->handleRequest(null, Object(Config\Cache), false)
 9 SYSTEMPATH\Boot.php(417): CodeIgniter\CodeIgniter->run()
10 SYSTEMPATH\Boot.php(68): CodeIgniter\Boot::runCodeIgniter(Object(CodeIgniter\CodeIgniter))
11 FCPATH\index.php(59): CodeIgniter\Boot::bootWeb(Object(Config\Paths))
WARNING - 2026-06-29 05:07:17 --> [DEPRECATED] Passing lowercase HTTP method "post" is deprecated. Use uppercase HTTP method like "POST". in SYSTEMPATH\Router\RouteCollection.php on line 1026.
 1 SYSTEMPATH\Router\RouteCollection.php(1026): trigger_error('Passing lowercase HTTP method "post" is deprecated. Use uppercase HTTP method like "POST".', 16384)
 2 APPPATH\Config\Routes.php(28): CodeIgniter\Router\RouteCollection->match([...], 'authenticate', 'Admin::authenticate')
 3 SYSTEMPATH\Router\RouteCollection.php(799): CodeIgniter\Router\RouteCollection->{closure}(Object(CodeIgniter\Router\RouteCollection))
 4 APPPATH\Config\Routes.php(25): CodeIgniter\Router\RouteCollection->group('admin', [...], Object(Closure))
 5 SYSTEMPATH\Router\RouteCollection.php(339): require('C:\\xampp\\htdocs\\myfoodblog\\app\\Config\\Routes.php')
 6 SYSTEMPATH\CodeIgniter.php(818): CodeIgniter\Router\RouteCollection->loadRoutes()
 7 SYSTEMPATH\CodeIgniter.php(441): CodeIgniter\CodeIgniter->tryToRouteIt(null)
 8 SYSTEMPATH\CodeIgniter.php(340): CodeIgniter\CodeIgniter->handleRequest(null, Object(Config\Cache), false)
 9 SYSTEMPATH\Boot.php(417): CodeIgniter\CodeIgniter->run()
10 SYSTEMPATH\Boot.php(68): CodeIgniter\Boot::runCodeIgniter(Object(CodeIgniter\CodeIgniter))
11 FCPATH\index.php(59): CodeIgniter\Boot::bootWeb(Object(Config\Paths))
WARNING - 2026-06-29 05:07:17 --> [DEPRECATED] Passing lowercase HTTP method "get" is deprecated. Use uppercase HTTP method like "GET". in SYSTEMPATH\Router\RouteCollection.php on line 1026.
 1 SYSTEMPATH\Router\RouteCollection.php(1026): trigger_error('Passing lowercase HTTP method "get" is deprecated. Use uppercase HTTP method like "GET".', 16384)
 2 APPPATH\Config\Routes.php(28): CodeIgniter\Router\RouteCollection->match([...], 'authenticate', 'Admin::authenticate')
 3 SYSTEMPATH\Router\RouteCollection.php(799): CodeIgniter\Router\RouteCollection->{closure}(Object(CodeIgniter\Router\RouteCollection))
 4 APPPATH\Config\Routes.php(25): CodeIgniter\Router\RouteCollection->group('admin', [...], Object(Closure))
 5 SYSTEMPATH\Router\RouteCollection.php(339): require('C:\\xampp\\htdocs\\myfoodblog\\app\\Config\\Routes.php')
 6 SYSTEMPATH\CodeIgniter.php(818): CodeIgniter\Router\RouteCollection->loadRoutes()
 7 SYSTEMPATH\CodeIgniter.php(441): CodeIgniter\CodeIgniter->tryToRouteIt(null)
 8 SYSTEMPATH\CodeIgniter.php(340): CodeIgniter\CodeIgniter->handleRequest(null, Object(Config\Cache), false)
 9 SYSTEMPATH\Boot.php(417): CodeIgniter\CodeIgniter->run()
10 SYSTEMPATH\Boot.php(68): CodeIgniter\Boot::runCodeIgniter(Object(CodeIgniter\CodeIgniter))
11 FCPATH\index.php(59): CodeIgniter\Boot::bootWeb(Object(Config\Paths))
WARNING - 2026-06-29 05:07:17 --> [DEPRECATED] Passing lowercase HTTP method "post" is deprecated. Use uppercase HTTP method like "POST". in SYSTEMPATH\Router\RouteCollection.php on line 1026.
 1 SYSTEMPATH\Router\RouteCollection.php(1026): trigger_error('Passing lowercase HTTP method "post" is deprecated. Use uppercase HTTP method like "POST".', 16384)
 2 APPPATH\Config\Routes.php(28): CodeIgniter\Router\RouteCollection->match([...], 'authenticate', 'Admin::authenticate')
 3 SYSTEMPATH\Router\RouteCollection.php(799): CodeIgniter\Router\RouteCollection->{closure}(Object(CodeIgniter\Router\RouteCollection))
 4 APPPATH\Config\Routes.php(25): CodeIgniter\Router\RouteCollection->group('admin', [...], Object(Closure))
 5 SYSTEMPATH\Router\RouteCollection.php(339): require('C:\\xampp\\htdocs\\myfoodblog\\app\\Config\\Routes.php')
 6 SYSTEMPATH\CodeIgniter.php(818): CodeIgniter\Router\RouteCollection->loadRoutes()
 7 SYSTEMPATH\CodeIgniter.php(441): CodeIgniter\CodeIgniter->tryToRouteIt(null)
 8 SYSTEMPATH\CodeIgniter.php(340): CodeIgniter\CodeIgniter->handleRequest(null, Object(Config\Cache), false)
 9 SYSTEMPATH\Boot.php(417): CodeIgniter\CodeIgniter->run()
10 SYSTEMPATH\Boot.php(68): CodeIgniter\Boot::runCodeIgniter(Object(CodeIgniter\CodeIgniter))
11 FCPATH\index.php(59): CodeIgniter\Boot::bootWeb(Object(Config\Paths))
WARNING - 2026-06-29 05:12:06 --> [DEPRECATED] Passing lowercase HTTP method "get" is deprecated. Use uppercase HTTP method like "GET". in SYSTEMPATH\Router\RouteCollection.php on line 1026.
 1 SYSTEMPATH\Router\RouteCollection.php(1026): trigger_error('Passing lowercase HTTP method "get" is deprecated. Use uppercase HTTP method like "GET".', 16384)
 2 APPPATH\Config\Routes.php(28): CodeIgniter\Router\RouteCollection->match([...], 'authenticate', 'Admin::authenticate')
 3 SYSTEMPATH\Router\RouteCollection.php(799): CodeIgniter\Router\RouteCollection->{closure}(Object(CodeIgniter\Router\RouteCollection))
 4 APPPATH\Config\Routes.php(25): CodeIgniter\Router\RouteCollection->group('admin', [...], Object(Closure))
 5 SYSTEMPATH\Router\RouteCollection.php(339): require('C:\\xampp\\htdocs\\myfoodblog\\app\\Config\\Routes.php')
 6 SYSTEMPATH\CodeIgniter.php(818): CodeIgniter\Router\RouteCollection->loadRoutes()
 7 SYSTEMPATH\CodeIgniter.php(441): CodeIgniter\CodeIgniter->tryToRouteIt(null)
 8 SYSTEMPATH\CodeIgniter.php(340): CodeIgniter\CodeIgniter->handleRequest(null, Object(Config\Cache), false)
 9 SYSTEMPATH\Boot.php(417): CodeIgniter\CodeIgniter->run()
10 SYSTEMPATH\Boot.php(68): CodeIgniter\Boot::runCodeIgniter(Object(CodeIgniter\CodeIgniter))
11 FCPATH\index.php(59): CodeIgniter\Boot::bootWeb(Object(Config\Paths))
WARNING - 2026-06-29 05:12:06 --> [DEPRECATED] Passing lowercase HTTP method "post" is deprecated. Use uppercase HTTP method like "POST". in SYSTEMPATH\Router\RouteCollection.php on line 1026.
 1 SYSTEMPATH\Router\RouteCollection.php(1026): trigger_error('Passing lowercase HTTP method "post" is deprecated. Use uppercase HTTP method like "POST".', 16384)
 2 APPPATH\Config\Routes.php(28): CodeIgniter\Router\RouteCollection->match([...], 'authenticate', 'Admin::authenticate')
 3 SYSTEMPATH\Router\RouteCollection.php(799): CodeIgniter\Router\RouteCollection->{closure}(Object(CodeIgniter\Router\RouteCollection))
 4 APPPATH\Config\Routes.php(25): CodeIgniter\Router\RouteCollection->group('admin', [...], Object(Closure))
 5 SYSTEMPATH\Router\RouteCollection.php(339): require('C:\\xampp\\htdocs\\myfoodblog\\app\\Config\\Routes.php')
 6 SYSTEMPATH\CodeIgniter.php(818): CodeIgniter\Router\RouteCollection->loadRoutes()
 7 SYSTEMPATH\CodeIgniter.php(441): CodeIgniter\CodeIgniter->tryToRouteIt(null)
 8 SYSTEMPATH\CodeIgniter.php(340): CodeIgniter\CodeIgniter->handleRequest(null, Object(Config\Cache), false)
 9 SYSTEMPATH\Boot.php(417): CodeIgniter\CodeIgniter->run()
10 SYSTEMPATH\Boot.php(68): CodeIgniter\Boot::runCodeIgniter(Object(CodeIgniter\CodeIgniter))
11 FCPATH\index.php(59): CodeIgniter\Boot::bootWeb(Object(Config\Paths))
DEBUG - 2026-06-29 05:12:06 --> Session: Class initialized using 'CodeIgniter\Session\Handlers\FileHandler' driver.
WARNING - 2026-06-29 05:12:06 --> [DEPRECATED] Passing lowercase HTTP method "get" is deprecated. Use uppercase HTTP method like "GET". in SYSTEMPATH\Router\RouteCollection.php on line 1026.
 1 SYSTEMPATH\Router\RouteCollection.php(1026): trigger_error('Passing lowercase HTTP method "get" is deprecated. Use uppercase HTTP method like "GET".', 16384)
 2 APPPATH\Config\Routes.php(28): CodeIgniter\Router\RouteCollection->match([...], 'authenticate', 'Admin::authenticate')
 3 SYSTEMPATH\Router\RouteCollection.php(799): CodeIgniter\Router\RouteCollection->{closure}(Object(CodeIgniter\Router\RouteCollection))
 4 APPPATH\Config\Routes.php(25): CodeIgniter\Router\RouteCollection->group('admin', [...], Object(Closure))
 5 SYSTEMPATH\Router\RouteCollection.php(339): require('C:\\xampp\\htdocs\\myfoodblog\\app\\Config\\Routes.php')
 6 SYSTEMPATH\CodeIgniter.php(818): CodeIgniter\Router\RouteCollection->loadRoutes()
 7 SYSTEMPATH\CodeIgniter.php(441): CodeIgniter\CodeIgniter->tryToRouteIt(null)
 8 SYSTEMPATH\CodeIgniter.php(340): CodeIgniter\CodeIgniter->handleRequest(null, Object(Config\Cache), false)
 9 SYSTEMPATH\Boot.php(417): CodeIgniter\CodeIgniter->run()
10 SYSTEMPATH\Boot.php(68): CodeIgniter\Boot::runCodeIgniter(Object(CodeIgniter\CodeIgniter))
11 FCPATH\index.php(59): CodeIgniter\Boot::bootWeb(Object(Config\Paths))
WARNING - 2026-06-29 05:12:06 --> [DEPRECATED] Passing lowercase HTTP method "post" is deprecated. Use uppercase HTTP method like "POST". in SYSTEMPATH\Router\RouteCollection.php on line 1026.
 1 SYSTEMPATH\Router\RouteCollection.php(1026): trigger_error('Passing lowercase HTTP method "post" is deprecated. Use uppercase HTTP method like "POST".', 16384)
 2 APPPATH\Config\Routes.php(28): CodeIgniter\Router\RouteCollection->match([...], 'authenticate', 'Admin::authenticate')
 3 SYSTEMPATH\Router\RouteCollection.php(799): CodeIgniter\Router\RouteCollection->{closure}(Object(CodeIgniter\Router\RouteCollection))
 4 APPPATH\Config\Routes.php(25): CodeIgniter\Router\RouteCollection->group('admin', [...], Object(Closure))
 5 SYSTEMPATH\Router\RouteCollection.php(339): require('C:\\xampp\\htdocs\\myfoodblog\\app\\Config\\Routes.php')
 6 SYSTEMPATH\CodeIgniter.php(818): CodeIgniter\Router\RouteCollection->loadRoutes()
 7 SYSTEMPATH\CodeIgniter.php(441): CodeIgniter\CodeIgniter->tryToRouteIt(null)
 8 SYSTEMPATH\CodeIgniter.php(340): CodeIgniter\CodeIgniter->handleRequest(null, Object(Config\Cache), false)
 9 SYSTEMPATH\Boot.php(417): CodeIgniter\CodeIgniter->run()
10 SYSTEMPATH\Boot.php(68): CodeIgniter\Boot::runCodeIgniter(Object(CodeIgniter\CodeIgniter))
11 FCPATH\index.php(59): CodeIgniter\Boot::bootWeb(Object(Config\Paths))
WARNING - 2026-06-29 05:12:06 --> [DEPRECATED] Passing lowercase HTTP method "get" is deprecated. Use uppercase HTTP method like "GET". in SYSTEMPATH\Router\RouteCollection.php on line 1026.
 1 SYSTEMPATH\Router\RouteCollection.php(1026): trigger_error('Passing lowercase HTTP method "get" is deprecated. Use uppercase HTTP method like "GET".', 16384)
 2 APPPATH\Config\Routes.php(28): CodeIgniter\Router\RouteCollection->match([...], 'authenticate', 'Admin::authenticate')
 3 SYSTEMPATH\Router\RouteCollection.php(799): CodeIgniter\Router\RouteCollection->{closure}(Object(CodeIgniter\Router\RouteCollection))
 4 APPPATH\Config\Routes.php(25): CodeIgniter\Router\RouteCollection->group('admin', [...], Object(Closure))
 5 SYSTEMPATH\Router\RouteCollection.php(339): require('C:\\xampp\\htdocs\\myfoodblog\\app\\Config\\Routes.php')
 6 SYSTEMPATH\CodeIgniter.php(818): CodeIgniter\Router\RouteCollection->loadRoutes()
 7 SYSTEMPATH\CodeIgniter.php(441): CodeIgniter\CodeIgniter->tryToRouteIt(null)
 8 SYSTEMPATH\CodeIgniter.php(340): CodeIgniter\CodeIgniter->handleRequest(null, Object(Config\Cache), false)
 9 SYSTEMPATH\Boot.php(417): CodeIgniter\CodeIgniter->run()
10 SYSTEMPATH\Boot.php(68): CodeIgniter\Boot::runCodeIgniter(Object(CodeIgniter\CodeIgniter))
11 FCPATH\index.php(59): CodeIgniter\Boot::bootWeb(Object(Config\Paths))
WARNING - 2026-06-29 05:12:06 --> [DEPRECATED] Passing lowercase HTTP method "post" is deprecated. Use uppercase HTTP method like "POST". in SYSTEMPATH\Router\RouteCollection.php on line 1026.
 1 SYSTEMPATH\Router\RouteCollection.php(1026): trigger_error('Passing lowercase HTTP method "post" is deprecated. Use uppercase HTTP method like "POST".', 16384)
 2 APPPATH\Config\Routes.php(28): CodeIgniter\Router\RouteCollection->match([...], 'authenticate', 'Admin::authenticate')
 3 SYSTEMPATH\Router\RouteCollection.php(799): CodeIgniter\Router\RouteCollection->{closure}(Object(CodeIgniter\Router\RouteCollection))
 4 APPPATH\Config\Routes.php(25): CodeIgniter\Router\RouteCollection->group('admin', [...], Object(Closure))
 5 SYSTEMPATH\Router\RouteCollection.php(339): require('C:\\xampp\\htdocs\\myfoodblog\\app\\Config\\Routes.php')
 6 SYSTEMPATH\CodeIgniter.php(818): CodeIgniter\Router\RouteCollection->loadRoutes()
 7 SYSTEMPATH\CodeIgniter.php(441): CodeIgniter\CodeIgniter->tryToRouteIt(null)
 8 SYSTEMPATH\CodeIgniter.php(340): CodeIgniter\CodeIgniter->handleRequest(null, Object(Config\Cache), false)
 9 SYSTEMPATH\Boot.php(417): CodeIgniter\CodeIgniter->run()
10 SYSTEMPATH\Boot.php(68): CodeIgniter\Boot::runCodeIgniter(Object(CodeIgniter\CodeIgniter))
11 FCPATH\index.php(59): CodeIgniter\Boot::bootWeb(Object(Config\Paths))
WARNING - 2026-06-29 05:12:07 --> [DEPRECATED] Passing lowercase HTTP method "get" is deprecated. Use uppercase HTTP method like "GET". in SYSTEMPATH\Router\RouteCollection.php on line 1026.
 1 SYSTEMPATH\Router\RouteCollection.php(1026): trigger_error('Passing lowercase HTTP method "get" is deprecated. Use uppercase HTTP method like "GET".', 16384)
 2 APPPATH\Config\Routes.php(28): CodeIgniter\Router\RouteCollection->match([...], 'authenticate', 'Admin::authenticate')
 3 SYSTEMPATH\Router\RouteCollection.php(799): CodeIgniter\Router\RouteCollection->{closure}(Object(CodeIgniter\Router\RouteCollection))
 4 APPPATH\Config\Routes.php(25): CodeIgniter\Router\RouteCollection->group('admin', [...], Object(Closure))
 5 SYSTEMPATH\Router\RouteCollection.php(339): require('C:\\xampp\\htdocs\\myfoodblog\\app\\Config\\Routes.php')
 6 SYSTEMPATH\CodeIgniter.php(818): CodeIgniter\Router\RouteCollection->loadRoutes()
 7 SYSTEMPATH\CodeIgniter.php(441): CodeIgniter\CodeIgniter->tryToRouteIt(null)
 8 SYSTEMPATH\CodeIgniter.php(340): CodeIgniter\CodeIgniter->handleRequest(null, Object(Config\Cache), false)
 9 SYSTEMPATH\Boot.php(417): CodeIgniter\CodeIgniter->run()
10 SYSTEMPATH\Boot.php(68): CodeIgniter\Boot::runCodeIgniter(Object(CodeIgniter\CodeIgniter))
11 FCPATH\index.php(59): CodeIgniter\Boot::bootWeb(Object(Config\Paths))
WARNING - 2026-06-29 05:12:07 --> [DEPRECATED] Passing lowercase HTTP method "post" is deprecated. Use uppercase HTTP method like "POST". in SYSTEMPATH\Router\RouteCollection.php on line 1026.
 1 SYSTEMPATH\Router\RouteCollection.php(1026): trigger_error('Passing lowercase HTTP method "post" is deprecated. Use uppercase HTTP method like "POST".', 16384)
 2 APPPATH\Config\Routes.php(28): CodeIgniter\Router\RouteCollection->match([...], 'authenticate', 'Admin::authenticate')
 3 SYSTEMPATH\Router\RouteCollection.php(799): CodeIgniter\Router\RouteCollection->{closure}(Object(CodeIgniter\Router\RouteCollection))
 4 APPPATH\Config\Routes.php(25): CodeIgniter\Router\RouteCollection->group('admin', [...], Object(Closure))
 5 SYSTEMPATH\Router\RouteCollection.php(339): require('C:\\xampp\\htdocs\\myfoodblog\\app\\Config\\Routes.php')
 6 SYSTEMPATH\CodeIgniter.php(818): CodeIgniter\Router\RouteCollection->loadRoutes()
 7 SYSTEMPATH\CodeIgniter.php(441): CodeIgniter\CodeIgniter->tryToRouteIt(null)
 8 SYSTEMPATH\CodeIgniter.php(340): CodeIgniter\CodeIgniter->handleRequest(null, Object(Config\Cache), false)
 9 SYSTEMPATH\Boot.php(417): CodeIgniter\CodeIgniter->run()
10 SYSTEMPATH\Boot.php(68): CodeIgniter\Boot::runCodeIgniter(Object(CodeIgniter\CodeIgniter))
11 FCPATH\index.php(59): CodeIgniter\Boot::bootWeb(Object(Config\Paths))
DEBUG - 2026-06-29 05:12:08 --> Session: Class initialized using 'CodeIgniter\Session\Handlers\FileHandler' driver.
WARNING - 2026-06-29 05:12:08 --> [DEPRECATED] Passing lowercase HTTP method "get" is deprecated. Use uppercase HTTP method like "GET". in SYSTEMPATH\Router\RouteCollection.php on line 1026.
 1 SYSTEMPATH\Router\RouteCollection.php(1026): trigger_error('Passing lowercase HTTP method "get" is deprecated. Use uppercase HTTP method like "GET".', 16384)
 2 APPPATH\Config\Routes.php(28): CodeIgniter\Router\RouteCollection->match([...], 'authenticate', 'Admin::authenticate')
 3 SYSTEMPATH\Router\RouteCollection.php(799): CodeIgniter\Router\RouteCollection->{closure}(Object(CodeIgniter\Router\RouteCollection))
 4 APPPATH\Config\Routes.php(25): CodeIgniter\Router\RouteCollection->group('admin', [...], Object(Closure))
 5 SYSTEMPATH\Router\RouteCollection.php(339): require('C:\\xampp\\htdocs\\myfoodblog\\app\\Config\\Routes.php')
 6 SYSTEMPATH\CodeIgniter.php(818): CodeIgniter\Router\RouteCollection->loadRoutes()
 7 SYSTEMPATH\CodeIgniter.php(441): CodeIgniter\CodeIgniter->tryToRouteIt(null)
 8 SYSTEMPATH\CodeIgniter.php(340): CodeIgniter\CodeIgniter->handleRequest(null, Object(Config\Cache), false)
 9 SYSTEMPATH\Boot.php(417): CodeIgniter\CodeIgniter->run()
10 SYSTEMPATH\Boot.php(68): CodeIgniter\Boot::runCodeIgniter(Object(CodeIgniter\CodeIgniter))
11 FCPATH\index.php(59): CodeIgniter\Boot::bootWeb(Object(Config\Paths))
WARNING - 2026-06-29 05:12:08 --> [DEPRECATED] Passing lowercase HTTP method "get" is deprecated. Use uppercase HTTP method like "GET". in SYSTEMPATH\Router\RouteCollection.php on line 1026.
 1 SYSTEMPATH\Router\RouteCollection.php(1026): trigger_error('Passing lowercase HTTP method "get" is deprecated. Use uppercase HTTP method like "GET".', 16384)
 2 APPPATH\Config\Routes.php(28): CodeIgniter\Router\RouteCollection->match([...], 'authenticate', 'Admin::authenticate')
 3 SYSTEMPATH\Router\RouteCollection.php(799): CodeIgniter\Router\RouteCollection->{closure}(Object(CodeIgniter\Router\RouteCollection))
 4 APPPATH\Config\Routes.php(25): CodeIgniter\Router\RouteCollection->group('admin', [...], Object(Closure))
 5 SYSTEMPATH\Router\RouteCollection.php(339): require('C:\\xampp\\htdocs\\myfoodblog\\app\\Config\\Routes.php')
 6 SYSTEMPATH\CodeIgniter.php(818): CodeIgniter\Router\RouteCollection->loadRoutes()
 7 SYSTEMPATH\CodeIgniter.php(441): CodeIgniter\CodeIgniter->tryToRouteIt(null)
 8 SYSTEMPATH\CodeIgniter.php(340): CodeIgniter\CodeIgniter->handleRequest(null, Object(Config\Cache), false)
 9 SYSTEMPATH\Boot.php(417): CodeIgniter\CodeIgniter->run()
10 SYSTEMPATH\Boot.php(68): CodeIgniter\Boot::runCodeIgniter(Object(CodeIgniter\CodeIgniter))
11 FCPATH\index.php(59): CodeIgniter\Boot::bootWeb(Object(Config\Paths))
WARNING - 2026-06-29 05:12:08 --> [DEPRECATED] Passing lowercase HTTP method "post" is deprecated. Use uppercase HTTP method like "POST". in SYSTEMPATH\Router\RouteCollection.php on line 1026.
 1 SYSTEMPATH\Router\RouteCollection.php(1026): trigger_error('Passing lowercase HTTP method "post" is deprecated. Use uppercase HTTP method like "POST".', 16384)
 2 APPPATH\Config\Routes.php(28): CodeIgniter\Router\RouteCollection->match([...], 'authenticate', 'Admin::authenticate')
 3 SYSTEMPATH\Router\RouteCollection.php(799): CodeIgniter\Router\RouteCollection->{closure}(Object(CodeIgniter\Router\RouteCollection))
 4 APPPATH\Config\Routes.php(25): CodeIgniter\Router\RouteCollection->group('admin', [...], Object(Closure))
 5 SYSTEMPATH\Router\RouteCollection.php(339): require('C:\\xampp\\htdocs\\myfoodblog\\app\\Config\\Routes.php')
 6 SYSTEMPATH\CodeIgniter.php(818): CodeIgniter\Router\RouteCollection->loadRoutes()
 7 SYSTEMPATH\CodeIgniter.php(441): CodeIgniter\CodeIgniter->tryToRouteIt(null)
 8 SYSTEMPATH\CodeIgniter.php(340): CodeIgniter\CodeIgniter->handleRequest(null, Object(Config\Cache), false)
 9 SYSTEMPATH\Boot.php(417): CodeIgniter\CodeIgniter->run()
10 SYSTEMPATH\Boot.php(68): CodeIgniter\Boot::runCodeIgniter(Object(CodeIgniter\CodeIgniter))
11 FCPATH\index.php(59): CodeIgniter\Boot::bootWeb(Object(Config\Paths))
WARNING - 2026-06-29 05:12:08 --> [DEPRECATED] Passing lowercase HTTP method "post" is deprecated. Use uppercase HTTP method like "POST". in SYSTEMPATH\Router\RouteCollection.php on line 1026.
 1 SYSTEMPATH\Router\RouteCollection.php(1026): trigger_error('Passing lowercase HTTP method "post" is deprecated. Use uppercase HTTP method like "POST".', 16384)
 2 APPPATH\Config\Routes.php(28): CodeIgniter\Router\RouteCollection->match([...], 'authenticate', 'Admin::authenticate')
 3 SYSTEMPATH\Router\RouteCollection.php(799): CodeIgniter\Router\RouteCollection->{closure}(Object(CodeIgniter\Router\RouteCollection))
 4 APPPATH\Config\Routes.php(25): CodeIgniter\Router\RouteCollection->group('admin', [...], Object(Closure))
 5 SYSTEMPATH\Router\RouteCollection.php(339): require('C:\\xampp\\htdocs\\myfoodblog\\app\\Config\\Routes.php')
 6 SYSTEMPATH\CodeIgniter.php(818): CodeIgniter\Router\RouteCollection->loadRoutes()
 7 SYSTEMPATH\CodeIgniter.php(441): CodeIgniter\CodeIgniter->tryToRouteIt(null)
 8 SYSTEMPATH\CodeIgniter.php(340): CodeIgniter\CodeIgniter->handleRequest(null, Object(Config\Cache), false)
 9 SYSTEMPATH\Boot.php(417): CodeIgniter\CodeIgniter->run()
10 SYSTEMPATH\Boot.php(68): CodeIgniter\Boot::runCodeIgniter(Object(CodeIgniter\CodeIgniter))
11 FCPATH\index.php(59): CodeIgniter\Boot::bootWeb(Object(Config\Paths))
WARNING - 2026-06-29 05:12:16 --> [DEPRECATED] Passing lowercase HTTP method "get" is deprecated. Use uppercase HTTP method like "GET". in SYSTEMPATH\Router\RouteCollection.php on line 1026.
 1 SYSTEMPATH\Router\RouteCollection.php(1026): trigger_error('Passing lowercase HTTP method "get" is deprecated. Use uppercase HTTP method like "GET".', 16384)
 2 APPPATH\Config\Routes.php(28): CodeIgniter\Router\RouteCollection->match([...], 'authenticate', 'Admin::authenticate')
 3 SYSTEMPATH\Router\RouteCollection.php(799): CodeIgniter\Router\RouteCollection->{closure}(Object(CodeIgniter\Router\RouteCollection))
 4 APPPATH\Config\Routes.php(25): CodeIgniter\Router\RouteCollection->group('admin', [...], Object(Closure))
 5 SYSTEMPATH\Router\RouteCollection.php(339): require('C:\\xampp\\htdocs\\myfoodblog\\app\\Config\\Routes.php')
 6 SYSTEMPATH\CodeIgniter.php(818): CodeIgniter\Router\RouteCollection->loadRoutes()
 7 SYSTEMPATH\CodeIgniter.php(441): CodeIgniter\CodeIgniter->tryToRouteIt(null)
 8 SYSTEMPATH\CodeIgniter.php(340): CodeIgniter\CodeIgniter->handleRequest(null, Object(Config\Cache), false)
 9 SYSTEMPATH\Boot.php(417): CodeIgniter\CodeIgniter->run()
10 SYSTEMPATH\Boot.php(68): CodeIgniter\Boot::runCodeIgniter(Object(CodeIgniter\CodeIgniter))
11 FCPATH\index.php(59): CodeIgniter\Boot::bootWeb(Object(Config\Paths))
WARNING - 2026-06-29 05:12:16 --> [DEPRECATED] Passing lowercase HTTP method "post" is deprecated. Use uppercase HTTP method like "POST". in SYSTEMPATH\Router\RouteCollection.php on line 1026.
 1 SYSTEMPATH\Router\RouteCollection.php(1026): trigger_error('Passing lowercase HTTP method "post" is deprecated. Use uppercase HTTP method like "POST".', 16384)
 2 APPPATH\Config\Routes.php(28): CodeIgniter\Router\RouteCollection->match([...], 'authenticate', 'Admin::authenticate')
 3 SYSTEMPATH\Router\RouteCollection.php(799): CodeIgniter\Router\RouteCollection->{closure}(Object(CodeIgniter\Router\RouteCollection))
 4 APPPATH\Config\Routes.php(25): CodeIgniter\Router\RouteCollection->group('admin', [...], Object(Closure))
 5 SYSTEMPATH\Router\RouteCollection.php(339): require('C:\\xampp\\htdocs\\myfoodblog\\app\\Config\\Routes.php')
 6 SYSTEMPATH\CodeIgniter.php(818): CodeIgniter\Router\RouteCollection->loadRoutes()
 7 SYSTEMPATH\CodeIgniter.php(441): CodeIgniter\CodeIgniter->tryToRouteIt(null)
 8 SYSTEMPATH\CodeIgniter.php(340): CodeIgniter\CodeIgniter->handleRequest(null, Object(Config\Cache), false)
 9 SYSTEMPATH\Boot.php(417): CodeIgniter\CodeIgniter->run()
10 SYSTEMPATH\Boot.php(68): CodeIgniter\Boot::runCodeIgniter(Object(CodeIgniter\CodeIgniter))
11 FCPATH\index.php(59): CodeIgniter\Boot::bootWeb(Object(Config\Paths))
DEBUG - 2026-06-29 05:12:16 --> Session: Class initialized using 'CodeIgniter\Session\Handlers\FileHandler' driver.
WARNING - 2026-06-29 05:12:17 --> [DEPRECATED] Passing lowercase HTTP method "get" is deprecated. Use uppercase HTTP method like "GET". in SYSTEMPATH\Router\RouteCollection.php on line 1026.
 1 SYSTEMPATH\Router\RouteCollection.php(1026): trigger_error('Passing lowercase HTTP method "get" is deprecated. Use uppercase HTTP method like "GET".', 16384)
 2 APPPATH\Config\Routes.php(28): CodeIgniter\Router\RouteCollection->match([...], 'authenticate', 'Admin::authenticate')
 3 SYSTEMPATH\Router\RouteCollection.php(799): CodeIgniter\Router\RouteCollection->{closure}(Object(CodeIgniter\Router\RouteCollection))
 4 APPPATH\Config\Routes.php(25): CodeIgniter\Router\RouteCollection->group('admin', [...], Object(Closure))
 5 SYSTEMPATH\Router\RouteCollection.php(339): require('C:\\xampp\\htdocs\\myfoodblog\\app\\Config\\Routes.php')
 6 SYSTEMPATH\CodeIgniter.php(818): CodeIgniter\Router\RouteCollection->loadRoutes()
 7 SYSTEMPATH\CodeIgniter.php(441): CodeIgniter\CodeIgniter->tryToRouteIt(null)
 8 SYSTEMPATH\CodeIgniter.php(340): CodeIgniter\CodeIgniter->handleRequest(null, Object(Config\Cache), false)
 9 SYSTEMPATH\Boot.php(417): CodeIgniter\CodeIgniter->run()
10 SYSTEMPATH\Boot.php(68): CodeIgniter\Boot::runCodeIgniter(Object(CodeIgniter\CodeIgniter))
11 FCPATH\index.php(59): CodeIgniter\Boot::bootWeb(Object(Config\Paths))
WARNING - 2026-06-29 05:12:17 --> [DEPRECATED] Passing lowercase HTTP method "post" is deprecated. Use uppercase HTTP method like "POST". in SYSTEMPATH\Router\RouteCollection.php on line 1026.
 1 SYSTEMPATH\Router\RouteCollection.php(1026): trigger_error('Passing lowercase HTTP method "post" is deprecated. Use uppercase HTTP method like "POST".', 16384)
 2 APPPATH\Config\Routes.php(28): CodeIgniter\Router\RouteCollection->match([...], 'authenticate', 'Admin::authenticate')
 3 SYSTEMPATH\Router\RouteCollection.php(799): CodeIgniter\Router\RouteCollection->{closure}(Object(CodeIgniter\Router\RouteCollection))
 4 APPPATH\Config\Routes.php(25): CodeIgniter\Router\RouteCollection->group('admin', [...], Object(Closure))
 5 SYSTEMPATH\Router\RouteCollection.php(339): require('C:\\xampp\\htdocs\\myfoodblog\\app\\Config\\Routes.php')
 6 SYSTEMPATH\CodeIgniter.php(818): CodeIgniter\Router\RouteCollection->loadRoutes()
 7 SYSTEMPATH\CodeIgniter.php(441): CodeIgniter\CodeIgniter->tryToRouteIt(null)
 8 SYSTEMPATH\CodeIgniter.php(340): CodeIgniter\CodeIgniter->handleRequest(null, Object(Config\Cache), false)
 9 SYSTEMPATH\Boot.php(417): CodeIgniter\CodeIgniter->run()
10 SYSTEMPATH\Boot.php(68): CodeIgniter\Boot::runCodeIgniter(Object(CodeIgniter\CodeIgniter))
11 FCPATH\index.php(59): CodeIgniter\Boot::bootWeb(Object(Config\Paths))
WARNING - 2026-06-29 05:12:17 --> [DEPRECATED] Passing lowercase HTTP method "get" is deprecated. Use uppercase HTTP method like "GET". in SYSTEMPATH\Router\RouteCollection.php on line 1026.
 1 SYSTEMPATH\Router\RouteCollection.php(1026): trigger_error('Passing lowercase HTTP method "get" is deprecated. Use uppercase HTTP method like "GET".', 16384)
 2 APPPATH\Config\Routes.php(28): CodeIgniter\Router\RouteCollection->match([...], 'authenticate', 'Admin::authenticate')
 3 SYSTEMPATH\Router\RouteCollection.php(799): CodeIgniter\Router\RouteCollection->{closure}(Object(CodeIgniter\Router\RouteCollection))
 4 APPPATH\Config\Routes.php(25): CodeIgniter\Router\RouteCollection->group('admin', [...], Object(Closure))
 5 SYSTEMPATH\Router\RouteCollection.php(339): require('C:\\xampp\\htdocs\\myfoodblog\\app\\Config\\Routes.php')
 6 SYSTEMPATH\CodeIgniter.php(818): CodeIgniter\Router\RouteCollection->loadRoutes()
 7 SYSTEMPATH\CodeIgniter.php(441): CodeIgniter\CodeIgniter->tryToRouteIt(null)
 8 SYSTEMPATH\CodeIgniter.php(340): CodeIgniter\CodeIgniter->handleRequest(null, Object(Config\Cache), false)
 9 SYSTEMPATH\Boot.php(417): CodeIgniter\CodeIgniter->run()
10 SYSTEMPATH\Boot.php(68): CodeIgniter\Boot::runCodeIgniter(Object(CodeIgniter\CodeIgniter))
11 FCPATH\index.php(59): CodeIgniter\Boot::bootWeb(Object(Config\Paths))
WARNING - 2026-06-29 05:12:17 --> [DEPRECATED] Passing lowercase HTTP method "post" is deprecated. Use uppercase HTTP method like "POST". in SYSTEMPATH\Router\RouteCollection.php on line 1026.
 1 SYSTEMPATH\Router\RouteCollection.php(1026): trigger_error('Passing lowercase HTTP method "post" is deprecated. Use uppercase HTTP method like "POST".', 16384)
 2 APPPATH\Config\Routes.php(28): CodeIgniter\Router\RouteCollection->match([...], 'authenticate', 'Admin::authenticate')
 3 SYSTEMPATH\Router\RouteCollection.php(799): CodeIgniter\Router\RouteCollection->{closure}(Object(CodeIgniter\Router\RouteCollection))
 4 APPPATH\Config\Routes.php(25): CodeIgniter\Router\RouteCollection->group('admin', [...], Object(Closure))
 5 SYSTEMPATH\Router\RouteCollection.php(339): require('C:\\xampp\\htdocs\\myfoodblog\\app\\Config\\Routes.php')
 6 SYSTEMPATH\CodeIgniter.php(818): CodeIgniter\Router\RouteCollection->loadRoutes()
 7 SYSTEMPATH\CodeIgniter.php(441): CodeIgniter\CodeIgniter->tryToRouteIt(null)
 8 SYSTEMPATH\CodeIgniter.php(340): CodeIgniter\CodeIgniter->handleRequest(null, Object(Config\Cache), false)
 9 SYSTEMPATH\Boot.php(417): CodeIgniter\CodeIgniter->run()
10 SYSTEMPATH\Boot.php(68): CodeIgniter\Boot::runCodeIgniter(Object(CodeIgniter\CodeIgniter))
11 FCPATH\index.php(59): CodeIgniter\Boot::bootWeb(Object(Config\Paths))
WARNING - 2026-06-29 05:12:19 --> [DEPRECATED] Passing lowercase HTTP method "get" is deprecated. Use uppercase HTTP method like "GET". in SYSTEMPATH\Router\RouteCollection.php on line 1026.
 1 SYSTEMPATH\Router\RouteCollection.php(1026): trigger_error('Passing lowercase HTTP method "get" is deprecated. Use uppercase HTTP method like "GET".', 16384)
 2 APPPATH\Config\Routes.php(28): CodeIgniter\Router\RouteCollection->match([...], 'authenticate', 'Admin::authenticate')
 3 SYSTEMPATH\Router\RouteCollection.php(799): CodeIgniter\Router\RouteCollection->{closure}(Object(CodeIgniter\Router\RouteCollection))
 4 APPPATH\Config\Routes.php(25): CodeIgniter\Router\RouteCollection->group('admin', [...], Object(Closure))
 5 SYSTEMPATH\Router\RouteCollection.php(339): require('C:\\xampp\\htdocs\\myfoodblog\\app\\Config\\Routes.php')
 6 SYSTEMPATH\CodeIgniter.php(818): CodeIgniter\Router\RouteCollection->loadRoutes()
 7 SYSTEMPATH\CodeIgniter.php(441): CodeIgniter\CodeIgniter->tryToRouteIt(null)
 8 SYSTEMPATH\CodeIgniter.php(340): CodeIgniter\CodeIgniter->handleRequest(null, Object(Config\Cache), false)
 9 SYSTEMPATH\Boot.php(417): CodeIgniter\CodeIgniter->run()
10 SYSTEMPATH\Boot.php(68): CodeIgniter\Boot::runCodeIgniter(Object(CodeIgniter\CodeIgniter))
11 FCPATH\index.php(59): CodeIgniter\Boot::bootWeb(Object(Config\Paths))
WARNING - 2026-06-29 05:12:19 --> [DEPRECATED] Passing lowercase HTTP method "post" is deprecated. Use uppercase HTTP method like "POST". in SYSTEMPATH\Router\RouteCollection.php on line 1026.
 1 SYSTEMPATH\Router\RouteCollection.php(1026): trigger_error('Passing lowercase HTTP method "post" is deprecated. Use uppercase HTTP method like "POST".', 16384)
 2 APPPATH\Config\Routes.php(28): CodeIgniter\Router\RouteCollection->match([...], 'authenticate', 'Admin::authenticate')
 3 SYSTEMPATH\Router\RouteCollection.php(799): CodeIgniter\Router\RouteCollection->{closure}(Object(CodeIgniter\Router\RouteCollection))
 4 APPPATH\Config\Routes.php(25): CodeIgniter\Router\RouteCollection->group('admin', [...], Object(Closure))
 5 SYSTEMPATH\Router\RouteCollection.php(339): require('C:\\xampp\\htdocs\\myfoodblog\\app\\Config\\Routes.php')
 6 SYSTEMPATH\CodeIgniter.php(818): CodeIgniter\Router\RouteCollection->loadRoutes()
 7 SYSTEMPATH\CodeIgniter.php(441): CodeIgniter\CodeIgniter->tryToRouteIt(null)
 8 SYSTEMPATH\CodeIgniter.php(340): CodeIgniter\CodeIgniter->handleRequest(null, Object(Config\Cache), false)
 9 SYSTEMPATH\Boot.php(417): CodeIgniter\CodeIgniter->run()
10 SYSTEMPATH\Boot.php(68): CodeIgniter\Boot::runCodeIgniter(Object(CodeIgniter\CodeIgniter))
11 FCPATH\index.php(59): CodeIgniter\Boot::bootWeb(Object(Config\Paths))
DEBUG - 2026-06-29 05:12:19 --> Session: Class initialized using 'CodeIgniter\Session\Handlers\FileHandler' driver.
WARNING - 2026-06-29 05:12:19 --> [DEPRECATED] Passing lowercase HTTP method "get" is deprecated. Use uppercase HTTP method like "GET". in SYSTEMPATH\Router\RouteCollection.php on line 1026.
 1 SYSTEMPATH\Router\RouteCollection.php(1026): trigger_error('Passing lowercase HTTP method "get" is deprecated. Use uppercase HTTP method like "GET".', 16384)
 2 APPPATH\Config\Routes.php(28): CodeIgniter\Router\RouteCollection->match([...], 'authenticate', 'Admin::authenticate')
 3 SYSTEMPATH\Router\RouteCollection.php(799): CodeIgniter\Router\RouteCollection->{closure}(Object(CodeIgniter\Router\RouteCollection))
 4 APPPATH\Config\Routes.php(25): CodeIgniter\Router\RouteCollection->group('admin', [...], Object(Closure))
 5 SYSTEMPATH\Router\RouteCollection.php(339): require('C:\\xampp\\htdocs\\myfoodblog\\app\\Config\\Routes.php')
 6 SYSTEMPATH\CodeIgniter.php(818): CodeIgniter\Router\RouteCollection->loadRoutes()
 7 SYSTEMPATH\CodeIgniter.php(441): CodeIgniter\CodeIgniter->tryToRouteIt(null)
 8 SYSTEMPATH\CodeIgniter.php(340): CodeIgniter\CodeIgniter->handleRequest(null, Object(Config\Cache), false)
 9 SYSTEMPATH\Boot.php(417): CodeIgniter\CodeIgniter->run()
10 SYSTEMPATH\Boot.php(68): CodeIgniter\Boot::runCodeIgniter(Object(CodeIgniter\CodeIgniter))
11 FCPATH\index.php(59): CodeIgniter\Boot::bootWeb(Object(Config\Paths))
WARNING - 2026-06-29 05:12:19 --> [DEPRECATED] Passing lowercase HTTP method "get" is deprecated. Use uppercase HTTP method like "GET". in SYSTEMPATH\Router\RouteCollection.php on line 1026.
 1 SYSTEMPATH\Router\RouteCollection.php(1026): trigger_error('Passing lowercase HTTP method "get" is deprecated. Use uppercase HTTP method like "GET".', 16384)
 2 APPPATH\Config\Routes.php(28): CodeIgniter\Router\RouteCollection->match([...], 'authenticate', 'Admin::authenticate')
 3 SYSTEMPATH\Router\RouteCollection.php(799): CodeIgniter\Router\RouteCollection->{closure}(Object(CodeIgniter\Router\RouteCollection))
 4 APPPATH\Config\Routes.php(25): CodeIgniter\Router\RouteCollection->group('admin', [...], Object(Closure))
 5 SYSTEMPATH\Router\RouteCollection.php(339): require('C:\\xampp\\htdocs\\myfoodblog\\app\\Config\\Routes.php')
 6 SYSTEMPATH\CodeIgniter.php(818): CodeIgniter\Router\RouteCollection->loadRoutes()
 7 SYSTEMPATH\CodeIgniter.php(441): CodeIgniter\CodeIgniter->tryToRouteIt(null)
 8 SYSTEMPATH\CodeIgniter.php(340): CodeIgniter\CodeIgniter->handleRequest(null, Object(Config\Cache), false)
 9 SYSTEMPATH\Boot.php(417): CodeIgniter\CodeIgniter->run()
10 SYSTEMPATH\Boot.php(68): CodeIgniter\Boot::runCodeIgniter(Object(CodeIgniter\CodeIgniter))
11 FCPATH\index.php(59): CodeIgniter\Boot::bootWeb(Object(Config\Paths))
WARNING - 2026-06-29 05:12:19 --> [DEPRECATED] Passing lowercase HTTP method "post" is deprecated. Use uppercase HTTP method like "POST". in SYSTEMPATH\Router\RouteCollection.php on line 1026.
 1 SYSTEMPATH\Router\RouteCollection.php(1026): trigger_error('Passing lowercase HTTP method "post" is deprecated. Use uppercase HTTP method like "POST".', 16384)
 2 APPPATH\Config\Routes.php(28): CodeIgniter\Router\RouteCollection->match([...], 'authenticate', 'Admin::authenticate')
 3 SYSTEMPATH\Router\RouteCollection.php(799): CodeIgniter\Router\RouteCollection->{closure}(Object(CodeIgniter\Router\RouteCollection))
 4 APPPATH\Config\Routes.php(25): CodeIgniter\Router\RouteCollection->group('admin', [...], Object(Closure))
 5 SYSTEMPATH\Router\RouteCollection.php(339): require('C:\\xampp\\htdocs\\myfoodblog\\app\\Config\\Routes.php')
 6 SYSTEMPATH\CodeIgniter.php(818): CodeIgniter\Router\RouteCollection->loadRoutes()
 7 SYSTEMPATH\CodeIgniter.php(441): CodeIgniter\CodeIgniter->tryToRouteIt(null)
 8 SYSTEMPATH\CodeIgniter.php(340): CodeIgniter\CodeIgniter->handleRequest(null, Object(Config\Cache), false)
 9 SYSTEMPATH\Boot.php(417): CodeIgniter\CodeIgniter->run()
10 SYSTEMPATH\Boot.php(68): CodeIgniter\Boot::runCodeIgniter(Object(CodeIgniter\CodeIgniter))
11 FCPATH\index.php(59): CodeIgniter\Boot::bootWeb(Object(Config\Paths))
WARNING - 2026-06-29 05:12:19 --> [DEPRECATED] Passing lowercase HTTP method "post" is deprecated. Use uppercase HTTP method like "POST". in SYSTEMPATH\Router\RouteCollection.php on line 1026.
 1 SYSTEMPATH\Router\RouteCollection.php(1026): trigger_error('Passing lowercase HTTP method "post" is deprecated. Use uppercase HTTP method like "POST".', 16384)
 2 APPPATH\Config\Routes.php(28): CodeIgniter\Router\RouteCollection->match([...], 'authenticate', 'Admin::authenticate')
 3 SYSTEMPATH\Router\RouteCollection.php(799): CodeIgniter\Router\RouteCollection->{closure}(Object(CodeIgniter\Router\RouteCollection))
 4 APPPATH\Config\Routes.php(25): CodeIgniter\Router\RouteCollection->group('admin', [...], Object(Closure))
 5 SYSTEMPATH\Router\RouteCollection.php(339): require('C:\\xampp\\htdocs\\myfoodblog\\app\\Config\\Routes.php')
 6 SYSTEMPATH\CodeIgniter.php(818): CodeIgniter\Router\RouteCollection->loadRoutes()
 7 SYSTEMPATH\CodeIgniter.php(441): CodeIgniter\CodeIgniter->tryToRouteIt(null)
 8 SYSTEMPATH\CodeIgniter.php(340): CodeIgniter\CodeIgniter->handleRequest(null, Object(Config\Cache), false)
 9 SYSTEMPATH\Boot.php(417): CodeIgniter\CodeIgniter->run()
10 SYSTEMPATH\Boot.php(68): CodeIgniter\Boot::runCodeIgniter(Object(CodeIgniter\CodeIgniter))
11 FCPATH\index.php(59): CodeIgniter\Boot::bootWeb(Object(Config\Paths))
WARNING - 2026-06-29 05:12:23 --> [DEPRECATED] Passing lowercase HTTP method "get" is deprecated. Use uppercase HTTP method like "GET". in SYSTEMPATH\Router\RouteCollection.php on line 1026.
 1 SYSTEMPATH\Router\RouteCollection.php(1026): trigger_error('Passing lowercase HTTP method "get" is deprecated. Use uppercase HTTP method like "GET".', 16384)
 2 APPPATH\Config\Routes.php(28): CodeIgniter\Router\RouteCollection->match([...], 'authenticate', 'Admin::authenticate')
 3 SYSTEMPATH\Router\RouteCollection.php(799): CodeIgniter\Router\RouteCollection->{closure}(Object(CodeIgniter\Router\RouteCollection))
 4 APPPATH\Config\Routes.php(25): CodeIgniter\Router\RouteCollection->group('admin', [...], Object(Closure))
 5 SYSTEMPATH\Router\RouteCollection.php(339): require('C:\\xampp\\htdocs\\myfoodblog\\app\\Config\\Routes.php')
 6 SYSTEMPATH\CodeIgniter.php(818): CodeIgniter\Router\RouteCollection->loadRoutes()
 7 SYSTEMPATH\CodeIgniter.php(441): CodeIgniter\CodeIgniter->tryToRouteIt(null)
 8 SYSTEMPATH\CodeIgniter.php(340): CodeIgniter\CodeIgniter->handleRequest(null, Object(Config\Cache), false)
 9 SYSTEMPATH\Boot.php(417): CodeIgniter\CodeIgniter->run()
10 SYSTEMPATH\Boot.php(68): CodeIgniter\Boot::runCodeIgniter(Object(CodeIgniter\CodeIgniter))
11 FCPATH\index.php(59): CodeIgniter\Boot::bootWeb(Object(Config\Paths))
WARNING - 2026-06-29 05:12:23 --> [DEPRECATED] Passing lowercase HTTP method "post" is deprecated. Use uppercase HTTP method like "POST". in SYSTEMPATH\Router\RouteCollection.php on line 1026.
 1 SYSTEMPATH\Router\RouteCollection.php(1026): trigger_error('Passing lowercase HTTP method "post" is deprecated. Use uppercase HTTP method like "POST".', 16384)
 2 APPPATH\Config\Routes.php(28): CodeIgniter\Router\RouteCollection->match([...], 'authenticate', 'Admin::authenticate')
 3 SYSTEMPATH\Router\RouteCollection.php(799): CodeIgniter\Router\RouteCollection->{closure}(Object(CodeIgniter\Router\RouteCollection))
 4 APPPATH\Config\Routes.php(25): CodeIgniter\Router\RouteCollection->group('admin', [...], Object(Closure))
 5 SYSTEMPATH\Router\RouteCollection.php(339): require('C:\\xampp\\htdocs\\myfoodblog\\app\\Config\\Routes.php')
 6 SYSTEMPATH\CodeIgniter.php(818): CodeIgniter\Router\RouteCollection->loadRoutes()
 7 SYSTEMPATH\CodeIgniter.php(441): CodeIgniter\CodeIgniter->tryToRouteIt(null)
 8 SYSTEMPATH\CodeIgniter.php(340): CodeIgniter\CodeIgniter->handleRequest(null, Object(Config\Cache), false)
 9 SYSTEMPATH\Boot.php(417): CodeIgniter\CodeIgniter->run()
10 SYSTEMPATH\Boot.php(68): CodeIgniter\Boot::runCodeIgniter(Object(CodeIgniter\CodeIgniter))
11 FCPATH\index.php(59): CodeIgniter\Boot::bootWeb(Object(Config\Paths))
DEBUG - 2026-06-29 05:12:23 --> Session: Class initialized using 'CodeIgniter\Session\Handlers\FileHandler' driver.
WARNING - 2026-06-29 05:12:23 --> [DEPRECATED] Passing lowercase HTTP method "get" is deprecated. Use uppercase HTTP method like "GET". in SYSTEMPATH\Router\RouteCollection.php on line 1026.
 1 SYSTEMPATH\Router\RouteCollection.php(1026): trigger_error('Passing lowercase HTTP method "get" is deprecated. Use uppercase HTTP method like "GET".', 16384)
 2 APPPATH\Config\Routes.php(28): CodeIgniter\Router\RouteCollection->match([...], 'authenticate', 'Admin::authenticate')
 3 SYSTEMPATH\Router\RouteCollection.php(799): CodeIgniter\Router\RouteCollection->{closure}(Object(CodeIgniter\Router\RouteCollection))
 4 APPPATH\Config\Routes.php(25): CodeIgniter\Router\RouteCollection->group('admin', [...], Object(Closure))
 5 SYSTEMPATH\Router\RouteCollection.php(339): require('C:\\xampp\\htdocs\\myfoodblog\\app\\Config\\Routes.php')
 6 SYSTEMPATH\CodeIgniter.php(818): CodeIgniter\Router\RouteCollection->loadRoutes()
 7 SYSTEMPATH\CodeIgniter.php(441): CodeIgniter\CodeIgniter->tryToRouteIt(null)
 8 SYSTEMPATH\CodeIgniter.php(340): CodeIgniter\CodeIgniter->handleRequest(null, Object(Config\Cache), false)
 9 SYSTEMPATH\Boot.php(417): CodeIgniter\CodeIgniter->run()
10 SYSTEMPATH\Boot.php(68): CodeIgniter\Boot::runCodeIgniter(Object(CodeIgniter\CodeIgniter))
11 FCPATH\index.php(59): CodeIgniter\Boot::bootWeb(Object(Config\Paths))
WARNING - 2026-06-29 05:12:23 --> [DEPRECATED] Passing lowercase HTTP method "get" is deprecated. Use uppercase HTTP method like "GET". in SYSTEMPATH\Router\RouteCollection.php on line 1026.
 1 SYSTEMPATH\Router\RouteCollection.php(1026): trigger_error('Passing lowercase HTTP method "get" is deprecated. Use uppercase HTTP method like "GET".', 16384)
 2 APPPATH\Config\Routes.php(28): CodeIgniter\Router\RouteCollection->match([...], 'authenticate', 'Admin::authenticate')
 3 SYSTEMPATH\Router\RouteCollection.php(799): CodeIgniter\Router\RouteCollection->{closure}(Object(CodeIgniter\Router\RouteCollection))
 4 APPPATH\Config\Routes.php(25): CodeIgniter\Router\RouteCollection->group('admin', [...], Object(Closure))
 5 SYSTEMPATH\Router\RouteCollection.php(339): require('C:\\xampp\\htdocs\\myfoodblog\\app\\Config\\Routes.php')
 6 SYSTEMPATH\CodeIgniter.php(818): CodeIgniter\Router\RouteCollection->loadRoutes()
 7 SYSTEMPATH\CodeIgniter.php(441): CodeIgniter\CodeIgniter->tryToRouteIt(null)
 8 SYSTEMPATH\CodeIgniter.php(340): CodeIgniter\CodeIgniter->handleRequest(null, Object(Config\Cache), false)
 9 SYSTEMPATH\Boot.php(417): CodeIgniter\CodeIgniter->run()
10 SYSTEMPATH\Boot.php(68): CodeIgniter\Boot::runCodeIgniter(Object(CodeIgniter\CodeIgniter))
11 FCPATH\index.php(59): CodeIgniter\Boot::bootWeb(Object(Config\Paths))
WARNING - 2026-06-29 05:12:23 --> [DEPRECATED] Passing lowercase HTTP method "post" is deprecated. Use uppercase HTTP method like "POST". in SYSTEMPATH\Router\RouteCollection.php on line 1026.
 1 SYSTEMPATH\Router\RouteCollection.php(1026): trigger_error('Passing lowercase HTTP method "post" is deprecated. Use uppercase HTTP method like "POST".', 16384)
 2 APPPATH\Config\Routes.php(28): CodeIgniter\Router\RouteCollection->match([...], 'authenticate', 'Admin::authenticate')
 3 SYSTEMPATH\Router\RouteCollection.php(799): CodeIgniter\Router\RouteCollection->{closure}(Object(CodeIgniter\Router\RouteCollection))
 4 APPPATH\Config\Routes.php(25): CodeIgniter\Router\RouteCollection->group('admin', [...], Object(Closure))
 5 SYSTEMPATH\Router\RouteCollection.php(339): require('C:\\xampp\\htdocs\\myfoodblog\\app\\Config\\Routes.php')
 6 SYSTEMPATH\CodeIgniter.php(818): CodeIgniter\Router\RouteCollection->loadRoutes()
 7 SYSTEMPATH\CodeIgniter.php(441): CodeIgniter\CodeIgniter->tryToRouteIt(null)
 8 SYSTEMPATH\CodeIgniter.php(340): CodeIgniter\CodeIgniter->handleRequest(null, Object(Config\Cache), false)
 9 SYSTEMPATH\Boot.php(417): CodeIgniter\CodeIgniter->run()
10 SYSTEMPATH\Boot.php(68): CodeIgniter\Boot::runCodeIgniter(Object(CodeIgniter\CodeIgniter))
11 FCPATH\index.php(59): CodeIgniter\Boot::bootWeb(Object(Config\Paths))
WARNING - 2026-06-29 05:12:23 --> [DEPRECATED] Passing lowercase HTTP method "post" is deprecated. Use uppercase HTTP method like "POST". in SYSTEMPATH\Router\RouteCollection.php on line 1026.
 1 SYSTEMPATH\Router\RouteCollection.php(1026): trigger_error('Passing lowercase HTTP method "post" is deprecated. Use uppercase HTTP method like "POST".', 16384)
 2 APPPATH\Config\Routes.php(28): CodeIgniter\Router\RouteCollection->match([...], 'authenticate', 'Admin::authenticate')
 3 SYSTEMPATH\Router\RouteCollection.php(799): CodeIgniter\Router\RouteCollection->{closure}(Object(CodeIgniter\Router\RouteCollection))
 4 APPPATH\Config\Routes.php(25): CodeIgniter\Router\RouteCollection->group('admin', [...], Object(Closure))
 5 SYSTEMPATH\Router\RouteCollection.php(339): require('C:\\xampp\\htdocs\\myfoodblog\\app\\Config\\Routes.php')
 6 SYSTEMPATH\CodeIgniter.php(818): CodeIgniter\Router\RouteCollection->loadRoutes()
 7 SYSTEMPATH\CodeIgniter.php(441): CodeIgniter\CodeIgniter->tryToRouteIt(null)
 8 SYSTEMPATH\CodeIgniter.php(340): CodeIgniter\CodeIgniter->handleRequest(null, Object(Config\Cache), false)
 9 SYSTEMPATH\Boot.php(417): CodeIgniter\CodeIgniter->run()
10 SYSTEMPATH\Boot.php(68): CodeIgniter\Boot::runCodeIgniter(Object(CodeIgniter\CodeIgniter))
11 FCPATH\index.php(59): CodeIgniter\Boot::bootWeb(Object(Config\Paths))
WARNING - 2026-06-29 05:12:46 --> [DEPRECATED] Passing lowercase HTTP method "get" is deprecated. Use uppercase HTTP method like "GET". in SYSTEMPATH\Router\RouteCollection.php on line 1026.
 1 SYSTEMPATH\Router\RouteCollection.php(1026): trigger_error('Passing lowercase HTTP method "get" is deprecated. Use uppercase HTTP method like "GET".', 16384)
 2 APPPATH\Config\Routes.php(28): CodeIgniter\Router\RouteCollection->match([...], 'authenticate', 'Admin::authenticate')
 3 SYSTEMPATH\Router\RouteCollection.php(799): CodeIgniter\Router\RouteCollection->{closure}(Object(CodeIgniter\Router\RouteCollection))
 4 APPPATH\Config\Routes.php(25): CodeIgniter\Router\RouteCollection->group('admin', [...], Object(Closure))
 5 SYSTEMPATH\Router\RouteCollection.php(339): require('C:\\xampp\\htdocs\\myfoodblog\\app\\Config\\Routes.php')
 6 SYSTEMPATH\CodeIgniter.php(818): CodeIgniter\Router\RouteCollection->loadRoutes()
 7 SYSTEMPATH\CodeIgniter.php(441): CodeIgniter\CodeIgniter->tryToRouteIt(null)
 8 SYSTEMPATH\CodeIgniter.php(340): CodeIgniter\CodeIgniter->handleRequest(null, Object(Config\Cache), false)
 9 SYSTEMPATH\Boot.php(417): CodeIgniter\CodeIgniter->run()
10 SYSTEMPATH\Boot.php(68): CodeIgniter\Boot::runCodeIgniter(Object(CodeIgniter\CodeIgniter))
11 FCPATH\index.php(59): CodeIgniter\Boot::bootWeb(Object(Config\Paths))
WARNING - 2026-06-29 05:12:46 --> [DEPRECATED] Passing lowercase HTTP method "post" is deprecated. Use uppercase HTTP method like "POST". in SYSTEMPATH\Router\RouteCollection.php on line 1026.
 1 SYSTEMPATH\Router\RouteCollection.php(1026): trigger_error('Passing lowercase HTTP method "post" is deprecated. Use uppercase HTTP method like "POST".', 16384)
 2 APPPATH\Config\Routes.php(28): CodeIgniter\Router\RouteCollection->match([...], 'authenticate', 'Admin::authenticate')
 3 SYSTEMPATH\Router\RouteCollection.php(799): CodeIgniter\Router\RouteCollection->{closure}(Object(CodeIgniter\Router\RouteCollection))
 4 APPPATH\Config\Routes.php(25): CodeIgniter\Router\RouteCollection->group('admin', [...], Object(Closure))
 5 SYSTEMPATH\Router\RouteCollection.php(339): require('C:\\xampp\\htdocs\\myfoodblog\\app\\Config\\Routes.php')
 6 SYSTEMPATH\CodeIgniter.php(818): CodeIgniter\Router\RouteCollection->loadRoutes()
 7 SYSTEMPATH\CodeIgniter.php(441): CodeIgniter\CodeIgniter->tryToRouteIt(null)
 8 SYSTEMPATH\CodeIgniter.php(340): CodeIgniter\CodeIgniter->handleRequest(null, Object(Config\Cache), false)
 9 SYSTEMPATH\Boot.php(417): CodeIgniter\CodeIgniter->run()
10 SYSTEMPATH\Boot.php(68): CodeIgniter\Boot::runCodeIgniter(Object(CodeIgniter\CodeIgniter))
11 FCPATH\index.php(59): CodeIgniter\Boot::bootWeb(Object(Config\Paths))
WARNING - 2026-06-29 05:12:49 --> [DEPRECATED] Passing lowercase HTTP method "get" is deprecated. Use uppercase HTTP method like "GET". in SYSTEMPATH\Router\RouteCollection.php on line 1026.
 1 SYSTEMPATH\Router\RouteCollection.php(1026): trigger_error('Passing lowercase HTTP method "get" is deprecated. Use uppercase HTTP method like "GET".', 16384)
 2 APPPATH\Config\Routes.php(28): CodeIgniter\Router\RouteCollection->match([...], 'authenticate', 'Admin::authenticate')
 3 SYSTEMPATH\Router\RouteCollection.php(799): CodeIgniter\Router\RouteCollection->{closure}(Object(CodeIgniter\Router\RouteCollection))
 4 APPPATH\Config\Routes.php(25): CodeIgniter\Router\RouteCollection->group('admin', [...], Object(Closure))
 5 SYSTEMPATH\Router\RouteCollection.php(339): require('C:\\xampp\\htdocs\\myfoodblog\\app\\Config\\Routes.php')
 6 SYSTEMPATH\CodeIgniter.php(818): CodeIgniter\Router\RouteCollection->loadRoutes()
 7 SYSTEMPATH\CodeIgniter.php(441): CodeIgniter\CodeIgniter->tryToRouteIt(null)
 8 SYSTEMPATH\CodeIgniter.php(340): CodeIgniter\CodeIgniter->handleRequest(null, Object(Config\Cache), false)
 9 SYSTEMPATH\Boot.php(417): CodeIgniter\CodeIgniter->run()
10 SYSTEMPATH\Boot.php(68): CodeIgniter\Boot::runCodeIgniter(Object(CodeIgniter\CodeIgniter))
11 FCPATH\index.php(59): CodeIgniter\Boot::bootWeb(Object(Config\Paths))
WARNING - 2026-06-29 05:12:49 --> [DEPRECATED] Passing lowercase HTTP method "post" is deprecated. Use uppercase HTTP method like "POST". in SYSTEMPATH\Router\RouteCollection.php on line 1026.
 1 SYSTEMPATH\Router\RouteCollection.php(1026): trigger_error('Passing lowercase HTTP method "post" is deprecated. Use uppercase HTTP method like "POST".', 16384)
 2 APPPATH\Config\Routes.php(28): CodeIgniter\Router\RouteCollection->match([...], 'authenticate', 'Admin::authenticate')
 3 SYSTEMPATH\Router\RouteCollection.php(799): CodeIgniter\Router\RouteCollection->{closure}(Object(CodeIgniter\Router\RouteCollection))
 4 APPPATH\Config\Routes.php(25): CodeIgniter\Router\RouteCollection->group('admin', [...], Object(Closure))
 5 SYSTEMPATH\Router\RouteCollection.php(339): require('C:\\xampp\\htdocs\\myfoodblog\\app\\Config\\Routes.php')
 6 SYSTEMPATH\CodeIgniter.php(818): CodeIgniter\Router\RouteCollection->loadRoutes()
 7 SYSTEMPATH\CodeIgniter.php(441): CodeIgniter\CodeIgniter->tryToRouteIt(null)
 8 SYSTEMPATH\CodeIgniter.php(340): CodeIgniter\CodeIgniter->handleRequest(null, Object(Config\Cache), false)
 9 SYSTEMPATH\Boot.php(417): CodeIgniter\CodeIgniter->run()
10 SYSTEMPATH\Boot.php(68): CodeIgniter\Boot::runCodeIgniter(Object(CodeIgniter\CodeIgniter))
11 FCPATH\index.php(59): CodeIgniter\Boot::bootWeb(Object(Config\Paths))
DEBUG - 2026-06-29 05:12:49 --> Session: Class initialized using 'CodeIgniter\Session\Handlers\FileHandler' driver.
WARNING - 2026-06-29 05:12:50 --> [DEPRECATED] Passing lowercase HTTP method "get" is deprecated. Use uppercase HTTP method like "GET". in SYSTEMPATH\Router\RouteCollection.php on line 1026.
 1 SYSTEMPATH\Router\RouteCollection.php(1026): trigger_error('Passing lowercase HTTP method "get" is deprecated. Use uppercase HTTP method like "GET".', 16384)
 2 APPPATH\Config\Routes.php(28): CodeIgniter\Router\RouteCollection->match([...], 'authenticate', 'Admin::authenticate')
 3 SYSTEMPATH\Router\RouteCollection.php(799): CodeIgniter\Router\RouteCollection->{closure}(Object(CodeIgniter\Router\RouteCollection))
 4 APPPATH\Config\Routes.php(25): CodeIgniter\Router\RouteCollection->group('admin', [...], Object(Closure))
 5 SYSTEMPATH\Router\RouteCollection.php(339): require('C:\\xampp\\htdocs\\myfoodblog\\app\\Config\\Routes.php')
 6 SYSTEMPATH\CodeIgniter.php(818): CodeIgniter\Router\RouteCollection->loadRoutes()
 7 SYSTEMPATH\CodeIgniter.php(441): CodeIgniter\CodeIgniter->tryToRouteIt(null)
 8 SYSTEMPATH\CodeIgniter.php(340): CodeIgniter\CodeIgniter->handleRequest(null, Object(Config\Cache), false)
 9 SYSTEMPATH\Boot.php(417): CodeIgniter\CodeIgniter->run()
10 SYSTEMPATH\Boot.php(68): CodeIgniter\Boot::runCodeIgniter(Object(CodeIgniter\CodeIgniter))
11 FCPATH\index.php(59): CodeIgniter\Boot::bootWeb(Object(Config\Paths))
WARNING - 2026-06-29 05:12:50 --> [DEPRECATED] Passing lowercase HTTP method "post" is deprecated. Use uppercase HTTP method like "POST". in SYSTEMPATH\Router\RouteCollection.php on line 1026.
 1 SYSTEMPATH\Router\RouteCollection.php(1026): trigger_error('Passing lowercase HTTP method "post" is deprecated. Use uppercase HTTP method like "POST".', 16384)
 2 APPPATH\Config\Routes.php(28): CodeIgniter\Router\RouteCollection->match([...], 'authenticate', 'Admin::authenticate')
 3 SYSTEMPATH\Router\RouteCollection.php(799): CodeIgniter\Router\RouteCollection->{closure}(Object(CodeIgniter\Router\RouteCollection))
 4 APPPATH\Config\Routes.php(25): CodeIgniter\Router\RouteCollection->group('admin', [...], Object(Closure))
 5 SYSTEMPATH\Router\RouteCollection.php(339): require('C:\\xampp\\htdocs\\myfoodblog\\app\\Config\\Routes.php')
 6 SYSTEMPATH\CodeIgniter.php(818): CodeIgniter\Router\RouteCollection->loadRoutes()
 7 SYSTEMPATH\CodeIgniter.php(441): CodeIgniter\CodeIgniter->tryToRouteIt(null)
 8 SYSTEMPATH\CodeIgniter.php(340): CodeIgniter\CodeIgniter->handleRequest(null, Object(Config\Cache), false)
 9 SYSTEMPATH\Boot.php(417): CodeIgniter\CodeIgniter->run()
10 SYSTEMPATH\Boot.php(68): CodeIgniter\Boot::runCodeIgniter(Object(CodeIgniter\CodeIgniter))
11 FCPATH\index.php(59): CodeIgniter\Boot::bootWeb(Object(Config\Paths))
WARNING - 2026-06-29 05:12:50 --> [DEPRECATED] Passing lowercase HTTP method "get" is deprecated. Use uppercase HTTP method like "GET". in SYSTEMPATH\Router\RouteCollection.php on line 1026.
 1 SYSTEMPATH\Router\RouteCollection.php(1026): trigger_error('Passing lowercase HTTP method "get" is deprecated. Use uppercase HTTP method like "GET".', 16384)
 2 APPPATH\Config\Routes.php(28): CodeIgniter\Router\RouteCollection->match([...], 'authenticate', 'Admin::authenticate')
 3 SYSTEMPATH\Router\RouteCollection.php(799): CodeIgniter\Router\RouteCollection->{closure}(Object(CodeIgniter\Router\RouteCollection))
 4 APPPATH\Config\Routes.php(25): CodeIgniter\Router\RouteCollection->group('admin', [...], Object(Closure))
 5 SYSTEMPATH\Router\RouteCollection.php(339): require('C:\\xampp\\htdocs\\myfoodblog\\app\\Config\\Routes.php')
 6 SYSTEMPATH\CodeIgniter.php(818): CodeIgniter\Router\RouteCollection->loadRoutes()
 7 SYSTEMPATH\CodeIgniter.php(441): CodeIgniter\CodeIgniter->tryToRouteIt(null)
 8 SYSTEMPATH\CodeIgniter.php(340): CodeIgniter\CodeIgniter->handleRequest(null, Object(Config\Cache), false)
 9 SYSTEMPATH\Boot.php(417): CodeIgniter\CodeIgniter->run()
10 SYSTEMPATH\Boot.php(68): CodeIgniter\Boot::runCodeIgniter(Object(CodeIgniter\CodeIgniter))
11 FCPATH\index.php(59): CodeIgniter\Boot::bootWeb(Object(Config\Paths))
WARNING - 2026-06-29 05:12:50 --> [DEPRECATED] Passing lowercase HTTP method "post" is deprecated. Use uppercase HTTP method like "POST". in SYSTEMPATH\Router\RouteCollection.php on line 1026.
 1 SYSTEMPATH\Router\RouteCollection.php(1026): trigger_error('Passing lowercase HTTP method "post" is deprecated. Use uppercase HTTP method like "POST".', 16384)
 2 APPPATH\Config\Routes.php(28): CodeIgniter\Router\RouteCollection->match([...], 'authenticate', 'Admin::authenticate')
 3 SYSTEMPATH\Router\RouteCollection.php(799): CodeIgniter\Router\RouteCollection->{closure}(Object(CodeIgniter\Router\RouteCollection))
 4 APPPATH\Config\Routes.php(25): CodeIgniter\Router\RouteCollection->group('admin', [...], Object(Closure))
 5 SYSTEMPATH\Router\RouteCollection.php(339): require('C:\\xampp\\htdocs\\myfoodblog\\app\\Config\\Routes.php')
 6 SYSTEMPATH\CodeIgniter.php(818): CodeIgniter\Router\RouteCollection->loadRoutes()
 7 SYSTEMPATH\CodeIgniter.php(441): CodeIgniter\CodeIgniter->tryToRouteIt(null)
 8 SYSTEMPATH\CodeIgniter.php(340): CodeIgniter\CodeIgniter->handleRequest(null, Object(Config\Cache), false)
 9 SYSTEMPATH\Boot.php(417): CodeIgniter\CodeIgniter->run()
10 SYSTEMPATH\Boot.php(68): CodeIgniter\Boot::runCodeIgniter(Object(CodeIgniter\CodeIgniter))
11 FCPATH\index.php(59): CodeIgniter\Boot::bootWeb(Object(Config\Paths))
WARNING - 2026-06-29 05:21:09 --> [DEPRECATED] Passing lowercase HTTP method "get" is deprecated. Use uppercase HTTP method like "GET". in SYSTEMPATH\Router\RouteCollection.php on line 1026.
 1 SYSTEMPATH\Router\RouteCollection.php(1026): trigger_error('Passing lowercase HTTP method "get" is deprecated. Use uppercase HTTP method like "GET".', 16384)
 2 APPPATH\Config\Routes.php(28): CodeIgniter\Router\RouteCollection->match([...], 'authenticate', 'Admin::authenticate')
 3 SYSTEMPATH\Router\RouteCollection.php(799): CodeIgniter\Router\RouteCollection->{closure}(Object(CodeIgniter\Router\RouteCollection))
 4 APPPATH\Config\Routes.php(25): CodeIgniter\Router\RouteCollection->group('admin', [...], Object(Closure))
 5 SYSTEMPATH\Router\RouteCollection.php(339): require('C:\\xampp\\htdocs\\myfoodblog\\app\\Config\\Routes.php')
 6 SYSTEMPATH\CodeIgniter.php(818): CodeIgniter\Router\RouteCollection->loadRoutes()
 7 SYSTEMPATH\CodeIgniter.php(441): CodeIgniter\CodeIgniter->tryToRouteIt(null)
 8 SYSTEMPATH\CodeIgniter.php(340): CodeIgniter\CodeIgniter->handleRequest(null, Object(Config\Cache), false)
 9 SYSTEMPATH\Boot.php(417): CodeIgniter\CodeIgniter->run()
10 SYSTEMPATH\Boot.php(68): CodeIgniter\Boot::runCodeIgniter(Object(CodeIgniter\CodeIgniter))
11 FCPATH\index.php(59): CodeIgniter\Boot::bootWeb(Object(Config\Paths))
WARNING - 2026-06-29 05:21:09 --> [DEPRECATED] Passing lowercase HTTP method "post" is deprecated. Use uppercase HTTP method like "POST". in SYSTEMPATH\Router\RouteCollection.php on line 1026.
 1 SYSTEMPATH\Router\RouteCollection.php(1026): trigger_error('Passing lowercase HTTP method "post" is deprecated. Use uppercase HTTP method like "POST".', 16384)
 2 APPPATH\Config\Routes.php(28): CodeIgniter\Router\RouteCollection->match([...], 'authenticate', 'Admin::authenticate')
 3 SYSTEMPATH\Router\RouteCollection.php(799): CodeIgniter\Router\RouteCollection->{closure}(Object(CodeIgniter\Router\RouteCollection))
 4 APPPATH\Config\Routes.php(25): CodeIgniter\Router\RouteCollection->group('admin', [...], Object(Closure))
 5 SYSTEMPATH\Router\RouteCollection.php(339): require('C:\\xampp\\htdocs\\myfoodblog\\app\\Config\\Routes.php')
 6 SYSTEMPATH\CodeIgniter.php(818): CodeIgniter\Router\RouteCollection->loadRoutes()
 7 SYSTEMPATH\CodeIgniter.php(441): CodeIgniter\CodeIgniter->tryToRouteIt(null)
 8 SYSTEMPATH\CodeIgniter.php(340): CodeIgniter\CodeIgniter->handleRequest(null, Object(Config\Cache), false)
 9 SYSTEMPATH\Boot.php(417): CodeIgniter\CodeIgniter->run()
10 SYSTEMPATH\Boot.php(68): CodeIgniter\Boot::runCodeIgniter(Object(CodeIgniter\CodeIgniter))
11 FCPATH\index.php(59): CodeIgniter\Boot::bootWeb(Object(Config\Paths))
DEBUG - 2026-06-29 05:21:09 --> Session: Class initialized using 'CodeIgniter\Session\Handlers\FileHandler' driver.
WARNING - 2026-06-29 05:21:09 --> [DEPRECATED] Passing lowercase HTTP method "get" is deprecated. Use uppercase HTTP method like "GET". in SYSTEMPATH\Router\RouteCollection.php on line 1026.
 1 SYSTEMPATH\Router\RouteCollection.php(1026): trigger_error('Passing lowercase HTTP method "get" is deprecated. Use uppercase HTTP method like "GET".', 16384)
 2 APPPATH\Config\Routes.php(28): CodeIgniter\Router\RouteCollection->match([...], 'authenticate', 'Admin::authenticate')
 3 SYSTEMPATH\Router\RouteCollection.php(799): CodeIgniter\Router\RouteCollection->{closure}(Object(CodeIgniter\Router\RouteCollection))
 4 APPPATH\Config\Routes.php(25): CodeIgniter\Router\RouteCollection->group('admin', [...], Object(Closure))
 5 SYSTEMPATH\Router\RouteCollection.php(339): require('C:\\xampp\\htdocs\\myfoodblog\\app\\Config\\Routes.php')
 6 SYSTEMPATH\CodeIgniter.php(818): CodeIgniter\Router\RouteCollection->loadRoutes()
 7 SYSTEMPATH\CodeIgniter.php(441): CodeIgniter\CodeIgniter->tryToRouteIt(null)
 8 SYSTEMPATH\CodeIgniter.php(340): CodeIgniter\CodeIgniter->handleRequest(null, Object(Config\Cache), false)
 9 SYSTEMPATH\Boot.php(417): CodeIgniter\CodeIgniter->run()
10 SYSTEMPATH\Boot.php(68): CodeIgniter\Boot::runCodeIgniter(Object(CodeIgniter\CodeIgniter))
11 FCPATH\index.php(59): CodeIgniter\Boot::bootWeb(Object(Config\Paths))
WARNING - 2026-06-29 05:21:09 --> [DEPRECATED] Passing lowercase HTTP method "post" is deprecated. Use uppercase HTTP method like "POST". in SYSTEMPATH\Router\RouteCollection.php on line 1026.
 1 SYSTEMPATH\Router\RouteCollection.php(1026): trigger_error('Passing lowercase HTTP method "post" is deprecated. Use uppercase HTTP method like "POST".', 16384)
 2 APPPATH\Config\Routes.php(28): CodeIgniter\Router\RouteCollection->match([...], 'authenticate', 'Admin::authenticate')
 3 SYSTEMPATH\Router\RouteCollection.php(799): CodeIgniter\Router\RouteCollection->{closure}(Object(CodeIgniter\Router\RouteCollection))
 4 APPPATH\Config\Routes.php(25): CodeIgniter\Router\RouteCollection->group('admin', [...], Object(Closure))
 5 SYSTEMPATH\Router\RouteCollection.php(339): require('C:\\xampp\\htdocs\\myfoodblog\\app\\Config\\Routes.php')
 6 SYSTEMPATH\CodeIgniter.php(818): CodeIgniter\Router\RouteCollection->loadRoutes()
 7 SYSTEMPATH\CodeIgniter.php(441): CodeIgniter\CodeIgniter->tryToRouteIt(null)
 8 SYSTEMPATH\CodeIgniter.php(340): CodeIgniter\CodeIgniter->handleRequest(null, Object(Config\Cache), false)
 9 SYSTEMPATH\Boot.php(417): CodeIgniter\CodeIgniter->run()
10 SYSTEMPATH\Boot.php(68): CodeIgniter\Boot::runCodeIgniter(Object(CodeIgniter\CodeIgniter))
11 FCPATH\index.php(59): CodeIgniter\Boot::bootWeb(Object(Config\Paths))
WARNING - 2026-06-29 05:21:09 --> [DEPRECATED] Passing lowercase HTTP method "get" is deprecated. Use uppercase HTTP method like "GET". in SYSTEMPATH\Router\RouteCollection.php on line 1026.
 1 SYSTEMPATH\Router\RouteCollection.php(1026): trigger_error('Passing lowercase HTTP method "get" is deprecated. Use uppercase HTTP method like "GET".', 16384)
 2 APPPATH\Config\Routes.php(28): CodeIgniter\Router\RouteCollection->match([...], 'authenticate', 'Admin::authenticate')
 3 SYSTEMPATH\Router\RouteCollection.php(799): CodeIgniter\Router\RouteCollection->{closure}(Object(CodeIgniter\Router\RouteCollection))
 4 APPPATH\Config\Routes.php(25): CodeIgniter\Router\RouteCollection->group('admin', [...], Object(Closure))
 5 SYSTEMPATH\Router\RouteCollection.php(339): require('C:\\xampp\\htdocs\\myfoodblog\\app\\Config\\Routes.php')
 6 SYSTEMPATH\CodeIgniter.php(818): CodeIgniter\Router\RouteCollection->loadRoutes()
 7 SYSTEMPATH\CodeIgniter.php(441): CodeIgniter\CodeIgniter->tryToRouteIt(null)
 8 SYSTEMPATH\CodeIgniter.php(340): CodeIgniter\CodeIgniter->handleRequest(null, Object(Config\Cache), false)
 9 SYSTEMPATH\Boot.php(417): CodeIgniter\CodeIgniter->run()
10 SYSTEMPATH\Boot.php(68): CodeIgniter\Boot::runCodeIgniter(Object(CodeIgniter\CodeIgniter))
11 FCPATH\index.php(59): CodeIgniter\Boot::bootWeb(Object(Config\Paths))
WARNING - 2026-06-29 05:21:09 --> [DEPRECATED] Passing lowercase HTTP method "post" is deprecated. Use uppercase HTTP method like "POST". in SYSTEMPATH\Router\RouteCollection.php on line 1026.
 1 SYSTEMPATH\Router\RouteCollection.php(1026): trigger_error('Passing lowercase HTTP method "post" is deprecated. Use uppercase HTTP method like "POST".', 16384)
 2 APPPATH\Config\Routes.php(28): CodeIgniter\Router\RouteCollection->match([...], 'authenticate', 'Admin::authenticate')
 3 SYSTEMPATH\Router\RouteCollection.php(799): CodeIgniter\Router\RouteCollection->{closure}(Object(CodeIgniter\Router\RouteCollection))
 4 APPPATH\Config\Routes.php(25): CodeIgniter\Router\RouteCollection->group('admin', [...], Object(Closure))
 5 SYSTEMPATH\Router\RouteCollection.php(339): require('C:\\xampp\\htdocs\\myfoodblog\\app\\Config\\Routes.php')
 6 SYSTEMPATH\CodeIgniter.php(818): CodeIgniter\Router\RouteCollection->loadRoutes()
 7 SYSTEMPATH\CodeIgniter.php(441): CodeIgniter\CodeIgniter->tryToRouteIt(null)
 8 SYSTEMPATH\CodeIgniter.php(340): CodeIgniter\CodeIgniter->handleRequest(null, Object(Config\Cache), false)
 9 SYSTEMPATH\Boot.php(417): CodeIgniter\CodeIgniter->run()
10 SYSTEMPATH\Boot.php(68): CodeIgniter\Boot::runCodeIgniter(Object(CodeIgniter\CodeIgniter))
11 FCPATH\index.php(59): CodeIgniter\Boot::bootWeb(Object(Config\Paths))
WARNING - 2026-06-29 05:21:26 --> [DEPRECATED] Passing lowercase HTTP method "get" is deprecated. Use uppercase HTTP method like "GET". in SYSTEMPATH\Router\RouteCollection.php on line 1026.
 1 SYSTEMPATH\Router\RouteCollection.php(1026): trigger_error('Passing lowercase HTTP method "get" is deprecated. Use uppercase HTTP method like "GET".', 16384)
 2 APPPATH\Config\Routes.php(28): CodeIgniter\Router\RouteCollection->match([...], 'authenticate', 'Admin::authenticate')
 3 SYSTEMPATH\Router\RouteCollection.php(799): CodeIgniter\Router\RouteCollection->{closure}(Object(CodeIgniter\Router\RouteCollection))
 4 APPPATH\Config\Routes.php(25): CodeIgniter\Router\RouteCollection->group('admin', [...], Object(Closure))
 5 SYSTEMPATH\Router\RouteCollection.php(339): require('C:\\xampp\\htdocs\\myfoodblog\\app\\Config\\Routes.php')
 6 SYSTEMPATH\CodeIgniter.php(818): CodeIgniter\Router\RouteCollection->loadRoutes()
 7 SYSTEMPATH\CodeIgniter.php(441): CodeIgniter\CodeIgniter->tryToRouteIt(null)
 8 SYSTEMPATH\CodeIgniter.php(340): CodeIgniter\CodeIgniter->handleRequest(null, Object(Config\Cache), false)
 9 SYSTEMPATH\Boot.php(417): CodeIgniter\CodeIgniter->run()
10 SYSTEMPATH\Boot.php(68): CodeIgniter\Boot::runCodeIgniter(Object(CodeIgniter\CodeIgniter))
11 FCPATH\index.php(59): CodeIgniter\Boot::bootWeb(Object(Config\Paths))
WARNING - 2026-06-29 05:21:26 --> [DEPRECATED] Passing lowercase HTTP method "post" is deprecated. Use uppercase HTTP method like "POST". in SYSTEMPATH\Router\RouteCollection.php on line 1026.
 1 SYSTEMPATH\Router\RouteCollection.php(1026): trigger_error('Passing lowercase HTTP method "post" is deprecated. Use uppercase HTTP method like "POST".', 16384)
 2 APPPATH\Config\Routes.php(28): CodeIgniter\Router\RouteCollection->match([...], 'authenticate', 'Admin::authenticate')
 3 SYSTEMPATH\Router\RouteCollection.php(799): CodeIgniter\Router\RouteCollection->{closure}(Object(CodeIgniter\Router\RouteCollection))
 4 APPPATH\Config\Routes.php(25): CodeIgniter\Router\RouteCollection->group('admin', [...], Object(Closure))
 5 SYSTEMPATH\Router\RouteCollection.php(339): require('C:\\xampp\\htdocs\\myfoodblog\\app\\Config\\Routes.php')
 6 SYSTEMPATH\CodeIgniter.php(818): CodeIgniter\Router\RouteCollection->loadRoutes()
 7 SYSTEMPATH\CodeIgniter.php(441): CodeIgniter\CodeIgniter->tryToRouteIt(null)
 8 SYSTEMPATH\CodeIgniter.php(340): CodeIgniter\CodeIgniter->handleRequest(null, Object(Config\Cache), false)
 9 SYSTEMPATH\Boot.php(417): CodeIgniter\CodeIgniter->run()
10 SYSTEMPATH\Boot.php(68): CodeIgniter\Boot::runCodeIgniter(Object(CodeIgniter\CodeIgniter))
11 FCPATH\index.php(59): CodeIgniter\Boot::bootWeb(Object(Config\Paths))
DEBUG - 2026-06-29 05:21:26 --> Session: Class initialized using 'CodeIgniter\Session\Handlers\FileHandler' driver.
WARNING - 2026-06-29 05:21:26 --> [DEPRECATED] Passing lowercase HTTP method "get" is deprecated. Use uppercase HTTP method like "GET". in SYSTEMPATH\Router\RouteCollection.php on line 1026.
 1 SYSTEMPATH\Router\RouteCollection.php(1026): trigger_error('Passing lowercase HTTP method "get" is deprecated. Use uppercase HTTP method like "GET".', 16384)
 2 APPPATH\Config\Routes.php(28): CodeIgniter\Router\RouteCollection->match([...], 'authenticate', 'Admin::authenticate')
 3 SYSTEMPATH\Router\RouteCollection.php(799): CodeIgniter\Router\RouteCollection->{closure}(Object(CodeIgniter\Router\RouteCollection))
 4 APPPATH\Config\Routes.php(25): CodeIgniter\Router\RouteCollection->group('admin', [...], Object(Closure))
 5 SYSTEMPATH\Router\RouteCollection.php(339): require('C:\\xampp\\htdocs\\myfoodblog\\app\\Config\\Routes.php')
 6 SYSTEMPATH\CodeIgniter.php(818): CodeIgniter\Router\RouteCollection->loadRoutes()
 7 SYSTEMPATH\CodeIgniter.php(441): CodeIgniter\CodeIgniter->tryToRouteIt(null)
 8 SYSTEMPATH\CodeIgniter.php(340): CodeIgniter\CodeIgniter->handleRequest(null, Object(Config\Cache), false)
 9 SYSTEMPATH\Boot.php(417): CodeIgniter\CodeIgniter->run()
10 SYSTEMPATH\Boot.php(68): CodeIgniter\Boot::runCodeIgniter(Object(CodeIgniter\CodeIgniter))
11 FCPATH\index.php(59): CodeIgniter\Boot::bootWeb(Object(Config\Paths))
WARNING - 2026-06-29 05:21:26 --> [DEPRECATED] Passing lowercase HTTP method "post" is deprecated. Use uppercase HTTP method like "POST". in SYSTEMPATH\Router\RouteCollection.php on line 1026.
 1 SYSTEMPATH\Router\RouteCollection.php(1026): trigger_error('Passing lowercase HTTP method "post" is deprecated. Use uppercase HTTP method like "POST".', 16384)
 2 APPPATH\Config\Routes.php(28): CodeIgniter\Router\RouteCollection->match([...], 'authenticate', 'Admin::authenticate')
 3 SYSTEMPATH\Router\RouteCollection.php(799): CodeIgniter\Router\RouteCollection->{closure}(Object(CodeIgniter\Router\RouteCollection))
 4 APPPATH\Config\Routes.php(25): CodeIgniter\Router\RouteCollection->group('admin', [...], Object(Closure))
 5 SYSTEMPATH\Router\RouteCollection.php(339): require('C:\\xampp\\htdocs\\myfoodblog\\app\\Config\\Routes.php')
 6 SYSTEMPATH\CodeIgniter.php(818): CodeIgniter\Router\RouteCollection->loadRoutes()
 7 SYSTEMPATH\CodeIgniter.php(441): CodeIgniter\CodeIgniter->tryToRouteIt(null)
 8 SYSTEMPATH\CodeIgniter.php(340): CodeIgniter\CodeIgniter->handleRequest(null, Object(Config\Cache), false)
 9 SYSTEMPATH\Boot.php(417): CodeIgniter\CodeIgniter->run()
10 SYSTEMPATH\Boot.php(68): CodeIgniter\Boot::runCodeIgniter(Object(CodeIgniter\CodeIgniter))
11 FCPATH\index.php(59): CodeIgniter\Boot::bootWeb(Object(Config\Paths))
WARNING - 2026-06-29 05:21:57 --> [DEPRECATED] Passing lowercase HTTP method "get" is deprecated. Use uppercase HTTP method like "GET". in SYSTEMPATH\Router\RouteCollection.php on line 1026.
 1 SYSTEMPATH\Router\RouteCollection.php(1026): trigger_error('Passing lowercase HTTP method "get" is deprecated. Use uppercase HTTP method like "GET".', 16384)
 2 APPPATH\Config\Routes.php(28): CodeIgniter\Router\RouteCollection->match([...], 'authenticate', 'Admin::authenticate')
 3 SYSTEMPATH\Router\RouteCollection.php(799): CodeIgniter\Router\RouteCollection->{closure}(Object(CodeIgniter\Router\RouteCollection))
 4 APPPATH\Config\Routes.php(25): CodeIgniter\Router\RouteCollection->group('admin', [...], Object(Closure))
 5 SYSTEMPATH\Router\RouteCollection.php(339): require('C:\\xampp\\htdocs\\myfoodblog\\app\\Config\\Routes.php')
 6 SYSTEMPATH\CodeIgniter.php(818): CodeIgniter\Router\RouteCollection->loadRoutes()
 7 SYSTEMPATH\CodeIgniter.php(441): CodeIgniter\CodeIgniter->tryToRouteIt(null)
 8 SYSTEMPATH\CodeIgniter.php(340): CodeIgniter\CodeIgniter->handleRequest(null, Object(Config\Cache), false)
 9 SYSTEMPATH\Boot.php(417): CodeIgniter\CodeIgniter->run()
10 SYSTEMPATH\Boot.php(68): CodeIgniter\Boot::runCodeIgniter(Object(CodeIgniter\CodeIgniter))
11 FCPATH\index.php(59): CodeIgniter\Boot::bootWeb(Object(Config\Paths))
WARNING - 2026-06-29 05:21:57 --> [DEPRECATED] Passing lowercase HTTP method "post" is deprecated. Use uppercase HTTP method like "POST". in SYSTEMPATH\Router\RouteCollection.php on line 1026.
 1 SYSTEMPATH\Router\RouteCollection.php(1026): trigger_error('Passing lowercase HTTP method "post" is deprecated. Use uppercase HTTP method like "POST".', 16384)
 2 APPPATH\Config\Routes.php(28): CodeIgniter\Router\RouteCollection->match([...], 'authenticate', 'Admin::authenticate')
 3 SYSTEMPATH\Router\RouteCollection.php(799): CodeIgniter\Router\RouteCollection->{closure}(Object(CodeIgniter\Router\RouteCollection))
 4 APPPATH\Config\Routes.php(25): CodeIgniter\Router\RouteCollection->group('admin', [...], Object(Closure))
 5 SYSTEMPATH\Router\RouteCollection.php(339): require('C:\\xampp\\htdocs\\myfoodblog\\app\\Config\\Routes.php')
 6 SYSTEMPATH\CodeIgniter.php(818): CodeIgniter\Router\RouteCollection->loadRoutes()
 7 SYSTEMPATH\CodeIgniter.php(441): CodeIgniter\CodeIgniter->tryToRouteIt(null)
 8 SYSTEMPATH\CodeIgniter.php(340): CodeIgniter\CodeIgniter->handleRequest(null, Object(Config\Cache), false)
 9 SYSTEMPATH\Boot.php(417): CodeIgniter\CodeIgniter->run()
10 SYSTEMPATH\Boot.php(68): CodeIgniter\Boot::runCodeIgniter(Object(CodeIgniter\CodeIgniter))
11 FCPATH\index.php(59): CodeIgniter\Boot::bootWeb(Object(Config\Paths))
WARNING - 2026-06-29 05:21:59 --> [DEPRECATED] Passing lowercase HTTP method "get" is deprecated. Use uppercase HTTP method like "GET". in SYSTEMPATH\Router\RouteCollection.php on line 1026.
 1 SYSTEMPATH\Router\RouteCollection.php(1026): trigger_error('Passing lowercase HTTP method "get" is deprecated. Use uppercase HTTP method like "GET".', 16384)
 2 APPPATH\Config\Routes.php(28): CodeIgniter\Router\RouteCollection->match([...], 'authenticate', 'Admin::authenticate')
 3 SYSTEMPATH\Router\RouteCollection.php(799): CodeIgniter\Router\RouteCollection->{closure}(Object(CodeIgniter\Router\RouteCollection))
 4 APPPATH\Config\Routes.php(25): CodeIgniter\Router\RouteCollection->group('admin', [...], Object(Closure))
 5 SYSTEMPATH\Router\RouteCollection.php(339): require('C:\\xampp\\htdocs\\myfoodblog\\app\\Config\\Routes.php')
 6 SYSTEMPATH\CodeIgniter.php(818): CodeIgniter\Router\RouteCollection->loadRoutes()
 7 SYSTEMPATH\CodeIgniter.php(441): CodeIgniter\CodeIgniter->tryToRouteIt(null)
 8 SYSTEMPATH\CodeIgniter.php(340): CodeIgniter\CodeIgniter->handleRequest(null, Object(Config\Cache), false)
 9 SYSTEMPATH\Boot.php(417): CodeIgniter\CodeIgniter->run()
10 SYSTEMPATH\Boot.php(68): CodeIgniter\Boot::runCodeIgniter(Object(CodeIgniter\CodeIgniter))
11 FCPATH\index.php(59): CodeIgniter\Boot::bootWeb(Object(Config\Paths))
WARNING - 2026-06-29 05:21:59 --> [DEPRECATED] Passing lowercase HTTP method "post" is deprecated. Use uppercase HTTP method like "POST". in SYSTEMPATH\Router\RouteCollection.php on line 1026.
 1 SYSTEMPATH\Router\RouteCollection.php(1026): trigger_error('Passing lowercase HTTP method "post" is deprecated. Use uppercase HTTP method like "POST".', 16384)
 2 APPPATH\Config\Routes.php(28): CodeIgniter\Router\RouteCollection->match([...], 'authenticate', 'Admin::authenticate')
 3 SYSTEMPATH\Router\RouteCollection.php(799): CodeIgniter\Router\RouteCollection->{closure}(Object(CodeIgniter\Router\RouteCollection))
 4 APPPATH\Config\Routes.php(25): CodeIgniter\Router\RouteCollection->group('admin', [...], Object(Closure))
 5 SYSTEMPATH\Router\RouteCollection.php(339): require('C:\\xampp\\htdocs\\myfoodblog\\app\\Config\\Routes.php')
 6 SYSTEMPATH\CodeIgniter.php(818): CodeIgniter\Router\RouteCollection->loadRoutes()
 7 SYSTEMPATH\CodeIgniter.php(441): CodeIgniter\CodeIgniter->tryToRouteIt(null)
 8 SYSTEMPATH\CodeIgniter.php(340): CodeIgniter\CodeIgniter->handleRequest(null, Object(Config\Cache), false)
 9 SYSTEMPATH\Boot.php(417): CodeIgniter\CodeIgniter->run()
10 SYSTEMPATH\Boot.php(68): CodeIgniter\Boot::runCodeIgniter(Object(CodeIgniter\CodeIgniter))
11 FCPATH\index.php(59): CodeIgniter\Boot::bootWeb(Object(Config\Paths))
DEBUG - 2026-06-29 05:21:59 --> Session: Class initialized using 'CodeIgniter\Session\Handlers\FileHandler' driver.
WARNING - 2026-06-29 05:21:59 --> [DEPRECATED] Passing lowercase HTTP method "get" is deprecated. Use uppercase HTTP method like "GET". in SYSTEMPATH\Router\RouteCollection.php on line 1026.
 1 SYSTEMPATH\Router\RouteCollection.php(1026): trigger_error('Passing lowercase HTTP method "get" is deprecated. Use uppercase HTTP method like "GET".', 16384)
 2 APPPATH\Config\Routes.php(28): CodeIgniter\Router\RouteCollection->match([...], 'authenticate', 'Admin::authenticate')
 3 SYSTEMPATH\Router\RouteCollection.php(799): CodeIgniter\Router\RouteCollection->{closure}(Object(CodeIgniter\Router\RouteCollection))
 4 APPPATH\Config\Routes.php(25): CodeIgniter\Router\RouteCollection->group('admin', [...], Object(Closure))
 5 SYSTEMPATH\Router\RouteCollection.php(339): require('C:\\xampp\\htdocs\\myfoodblog\\app\\Config\\Routes.php')
 6 SYSTEMPATH\CodeIgniter.php(818): CodeIgniter\Router\RouteCollection->loadRoutes()
 7 SYSTEMPATH\CodeIgniter.php(441): CodeIgniter\CodeIgniter->tryToRouteIt(null)
 8 SYSTEMPATH\CodeIgniter.php(340): CodeIgniter\CodeIgniter->handleRequest(null, Object(Config\Cache), false)
 9 SYSTEMPATH\Boot.php(417): CodeIgniter\CodeIgniter->run()
10 SYSTEMPATH\Boot.php(68): CodeIgniter\Boot::runCodeIgniter(Object(CodeIgniter\CodeIgniter))
11 FCPATH\index.php(59): CodeIgniter\Boot::bootWeb(Object(Config\Paths))
WARNING - 2026-06-29 05:21:59 --> [DEPRECATED] Passing lowercase HTTP method "post" is deprecated. Use uppercase HTTP method like "POST". in SYSTEMPATH\Router\RouteCollection.php on line 1026.
 1 SYSTEMPATH\Router\RouteCollection.php(1026): trigger_error('Passing lowercase HTTP method "post" is deprecated. Use uppercase HTTP method like "POST".', 16384)
 2 APPPATH\Config\Routes.php(28): CodeIgniter\Router\RouteCollection->match([...], 'authenticate', 'Admin::authenticate')
 3 SYSTEMPATH\Router\RouteCollection.php(799): CodeIgniter\Router\RouteCollection->{closure}(Object(CodeIgniter\Router\RouteCollection))
 4 APPPATH\Config\Routes.php(25): CodeIgniter\Router\RouteCollection->group('admin', [...], Object(Closure))
 5 SYSTEMPATH\Router\RouteCollection.php(339): require('C:\\xampp\\htdocs\\myfoodblog\\app\\Config\\Routes.php')
 6 SYSTEMPATH\CodeIgniter.php(818): CodeIgniter\Router\RouteCollection->loadRoutes()
 7 SYSTEMPATH\CodeIgniter.php(441): CodeIgniter\CodeIgniter->tryToRouteIt(null)
 8 SYSTEMPATH\CodeIgniter.php(340): CodeIgniter\CodeIgniter->handleRequest(null, Object(Config\Cache), false)
 9 SYSTEMPATH\Boot.php(417): CodeIgniter\CodeIgniter->run()
10 SYSTEMPATH\Boot.php(68): CodeIgniter\Boot::runCodeIgniter(Object(CodeIgniter\CodeIgniter))
11 FCPATH\index.php(59): CodeIgniter\Boot::bootWeb(Object(Config\Paths))
WARNING - 2026-06-29 05:21:59 --> [DEPRECATED] Passing lowercase HTTP method "get" is deprecated. Use uppercase HTTP method like "GET". in SYSTEMPATH\Router\RouteCollection.php on line 1026.
 1 SYSTEMPATH\Router\RouteCollection.php(1026): trigger_error('Passing lowercase HTTP method "get" is deprecated. Use uppercase HTTP method like "GET".', 16384)
 2 APPPATH\Config\Routes.php(28): CodeIgniter\Router\RouteCollection->match([...], 'authenticate', 'Admin::authenticate')
 3 SYSTEMPATH\Router\RouteCollection.php(799): CodeIgniter\Router\RouteCollection->{closure}(Object(CodeIgniter\Router\RouteCollection))
 4 APPPATH\Config\Routes.php(25): CodeIgniter\Router\RouteCollection->group('admin', [...], Object(Closure))
 5 SYSTEMPATH\Router\RouteCollection.php(339): require('C:\\xampp\\htdocs\\myfoodblog\\app\\Config\\Routes.php')
 6 SYSTEMPATH\CodeIgniter.php(818): CodeIgniter\Router\RouteCollection->loadRoutes()
 7 SYSTEMPATH\CodeIgniter.php(441): CodeIgniter\CodeIgniter->tryToRouteIt(null)
 8 SYSTEMPATH\CodeIgniter.php(340): CodeIgniter\CodeIgniter->handleRequest(null, Object(Config\Cache), false)
 9 SYSTEMPATH\Boot.php(417): CodeIgniter\CodeIgniter->run()
10 SYSTEMPATH\Boot.php(68): CodeIgniter\Boot::runCodeIgniter(Object(CodeIgniter\CodeIgniter))
11 FCPATH\index.php(59): CodeIgniter\Boot::bootWeb(Object(Config\Paths))
WARNING - 2026-06-29 05:21:59 --> [DEPRECATED] Passing lowercase HTTP method "post" is deprecated. Use uppercase HTTP method like "POST". in SYSTEMPATH\Router\RouteCollection.php on line 1026.
 1 SYSTEMPATH\Router\RouteCollection.php(1026): trigger_error('Passing lowercase HTTP method "post" is deprecated. Use uppercase HTTP method like "POST".', 16384)
 2 APPPATH\Config\Routes.php(28): CodeIgniter\Router\RouteCollection->match([...], 'authenticate', 'Admin::authenticate')
 3 SYSTEMPATH\Router\RouteCollection.php(799): CodeIgniter\Router\RouteCollection->{closure}(Object(CodeIgniter\Router\RouteCollection))
 4 APPPATH\Config\Routes.php(25): CodeIgniter\Router\RouteCollection->group('admin', [...], Object(Closure))
 5 SYSTEMPATH\Router\RouteCollection.php(339): require('C:\\xampp\\htdocs\\myfoodblog\\app\\Config\\Routes.php')
 6 SYSTEMPATH\CodeIgniter.php(818): CodeIgniter\Router\RouteCollection->loadRoutes()
 7 SYSTEMPATH\CodeIgniter.php(441): CodeIgniter\CodeIgniter->tryToRouteIt(null)
 8 SYSTEMPATH\CodeIgniter.php(340): CodeIgniter\CodeIgniter->handleRequest(null, Object(Config\Cache), false)
 9 SYSTEMPATH\Boot.php(417): CodeIgniter\CodeIgniter->run()
10 SYSTEMPATH\Boot.php(68): CodeIgniter\Boot::runCodeIgniter(Object(CodeIgniter\CodeIgniter))
11 FCPATH\index.php(59): CodeIgniter\Boot::bootWeb(Object(Config\Paths))
WARNING - 2026-06-29 05:22:03 --> [DEPRECATED] Passing lowercase HTTP method "get" is deprecated. Use uppercase HTTP method like "GET". in SYSTEMPATH\Router\RouteCollection.php on line 1026.
 1 SYSTEMPATH\Router\RouteCollection.php(1026): trigger_error('Passing lowercase HTTP method "get" is deprecated. Use uppercase HTTP method like "GET".', 16384)
 2 APPPATH\Config\Routes.php(28): CodeIgniter\Router\RouteCollection->match([...], 'authenticate', 'Admin::authenticate')
 3 SYSTEMPATH\Router\RouteCollection.php(799): CodeIgniter\Router\RouteCollection->{closure}(Object(CodeIgniter\Router\RouteCollection))
 4 APPPATH\Config\Routes.php(25): CodeIgniter\Router\RouteCollection->group('admin', [...], Object(Closure))
 5 SYSTEMPATH\Router\RouteCollection.php(339): require('C:\\xampp\\htdocs\\myfoodblog\\app\\Config\\Routes.php')
 6 SYSTEMPATH\CodeIgniter.php(818): CodeIgniter\Router\RouteCollection->loadRoutes()
 7 SYSTEMPATH\CodeIgniter.php(441): CodeIgniter\CodeIgniter->tryToRouteIt(null)
 8 SYSTEMPATH\CodeIgniter.php(340): CodeIgniter\CodeIgniter->handleRequest(null, Object(Config\Cache), false)
 9 SYSTEMPATH\Boot.php(417): CodeIgniter\CodeIgniter->run()
10 SYSTEMPATH\Boot.php(68): CodeIgniter\Boot::runCodeIgniter(Object(CodeIgniter\CodeIgniter))
11 FCPATH\index.php(59): CodeIgniter\Boot::bootWeb(Object(Config\Paths))
WARNING - 2026-06-29 05:22:03 --> [DEPRECATED] Passing lowercase HTTP method "post" is deprecated. Use uppercase HTTP method like "POST". in SYSTEMPATH\Router\RouteCollection.php on line 1026.
 1 SYSTEMPATH\Router\RouteCollection.php(1026): trigger_error('Passing lowercase HTTP method "post" is deprecated. Use uppercase HTTP method like "POST".', 16384)
 2 APPPATH\Config\Routes.php(28): CodeIgniter\Router\RouteCollection->match([...], 'authenticate', 'Admin::authenticate')
 3 SYSTEMPATH\Router\RouteCollection.php(799): CodeIgniter\Router\RouteCollection->{closure}(Object(CodeIgniter\Router\RouteCollection))
 4 APPPATH\Config\Routes.php(25): CodeIgniter\Router\RouteCollection->group('admin', [...], Object(Closure))
 5 SYSTEMPATH\Router\RouteCollection.php(339): require('C:\\xampp\\htdocs\\myfoodblog\\app\\Config\\Routes.php')
 6 SYSTEMPATH\CodeIgniter.php(818): CodeIgniter\Router\RouteCollection->loadRoutes()
 7 SYSTEMPATH\CodeIgniter.php(441): CodeIgniter\CodeIgniter->tryToRouteIt(null)
 8 SYSTEMPATH\CodeIgniter.php(340): CodeIgniter\CodeIgniter->handleRequest(null, Object(Config\Cache), false)
 9 SYSTEMPATH\Boot.php(417): CodeIgniter\CodeIgniter->run()
10 SYSTEMPATH\Boot.php(68): CodeIgniter\Boot::runCodeIgniter(Object(CodeIgniter\CodeIgniter))
11 FCPATH\index.php(59): CodeIgniter\Boot::bootWeb(Object(Config\Paths))
DEBUG - 2026-06-29 05:22:03 --> Session: Class initialized using 'CodeIgniter\Session\Handlers\FileHandler' driver.
WARNING - 2026-06-29 05:22:03 --> [DEPRECATED] Passing lowercase HTTP method "get" is deprecated. Use uppercase HTTP method like "GET". in SYSTEMPATH\Router\RouteCollection.php on line 1026.
 1 SYSTEMPATH\Router\RouteCollection.php(1026): trigger_error('Passing lowercase HTTP method "get" is deprecated. Use uppercase HTTP method like "GET".', 16384)
 2 APPPATH\Config\Routes.php(28): CodeIgniter\Router\RouteCollection->match([...], 'authenticate', 'Admin::authenticate')
 3 SYSTEMPATH\Router\RouteCollection.php(799): CodeIgniter\Router\RouteCollection->{closure}(Object(CodeIgniter\Router\RouteCollection))
 4 APPPATH\Config\Routes.php(25): CodeIgniter\Router\RouteCollection->group('admin', [...], Object(Closure))
 5 SYSTEMPATH\Router\RouteCollection.php(339): require('C:\\xampp\\htdocs\\myfoodblog\\app\\Config\\Routes.php')
 6 SYSTEMPATH\CodeIgniter.php(818): CodeIgniter\Router\RouteCollection->loadRoutes()
 7 SYSTEMPATH\CodeIgniter.php(441): CodeIgniter\CodeIgniter->tryToRouteIt(null)
 8 SYSTEMPATH\CodeIgniter.php(340): CodeIgniter\CodeIgniter->handleRequest(null, Object(Config\Cache), false)
 9 SYSTEMPATH\Boot.php(417): CodeIgniter\CodeIgniter->run()
10 SYSTEMPATH\Boot.php(68): CodeIgniter\Boot::runCodeIgniter(Object(CodeIgniter\CodeIgniter))
11 FCPATH\index.php(59): CodeIgniter\Boot::bootWeb(Object(Config\Paths))
WARNING - 2026-06-29 05:22:03 --> [DEPRECATED] Passing lowercase HTTP method "post" is deprecated. Use uppercase HTTP method like "POST". in SYSTEMPATH\Router\RouteCollection.php on line 1026.
 1 SYSTEMPATH\Router\RouteCollection.php(1026): trigger_error('Passing lowercase HTTP method "post" is deprecated. Use uppercase HTTP method like "POST".', 16384)
 2 APPPATH\Config\Routes.php(28): CodeIgniter\Router\RouteCollection->match([...], 'authenticate', 'Admin::authenticate')
 3 SYSTEMPATH\Router\RouteCollection.php(799): CodeIgniter\Router\RouteCollection->{closure}(Object(CodeIgniter\Router\RouteCollection))
 4 APPPATH\Config\Routes.php(25): CodeIgniter\Router\RouteCollection->group('admin', [...], Object(Closure))
 5 SYSTEMPATH\Router\RouteCollection.php(339): require('C:\\xampp\\htdocs\\myfoodblog\\app\\Config\\Routes.php')
 6 SYSTEMPATH\CodeIgniter.php(818): CodeIgniter\Router\RouteCollection->loadRoutes()
 7 SYSTEMPATH\CodeIgniter.php(441): CodeIgniter\CodeIgniter->tryToRouteIt(null)
 8 SYSTEMPATH\CodeIgniter.php(340): CodeIgniter\CodeIgniter->handleRequest(null, Object(Config\Cache), false)
 9 SYSTEMPATH\Boot.php(417): CodeIgniter\CodeIgniter->run()
10 SYSTEMPATH\Boot.php(68): CodeIgniter\Boot::runCodeIgniter(Object(CodeIgniter\CodeIgniter))
11 FCPATH\index.php(59): CodeIgniter\Boot::bootWeb(Object(Config\Paths))
WARNING - 2026-06-29 05:22:03 --> [DEPRECATED] Passing lowercase HTTP method "get" is deprecated. Use uppercase HTTP method like "GET". in SYSTEMPATH\Router\RouteCollection.php on line 1026.
 1 SYSTEMPATH\Router\RouteCollection.php(1026): trigger_error('Passing lowercase HTTP method "get" is deprecated. Use uppercase HTTP method like "GET".', 16384)
 2 APPPATH\Config\Routes.php(28): CodeIgniter\Router\RouteCollection->match([...], 'authenticate', 'Admin::authenticate')
 3 SYSTEMPATH\Router\RouteCollection.php(799): CodeIgniter\Router\RouteCollection->{closure}(Object(CodeIgniter\Router\RouteCollection))
 4 APPPATH\Config\Routes.php(25): CodeIgniter\Router\RouteCollection->group('admin', [...], Object(Closure))
 5 SYSTEMPATH\Router\RouteCollection.php(339): require('C:\\xampp\\htdocs\\myfoodblog\\app\\Config\\Routes.php')
 6 SYSTEMPATH\CodeIgniter.php(818): CodeIgniter\Router\RouteCollection->loadRoutes()
 7 SYSTEMPATH\CodeIgniter.php(441): CodeIgniter\CodeIgniter->tryToRouteIt(null)
 8 SYSTEMPATH\CodeIgniter.php(340): CodeIgniter\CodeIgniter->handleRequest(null, Object(Config\Cache), false)
 9 SYSTEMPATH\Boot.php(417): CodeIgniter\CodeIgniter->run()
10 SYSTEMPATH\Boot.php(68): CodeIgniter\Boot::runCodeIgniter(Object(CodeIgniter\CodeIgniter))
11 FCPATH\index.php(59): CodeIgniter\Boot::bootWeb(Object(Config\Paths))
WARNING - 2026-06-29 05:22:03 --> [DEPRECATED] Passing lowercase HTTP method "post" is deprecated. Use uppercase HTTP method like "POST". in SYSTEMPATH\Router\RouteCollection.php on line 1026.
 1 SYSTEMPATH\Router\RouteCollection.php(1026): trigger_error('Passing lowercase HTTP method "post" is deprecated. Use uppercase HTTP method like "POST".', 16384)
 2 APPPATH\Config\Routes.php(28): CodeIgniter\Router\RouteCollection->match([...], 'authenticate', 'Admin::authenticate')
 3 SYSTEMPATH\Router\RouteCollection.php(799): CodeIgniter\Router\RouteCollection->{closure}(Object(CodeIgniter\Router\RouteCollection))
 4 APPPATH\Config\Routes.php(25): CodeIgniter\Router\RouteCollection->group('admin', [...], Object(Closure))
 5 SYSTEMPATH\Router\RouteCollection.php(339): require('C:\\xampp\\htdocs\\myfoodblog\\app\\Config\\Routes.php')
 6 SYSTEMPATH\CodeIgniter.php(818): CodeIgniter\Router\RouteCollection->loadRoutes()
 7 SYSTEMPATH\CodeIgniter.php(441): CodeIgniter\CodeIgniter->tryToRouteIt(null)
 8 SYSTEMPATH\CodeIgniter.php(340): CodeIgniter\CodeIgniter->handleRequest(null, Object(Config\Cache), false)
 9 SYSTEMPATH\Boot.php(417): CodeIgniter\CodeIgniter->run()
10 SYSTEMPATH\Boot.php(68): CodeIgniter\Boot::runCodeIgniter(Object(CodeIgniter\CodeIgniter))
11 FCPATH\index.php(59): CodeIgniter\Boot::bootWeb(Object(Config\Paths))
WARNING - 2026-06-29 05:22:14 --> [DEPRECATED] Passing lowercase HTTP method "get" is deprecated. Use uppercase HTTP method like "GET". in SYSTEMPATH\Router\RouteCollection.php on line 1026.
 1 SYSTEMPATH\Router\RouteCollection.php(1026): trigger_error('Passing lowercase HTTP method "get" is deprecated. Use uppercase HTTP method like "GET".', 16384)
 2 APPPATH\Config\Routes.php(28): CodeIgniter\Router\RouteCollection->match([...], 'authenticate', 'Admin::authenticate')
 3 SYSTEMPATH\Router\RouteCollection.php(799): CodeIgniter\Router\RouteCollection->{closure}(Object(CodeIgniter\Router\RouteCollection))
 4 APPPATH\Config\Routes.php(25): CodeIgniter\Router\RouteCollection->group('admin', [...], Object(Closure))
 5 SYSTEMPATH\Router\RouteCollection.php(339): require('C:\\xampp\\htdocs\\myfoodblog\\app\\Config\\Routes.php')
 6 SYSTEMPATH\CodeIgniter.php(818): CodeIgniter\Router\RouteCollection->loadRoutes()
 7 SYSTEMPATH\CodeIgniter.php(441): CodeIgniter\CodeIgniter->tryToRouteIt(null)
 8 SYSTEMPATH\CodeIgniter.php(340): CodeIgniter\CodeIgniter->handleRequest(null, Object(Config\Cache), false)
 9 SYSTEMPATH\Boot.php(417): CodeIgniter\CodeIgniter->run()
10 SYSTEMPATH\Boot.php(68): CodeIgniter\Boot::runCodeIgniter(Object(CodeIgniter\CodeIgniter))
11 FCPATH\index.php(59): CodeIgniter\Boot::bootWeb(Object(Config\Paths))
WARNING - 2026-06-29 05:22:14 --> [DEPRECATED] Passing lowercase HTTP method "post" is deprecated. Use uppercase HTTP method like "POST". in SYSTEMPATH\Router\RouteCollection.php on line 1026.
 1 SYSTEMPATH\Router\RouteCollection.php(1026): trigger_error('Passing lowercase HTTP method "post" is deprecated. Use uppercase HTTP method like "POST".', 16384)
 2 APPPATH\Config\Routes.php(28): CodeIgniter\Router\RouteCollection->match([...], 'authenticate', 'Admin::authenticate')
 3 SYSTEMPATH\Router\RouteCollection.php(799): CodeIgniter\Router\RouteCollection->{closure}(Object(CodeIgniter\Router\RouteCollection))
 4 APPPATH\Config\Routes.php(25): CodeIgniter\Router\RouteCollection->group('admin', [...], Object(Closure))
 5 SYSTEMPATH\Router\RouteCollection.php(339): require('C:\\xampp\\htdocs\\myfoodblog\\app\\Config\\Routes.php')
 6 SYSTEMPATH\CodeIgniter.php(818): CodeIgniter\Router\RouteCollection->loadRoutes()
 7 SYSTEMPATH\CodeIgniter.php(441): CodeIgniter\CodeIgniter->tryToRouteIt(null)
 8 SYSTEMPATH\CodeIgniter.php(340): CodeIgniter\CodeIgniter->handleRequest(null, Object(Config\Cache), false)
 9 SYSTEMPATH\Boot.php(417): CodeIgniter\CodeIgniter->run()
10 SYSTEMPATH\Boot.php(68): CodeIgniter\Boot::runCodeIgniter(Object(CodeIgniter\CodeIgniter))
11 FCPATH\index.php(59): CodeIgniter\Boot::bootWeb(Object(Config\Paths))
DEBUG - 2026-06-29 05:22:14 --> Session: Class initialized using 'CodeIgniter\Session\Handlers\FileHandler' driver.
WARNING - 2026-06-29 05:22:14 --> [DEPRECATED] Passing lowercase HTTP method "get" is deprecated. Use uppercase HTTP method like "GET". in SYSTEMPATH\Router\RouteCollection.php on line 1026.
 1 SYSTEMPATH\Router\RouteCollection.php(1026): trigger_error('Passing lowercase HTTP method "get" is deprecated. Use uppercase HTTP method like "GET".', 16384)
 2 APPPATH\Config\Routes.php(28): CodeIgniter\Router\RouteCollection->match([...], 'authenticate', 'Admin::authenticate')
 3 SYSTEMPATH\Router\RouteCollection.php(799): CodeIgniter\Router\RouteCollection->{closure}(Object(CodeIgniter\Router\RouteCollection))
 4 APPPATH\Config\Routes.php(25): CodeIgniter\Router\RouteCollection->group('admin', [...], Object(Closure))
 5 SYSTEMPATH\Router\RouteCollection.php(339): require('C:\\xampp\\htdocs\\myfoodblog\\app\\Config\\Routes.php')
 6 SYSTEMPATH\CodeIgniter.php(818): CodeIgniter\Router\RouteCollection->loadRoutes()
 7 SYSTEMPATH\CodeIgniter.php(441): CodeIgniter\CodeIgniter->tryToRouteIt(null)
 8 SYSTEMPATH\CodeIgniter.php(340): CodeIgniter\CodeIgniter->handleRequest(null, Object(Config\Cache), false)
 9 SYSTEMPATH\Boot.php(417): CodeIgniter\CodeIgniter->run()
10 SYSTEMPATH\Boot.php(68): CodeIgniter\Boot::runCodeIgniter(Object(CodeIgniter\CodeIgniter))
11 FCPATH\index.php(59): CodeIgniter\Boot::bootWeb(Object(Config\Paths))
WARNING - 2026-06-29 05:22:14 --> [DEPRECATED] Passing lowercase HTTP method "post" is deprecated. Use uppercase HTTP method like "POST". in SYSTEMPATH\Router\RouteCollection.php on line 1026.
 1 SYSTEMPATH\Router\RouteCollection.php(1026): trigger_error('Passing lowercase HTTP method "post" is deprecated. Use uppercase HTTP method like "POST".', 16384)
 2 APPPATH\Config\Routes.php(28): CodeIgniter\Router\RouteCollection->match([...], 'authenticate', 'Admin::authenticate')
 3 SYSTEMPATH\Router\RouteCollection.php(799): CodeIgniter\Router\RouteCollection->{closure}(Object(CodeIgniter\Router\RouteCollection))
 4 APPPATH\Config\Routes.php(25): CodeIgniter\Router\RouteCollection->group('admin', [...], Object(Closure))
 5 SYSTEMPATH\Router\RouteCollection.php(339): require('C:\\xampp\\htdocs\\myfoodblog\\app\\Config\\Routes.php')
 6 SYSTEMPATH\CodeIgniter.php(818): CodeIgniter\Router\RouteCollection->loadRoutes()
 7 SYSTEMPATH\CodeIgniter.php(441): CodeIgniter\CodeIgniter->tryToRouteIt(null)
 8 SYSTEMPATH\CodeIgniter.php(340): CodeIgniter\CodeIgniter->handleRequest(null, Object(Config\Cache), false)
 9 SYSTEMPATH\Boot.php(417): CodeIgniter\CodeIgniter->run()
10 SYSTEMPATH\Boot.php(68): CodeIgniter\Boot::runCodeIgniter(Object(CodeIgniter\CodeIgniter))
11 FCPATH\index.php(59): CodeIgniter\Boot::bootWeb(Object(Config\Paths))
DEBUG - 2026-06-29 05:22:14 --> Session: Class initialized using 'CodeIgniter\Session\Handlers\FileHandler' driver.
WARNING - 2026-06-29 05:22:14 --> [DEPRECATED] Passing lowercase HTTP method "get" is deprecated. Use uppercase HTTP method like "GET". in SYSTEMPATH\Router\RouteCollection.php on line 1026.
 1 SYSTEMPATH\Router\RouteCollection.php(1026): trigger_error('Passing lowercase HTTP method "get" is deprecated. Use uppercase HTTP method like "GET".', 16384)
 2 APPPATH\Config\Routes.php(28): CodeIgniter\Router\RouteCollection->match([...], 'authenticate', 'Admin::authenticate')
 3 SYSTEMPATH\Router\RouteCollection.php(799): CodeIgniter\Router\RouteCollection->{closure}(Object(CodeIgniter\Router\RouteCollection))
 4 APPPATH\Config\Routes.php(25): CodeIgniter\Router\RouteCollection->group('admin', [...], Object(Closure))
 5 SYSTEMPATH\Router\RouteCollection.php(339): require('C:\\xampp\\htdocs\\myfoodblog\\app\\Config\\Routes.php')
 6 SYSTEMPATH\CodeIgniter.php(818): CodeIgniter\Router\RouteCollection->loadRoutes()
 7 SYSTEMPATH\CodeIgniter.php(441): CodeIgniter\CodeIgniter->tryToRouteIt(null)
 8 SYSTEMPATH\CodeIgniter.php(340): CodeIgniter\CodeIgniter->handleRequest(null, Object(Config\Cache), false)
 9 SYSTEMPATH\Boot.php(417): CodeIgniter\CodeIgniter->run()
10 SYSTEMPATH\Boot.php(68): CodeIgniter\Boot::runCodeIgniter(Object(CodeIgniter\CodeIgniter))
11 FCPATH\index.php(59): CodeIgniter\Boot::bootWeb(Object(Config\Paths))
WARNING - 2026-06-29 05:22:14 --> [DEPRECATED] Passing lowercase HTTP method "post" is deprecated. Use uppercase HTTP method like "POST". in SYSTEMPATH\Router\RouteCollection.php on line 1026.
 1 SYSTEMPATH\Router\RouteCollection.php(1026): trigger_error('Passing lowercase HTTP method "post" is deprecated. Use uppercase HTTP method like "POST".', 16384)
 2 APPPATH\Config\Routes.php(28): CodeIgniter\Router\RouteCollection->match([...], 'authenticate', 'Admin::authenticate')
 3 SYSTEMPATH\Router\RouteCollection.php(799): CodeIgniter\Router\RouteCollection->{closure}(Object(CodeIgniter\Router\RouteCollection))
 4 APPPATH\Config\Routes.php(25): CodeIgniter\Router\RouteCollection->group('admin', [...], Object(Closure))
 5 SYSTEMPATH\Router\RouteCollection.php(339): require('C:\\xampp\\htdocs\\myfoodblog\\app\\Config\\Routes.php')
 6 SYSTEMPATH\CodeIgniter.php(818): CodeIgniter\Router\RouteCollection->loadRoutes()
 7 SYSTEMPATH\CodeIgniter.php(441): CodeIgniter\CodeIgniter->tryToRouteIt(null)
 8 SYSTEMPATH\CodeIgniter.php(340): CodeIgniter\CodeIgniter->handleRequest(null, Object(Config\Cache), false)
 9 SYSTEMPATH\Boot.php(417): CodeIgniter\CodeIgniter->run()
10 SYSTEMPATH\Boot.php(68): CodeIgniter\Boot::runCodeIgniter(Object(CodeIgniter\CodeIgniter))
11 FCPATH\index.php(59): CodeIgniter\Boot::bootWeb(Object(Config\Paths))
WARNING - 2026-06-29 05:22:14 --> [DEPRECATED] Passing lowercase HTTP method "get" is deprecated. Use uppercase HTTP method like "GET". in SYSTEMPATH\Router\RouteCollection.php on line 1026.
 1 SYSTEMPATH\Router\RouteCollection.php(1026): trigger_error('Passing lowercase HTTP method "get" is deprecated. Use uppercase HTTP method like "GET".', 16384)
 2 APPPATH\Config\Routes.php(28): CodeIgniter\Router\RouteCollection->match([...], 'authenticate', 'Admin::authenticate')
 3 SYSTEMPATH\Router\RouteCollection.php(799): CodeIgniter\Router\RouteCollection->{closure}(Object(CodeIgniter\Router\RouteCollection))
 4 APPPATH\Config\Routes.php(25): CodeIgniter\Router\RouteCollection->group('admin', [...], Object(Closure))
 5 SYSTEMPATH\Router\RouteCollection.php(339): require('C:\\xampp\\htdocs\\myfoodblog\\app\\Config\\Routes.php')
 6 SYSTEMPATH\CodeIgniter.php(818): CodeIgniter\Router\RouteCollection->loadRoutes()
 7 SYSTEMPATH\CodeIgniter.php(441): CodeIgniter\CodeIgniter->tryToRouteIt(null)
 8 SYSTEMPATH\CodeIgniter.php(340): CodeIgniter\CodeIgniter->handleRequest(null, Object(Config\Cache), false)
 9 SYSTEMPATH\Boot.php(417): CodeIgniter\CodeIgniter->run()
10 SYSTEMPATH\Boot.php(68): CodeIgniter\Boot::runCodeIgniter(Object(CodeIgniter\CodeIgniter))
11 FCPATH\index.php(59): CodeIgniter\Boot::bootWeb(Object(Config\Paths))
WARNING - 2026-06-29 05:22:14 --> [DEPRECATED] Passing lowercase HTTP method "post" is deprecated. Use uppercase HTTP method like "POST". in SYSTEMPATH\Router\RouteCollection.php on line 1026.
 1 SYSTEMPATH\Router\RouteCollection.php(1026): trigger_error('Passing lowercase HTTP method "post" is deprecated. Use uppercase HTTP method like "POST".', 16384)
 2 APPPATH\Config\Routes.php(28): CodeIgniter\Router\RouteCollection->match([...], 'authenticate', 'Admin::authenticate')
 3 SYSTEMPATH\Router\RouteCollection.php(799): CodeIgniter\Router\RouteCollection->{closure}(Object(CodeIgniter\Router\RouteCollection))
 4 APPPATH\Config\Routes.php(25): CodeIgniter\Router\RouteCollection->group('admin', [...], Object(Closure))
 5 SYSTEMPATH\Router\RouteCollection.php(339): require('C:\\xampp\\htdocs\\myfoodblog\\app\\Config\\Routes.php')
 6 SYSTEMPATH\CodeIgniter.php(818): CodeIgniter\Router\RouteCollection->loadRoutes()
 7 SYSTEMPATH\CodeIgniter.php(441): CodeIgniter\CodeIgniter->tryToRouteIt(null)
 8 SYSTEMPATH\CodeIgniter.php(340): CodeIgniter\CodeIgniter->handleRequest(null, Object(Config\Cache), false)
 9 SYSTEMPATH\Boot.php(417): CodeIgniter\CodeIgniter->run()
10 SYSTEMPATH\Boot.php(68): CodeIgniter\Boot::runCodeIgniter(Object(CodeIgniter\CodeIgniter))
11 FCPATH\index.php(59): CodeIgniter\Boot::bootWeb(Object(Config\Paths))
WARNING - 2026-06-29 05:22:29 --> [DEPRECATED] Passing lowercase HTTP method "get" is deprecated. Use uppercase HTTP method like "GET". in SYSTEMPATH\Router\RouteCollection.php on line 1026.
 1 SYSTEMPATH\Router\RouteCollection.php(1026): trigger_error('Passing lowercase HTTP method "get" is deprecated. Use uppercase HTTP method like "GET".', 16384)
 2 APPPATH\Config\Routes.php(28): CodeIgniter\Router\RouteCollection->match([...], 'authenticate', 'Admin::authenticate')
 3 SYSTEMPATH\Router\RouteCollection.php(799): CodeIgniter\Router\RouteCollection->{closure}(Object(CodeIgniter\Router\RouteCollection))
 4 APPPATH\Config\Routes.php(25): CodeIgniter\Router\RouteCollection->group('admin', [...], Object(Closure))
 5 SYSTEMPATH\Router\RouteCollection.php(339): require('C:\\xampp\\htdocs\\myfoodblog\\app\\Config\\Routes.php')
 6 SYSTEMPATH\CodeIgniter.php(818): CodeIgniter\Router\RouteCollection->loadRoutes()
 7 SYSTEMPATH\CodeIgniter.php(441): CodeIgniter\CodeIgniter->tryToRouteIt(null)
 8 SYSTEMPATH\CodeIgniter.php(340): CodeIgniter\CodeIgniter->handleRequest(null, Object(Config\Cache), false)
 9 SYSTEMPATH\Boot.php(417): CodeIgniter\CodeIgniter->run()
10 SYSTEMPATH\Boot.php(68): CodeIgniter\Boot::runCodeIgniter(Object(CodeIgniter\CodeIgniter))
11 FCPATH\index.php(59): CodeIgniter\Boot::bootWeb(Object(Config\Paths))
WARNING - 2026-06-29 05:22:29 --> [DEPRECATED] Passing lowercase HTTP method "post" is deprecated. Use uppercase HTTP method like "POST". in SYSTEMPATH\Router\RouteCollection.php on line 1026.
 1 SYSTEMPATH\Router\RouteCollection.php(1026): trigger_error('Passing lowercase HTTP method "post" is deprecated. Use uppercase HTTP method like "POST".', 16384)
 2 APPPATH\Config\Routes.php(28): CodeIgniter\Router\RouteCollection->match([...], 'authenticate', 'Admin::authenticate')
 3 SYSTEMPATH\Router\RouteCollection.php(799): CodeIgniter\Router\RouteCollection->{closure}(Object(CodeIgniter\Router\RouteCollection))
 4 APPPATH\Config\Routes.php(25): CodeIgniter\Router\RouteCollection->group('admin', [...], Object(Closure))
 5 SYSTEMPATH\Router\RouteCollection.php(339): require('C:\\xampp\\htdocs\\myfoodblog\\app\\Config\\Routes.php')
 6 SYSTEMPATH\CodeIgniter.php(818): CodeIgniter\Router\RouteCollection->loadRoutes()
 7 SYSTEMPATH\CodeIgniter.php(441): CodeIgniter\CodeIgniter->tryToRouteIt(null)
 8 SYSTEMPATH\CodeIgniter.php(340): CodeIgniter\CodeIgniter->handleRequest(null, Object(Config\Cache), false)
 9 SYSTEMPATH\Boot.php(417): CodeIgniter\CodeIgniter->run()
10 SYSTEMPATH\Boot.php(68): CodeIgniter\Boot::runCodeIgniter(Object(CodeIgniter\CodeIgniter))
11 FCPATH\index.php(59): CodeIgniter\Boot::bootWeb(Object(Config\Paths))
DEBUG - 2026-06-29 05:22:29 --> Session: Class initialized using 'CodeIgniter\Session\Handlers\FileHandler' driver.
WARNING - 2026-06-29 05:22:29 --> [DEPRECATED] Passing lowercase HTTP method "get" is deprecated. Use uppercase HTTP method like "GET". in SYSTEMPATH\Router\RouteCollection.php on line 1026.
 1 SYSTEMPATH\Router\RouteCollection.php(1026): trigger_error('Passing lowercase HTTP method "get" is deprecated. Use uppercase HTTP method like "GET".', 16384)
 2 APPPATH\Config\Routes.php(28): CodeIgniter\Router\RouteCollection->match([...], 'authenticate', 'Admin::authenticate')
 3 SYSTEMPATH\Router\RouteCollection.php(799): CodeIgniter\Router\RouteCollection->{closure}(Object(CodeIgniter\Router\RouteCollection))
 4 APPPATH\Config\Routes.php(25): CodeIgniter\Router\RouteCollection->group('admin', [...], Object(Closure))
 5 SYSTEMPATH\Router\RouteCollection.php(339): require('C:\\xampp\\htdocs\\myfoodblog\\app\\Config\\Routes.php')
 6 SYSTEMPATH\CodeIgniter.php(818): CodeIgniter\Router\RouteCollection->loadRoutes()
 7 SYSTEMPATH\CodeIgniter.php(441): CodeIgniter\CodeIgniter->tryToRouteIt(null)
 8 SYSTEMPATH\CodeIgniter.php(340): CodeIgniter\CodeIgniter->handleRequest(null, Object(Config\Cache), false)
 9 SYSTEMPATH\Boot.php(417): CodeIgniter\CodeIgniter->run()
10 SYSTEMPATH\Boot.php(68): CodeIgniter\Boot::runCodeIgniter(Object(CodeIgniter\CodeIgniter))
11 FCPATH\index.php(59): CodeIgniter\Boot::bootWeb(Object(Config\Paths))
WARNING - 2026-06-29 05:22:29 --> [DEPRECATED] Passing lowercase HTTP method "get" is deprecated. Use uppercase HTTP method like "GET". in SYSTEMPATH\Router\RouteCollection.php on line 1026.
 1 SYSTEMPATH\Router\RouteCollection.php(1026): trigger_error('Passing lowercase HTTP method "get" is deprecated. Use uppercase HTTP method like "GET".', 16384)
 2 APPPATH\Config\Routes.php(28): CodeIgniter\Router\RouteCollection->match([...], 'authenticate', 'Admin::authenticate')
 3 SYSTEMPATH\Router\RouteCollection.php(799): CodeIgniter\Router\RouteCollection->{closure}(Object(CodeIgniter\Router\RouteCollection))
 4 APPPATH\Config\Routes.php(25): CodeIgniter\Router\RouteCollection->group('admin', [...], Object(Closure))
 5 SYSTEMPATH\Router\RouteCollection.php(339): require('C:\\xampp\\htdocs\\myfoodblog\\app\\Config\\Routes.php')
 6 SYSTEMPATH\CodeIgniter.php(818): CodeIgniter\Router\RouteCollection->loadRoutes()
 7 SYSTEMPATH\CodeIgniter.php(441): CodeIgniter\CodeIgniter->tryToRouteIt(null)
 8 SYSTEMPATH\CodeIgniter.php(340): CodeIgniter\CodeIgniter->handleRequest(null, Object(Config\Cache), false)
 9 SYSTEMPATH\Boot.php(417): CodeIgniter\CodeIgniter->run()
10 SYSTEMPATH\Boot.php(68): CodeIgniter\Boot::runCodeIgniter(Object(CodeIgniter\CodeIgniter))
11 FCPATH\index.php(59): CodeIgniter\Boot::bootWeb(Object(Config\Paths))
WARNING - 2026-06-29 05:22:29 --> [DEPRECATED] Passing lowercase HTTP method "post" is deprecated. Use uppercase HTTP method like "POST". in SYSTEMPATH\Router\RouteCollection.php on line 1026.
 1 SYSTEMPATH\Router\RouteCollection.php(1026): trigger_error('Passing lowercase HTTP method "post" is deprecated. Use uppercase HTTP method like "POST".', 16384)
 2 APPPATH\Config\Routes.php(28): CodeIgniter\Router\RouteCollection->match([...], 'authenticate', 'Admin::authenticate')
 3 SYSTEMPATH\Router\RouteCollection.php(799): CodeIgniter\Router\RouteCollection->{closure}(Object(CodeIgniter\Router\RouteCollection))
 4 APPPATH\Config\Routes.php(25): CodeIgniter\Router\RouteCollection->group('admin', [...], Object(Closure))
 5 SYSTEMPATH\Router\RouteCollection.php(339): require('C:\\xampp\\htdocs\\myfoodblog\\app\\Config\\Routes.php')
 6 SYSTEMPATH\CodeIgniter.php(818): CodeIgniter\Router\RouteCollection->loadRoutes()
 7 SYSTEMPATH\CodeIgniter.php(441): CodeIgniter\CodeIgniter->tryToRouteIt(null)
 8 SYSTEMPATH\CodeIgniter.php(340): CodeIgniter\CodeIgniter->handleRequest(null, Object(Config\Cache), false)
 9 SYSTEMPATH\Boot.php(417): CodeIgniter\CodeIgniter->run()
10 SYSTEMPATH\Boot.php(68): CodeIgniter\Boot::runCodeIgniter(Object(CodeIgniter\CodeIgniter))
11 FCPATH\index.php(59): CodeIgniter\Boot::bootWeb(Object(Config\Paths))
WARNING - 2026-06-29 05:22:29 --> [DEPRECATED] Passing lowercase HTTP method "post" is deprecated. Use uppercase HTTP method like "POST". in SYSTEMPATH\Router\RouteCollection.php on line 1026.
 1 SYSTEMPATH\Router\RouteCollection.php(1026): trigger_error('Passing lowercase HTTP method "post" is deprecated. Use uppercase HTTP method like "POST".', 16384)
 2 APPPATH\Config\Routes.php(28): CodeIgniter\Router\RouteCollection->match([...], 'authenticate', 'Admin::authenticate')
 3 SYSTEMPATH\Router\RouteCollection.php(799): CodeIgniter\Router\RouteCollection->{closure}(Object(CodeIgniter\Router\RouteCollection))
 4 APPPATH\Config\Routes.php(25): CodeIgniter\Router\RouteCollection->group('admin', [...], Object(Closure))
 5 SYSTEMPATH\Router\RouteCollection.php(339): require('C:\\xampp\\htdocs\\myfoodblog\\app\\Config\\Routes.php')
 6 SYSTEMPATH\CodeIgniter.php(818): CodeIgniter\Router\RouteCollection->loadRoutes()
 7 SYSTEMPATH\CodeIgniter.php(441): CodeIgniter\CodeIgniter->tryToRouteIt(null)
 8 SYSTEMPATH\CodeIgniter.php(340): CodeIgniter\CodeIgniter->handleRequest(null, Object(Config\Cache), false)
 9 SYSTEMPATH\Boot.php(417): CodeIgniter\CodeIgniter->run()
10 SYSTEMPATH\Boot.php(68): CodeIgniter\Boot::runCodeIgniter(Object(CodeIgniter\CodeIgniter))
11 FCPATH\index.php(59): CodeIgniter\Boot::bootWeb(Object(Config\Paths))
WARNING - 2026-06-29 05:22:42 --> [DEPRECATED] Passing lowercase HTTP method "get" is deprecated. Use uppercase HTTP method like "GET". in SYSTEMPATH\Router\RouteCollection.php on line 1026.
 1 SYSTEMPATH\Router\RouteCollection.php(1026): trigger_error('Passing lowercase HTTP method "get" is deprecated. Use uppercase HTTP method like "GET".', 16384)
 2 APPPATH\Config\Routes.php(28): CodeIgniter\Router\RouteCollection->match([...], 'authenticate', 'Admin::authenticate')
 3 SYSTEMPATH\Router\RouteCollection.php(799): CodeIgniter\Router\RouteCollection->{closure}(Object(CodeIgniter\Router\RouteCollection))
 4 APPPATH\Config\Routes.php(25): CodeIgniter\Router\RouteCollection->group('admin', [...], Object(Closure))
 5 SYSTEMPATH\Router\RouteCollection.php(339): require('C:\\xampp\\htdocs\\myfoodblog\\app\\Config\\Routes.php')
 6 SYSTEMPATH\CodeIgniter.php(818): CodeIgniter\Router\RouteCollection->loadRoutes()
 7 SYSTEMPATH\CodeIgniter.php(441): CodeIgniter\CodeIgniter->tryToRouteIt(null)
 8 SYSTEMPATH\CodeIgniter.php(340): CodeIgniter\CodeIgniter->handleRequest(null, Object(Config\Cache), false)
 9 SYSTEMPATH\Boot.php(417): CodeIgniter\CodeIgniter->run()
10 SYSTEMPATH\Boot.php(68): CodeIgniter\Boot::runCodeIgniter(Object(CodeIgniter\CodeIgniter))
11 FCPATH\index.php(59): CodeIgniter\Boot::bootWeb(Object(Config\Paths))
WARNING - 2026-06-29 05:22:42 --> [DEPRECATED] Passing lowercase HTTP method "post" is deprecated. Use uppercase HTTP method like "POST". in SYSTEMPATH\Router\RouteCollection.php on line 1026.
 1 SYSTEMPATH\Router\RouteCollection.php(1026): trigger_error('Passing lowercase HTTP method "post" is deprecated. Use uppercase HTTP method like "POST".', 16384)
 2 APPPATH\Config\Routes.php(28): CodeIgniter\Router\RouteCollection->match([...], 'authenticate', 'Admin::authenticate')
 3 SYSTEMPATH\Router\RouteCollection.php(799): CodeIgniter\Router\RouteCollection->{closure}(Object(CodeIgniter\Router\RouteCollection))
 4 APPPATH\Config\Routes.php(25): CodeIgniter\Router\RouteCollection->group('admin', [...], Object(Closure))
 5 SYSTEMPATH\Router\RouteCollection.php(339): require('C:\\xampp\\htdocs\\myfoodblog\\app\\Config\\Routes.php')
 6 SYSTEMPATH\CodeIgniter.php(818): CodeIgniter\Router\RouteCollection->loadRoutes()
 7 SYSTEMPATH\CodeIgniter.php(441): CodeIgniter\CodeIgniter->tryToRouteIt(null)
 8 SYSTEMPATH\CodeIgniter.php(340): CodeIgniter\CodeIgniter->handleRequest(null, Object(Config\Cache), false)
 9 SYSTEMPATH\Boot.php(417): CodeIgniter\CodeIgniter->run()
10 SYSTEMPATH\Boot.php(68): CodeIgniter\Boot::runCodeIgniter(Object(CodeIgniter\CodeIgniter))
11 FCPATH\index.php(59): CodeIgniter\Boot::bootWeb(Object(Config\Paths))
DEBUG - 2026-06-29 05:22:42 --> Session: Class initialized using 'CodeIgniter\Session\Handlers\FileHandler' driver.
WARNING - 2026-06-29 05:22:43 --> [DEPRECATED] Passing lowercase HTTP method "get" is deprecated. Use uppercase HTTP method like "GET". in SYSTEMPATH\Router\RouteCollection.php on line 1026.
 1 SYSTEMPATH\Router\RouteCollection.php(1026): trigger_error('Passing lowercase HTTP method "get" is deprecated. Use uppercase HTTP method like "GET".', 16384)
 2 APPPATH\Config\Routes.php(28): CodeIgniter\Router\RouteCollection->match([...], 'authenticate', 'Admin::authenticate')
 3 SYSTEMPATH\Router\RouteCollection.php(799): CodeIgniter\Router\RouteCollection->{closure}(Object(CodeIgniter\Router\RouteCollection))
 4 APPPATH\Config\Routes.php(25): CodeIgniter\Router\RouteCollection->group('admin', [...], Object(Closure))
 5 SYSTEMPATH\Router\RouteCollection.php(339): require('C:\\xampp\\htdocs\\myfoodblog\\app\\Config\\Routes.php')
 6 SYSTEMPATH\CodeIgniter.php(818): CodeIgniter\Router\RouteCollection->loadRoutes()
 7 SYSTEMPATH\CodeIgniter.php(441): CodeIgniter\CodeIgniter->tryToRouteIt(null)
 8 SYSTEMPATH\CodeIgniter.php(340): CodeIgniter\CodeIgniter->handleRequest(null, Object(Config\Cache), false)
 9 SYSTEMPATH\Boot.php(417): CodeIgniter\CodeIgniter->run()
10 SYSTEMPATH\Boot.php(68): CodeIgniter\Boot::runCodeIgniter(Object(CodeIgniter\CodeIgniter))
11 FCPATH\index.php(59): CodeIgniter\Boot::bootWeb(Object(Config\Paths))
WARNING - 2026-06-29 05:22:43 --> [DEPRECATED] Passing lowercase HTTP method "post" is deprecated. Use uppercase HTTP method like "POST". in SYSTEMPATH\Router\RouteCollection.php on line 1026.
 1 SYSTEMPATH\Router\RouteCollection.php(1026): trigger_error('Passing lowercase HTTP method "post" is deprecated. Use uppercase HTTP method like "POST".', 16384)
 2 APPPATH\Config\Routes.php(28): CodeIgniter\Router\RouteCollection->match([...], 'authenticate', 'Admin::authenticate')
 3 SYSTEMPATH\Router\RouteCollection.php(799): CodeIgniter\Router\RouteCollection->{closure}(Object(CodeIgniter\Router\RouteCollection))
 4 APPPATH\Config\Routes.php(25): CodeIgniter\Router\RouteCollection->group('admin', [...], Object(Closure))
 5 SYSTEMPATH\Router\RouteCollection.php(339): require('C:\\xampp\\htdocs\\myfoodblog\\app\\Config\\Routes.php')
 6 SYSTEMPATH\CodeIgniter.php(818): CodeIgniter\Router\RouteCollection->loadRoutes()
 7 SYSTEMPATH\CodeIgniter.php(441): CodeIgniter\CodeIgniter->tryToRouteIt(null)
 8 SYSTEMPATH\CodeIgniter.php(340): CodeIgniter\CodeIgniter->handleRequest(null, Object(Config\Cache), false)
 9 SYSTEMPATH\Boot.php(417): CodeIgniter\CodeIgniter->run()
10 SYSTEMPATH\Boot.php(68): CodeIgniter\Boot::runCodeIgniter(Object(CodeIgniter\CodeIgniter))
11 FCPATH\index.php(59): CodeIgniter\Boot::bootWeb(Object(Config\Paths))
DEBUG - 2026-06-29 05:22:43 --> Session: Class initialized using 'CodeIgniter\Session\Handlers\FileHandler' driver.
WARNING - 2026-06-29 05:22:43 --> [DEPRECATED] Passing lowercase HTTP method "get" is deprecated. Use uppercase HTTP method like "GET". in SYSTEMPATH\Router\RouteCollection.php on line 1026.
 1 SYSTEMPATH\Router\RouteCollection.php(1026): trigger_error('Passing lowercase HTTP method "get" is deprecated. Use uppercase HTTP method like "GET".', 16384)
 2 APPPATH\Config\Routes.php(28): CodeIgniter\Router\RouteCollection->match([...], 'authenticate', 'Admin::authenticate')
 3 SYSTEMPATH\Router\RouteCollection.php(799): CodeIgniter\Router\RouteCollection->{closure}(Object(CodeIgniter\Router\RouteCollection))
 4 APPPATH\Config\Routes.php(25): CodeIgniter\Router\RouteCollection->group('admin', [...], Object(Closure))
 5 SYSTEMPATH\Router\RouteCollection.php(339): require('C:\\xampp\\htdocs\\myfoodblog\\app\\Config\\Routes.php')
 6 SYSTEMPATH\CodeIgniter.php(818): CodeIgniter\Router\RouteCollection->loadRoutes()
 7 SYSTEMPATH\CodeIgniter.php(441): CodeIgniter\CodeIgniter->tryToRouteIt(null)
 8 SYSTEMPATH\CodeIgniter.php(340): CodeIgniter\CodeIgniter->handleRequest(null, Object(Config\Cache), false)
 9 SYSTEMPATH\Boot.php(417): CodeIgniter\CodeIgniter->run()
10 SYSTEMPATH\Boot.php(68): CodeIgniter\Boot::runCodeIgniter(Object(CodeIgniter\CodeIgniter))
11 FCPATH\index.php(59): CodeIgniter\Boot::bootWeb(Object(Config\Paths))
WARNING - 2026-06-29 05:22:43 --> [DEPRECATED] Passing lowercase HTTP method "post" is deprecated. Use uppercase HTTP method like "POST". in SYSTEMPATH\Router\RouteCollection.php on line 1026.
 1 SYSTEMPATH\Router\RouteCollection.php(1026): trigger_error('Passing lowercase HTTP method "post" is deprecated. Use uppercase HTTP method like "POST".', 16384)
 2 APPPATH\Config\Routes.php(28): CodeIgniter\Router\RouteCollection->match([...], 'authenticate', 'Admin::authenticate')
 3 SYSTEMPATH\Router\RouteCollection.php(799): CodeIgniter\Router\RouteCollection->{closure}(Object(CodeIgniter\Router\RouteCollection))
 4 APPPATH\Config\Routes.php(25): CodeIgniter\Router\RouteCollection->group('admin', [...], Object(Closure))
 5 SYSTEMPATH\Router\RouteCollection.php(339): require('C:\\xampp\\htdocs\\myfoodblog\\app\\Config\\Routes.php')
 6 SYSTEMPATH\CodeIgniter.php(818): CodeIgniter\Router\RouteCollection->loadRoutes()
 7 SYSTEMPATH\CodeIgniter.php(441): CodeIgniter\CodeIgniter->tryToRouteIt(null)
 8 SYSTEMPATH\CodeIgniter.php(340): CodeIgniter\CodeIgniter->handleRequest(null, Object(Config\Cache), false)
 9 SYSTEMPATH\Boot.php(417): CodeIgniter\CodeIgniter->run()
10 SYSTEMPATH\Boot.php(68): CodeIgniter\Boot::runCodeIgniter(Object(CodeIgniter\CodeIgniter))
11 FCPATH\index.php(59): CodeIgniter\Boot::bootWeb(Object(Config\Paths))
WARNING - 2026-06-29 05:22:43 --> [DEPRECATED] Passing lowercase HTTP method "get" is deprecated. Use uppercase HTTP method like "GET". in SYSTEMPATH\Router\RouteCollection.php on line 1026.
 1 SYSTEMPATH\Router\RouteCollection.php(1026): trigger_error('Passing lowercase HTTP method "get" is deprecated. Use uppercase HTTP method like "GET".', 16384)
 2 APPPATH\Config\Routes.php(28): CodeIgniter\Router\RouteCollection->match([...], 'authenticate', 'Admin::authenticate')
 3 SYSTEMPATH\Router\RouteCollection.php(799): CodeIgniter\Router\RouteCollection->{closure}(Object(CodeIgniter\Router\RouteCollection))
 4 APPPATH\Config\Routes.php(25): CodeIgniter\Router\RouteCollection->group('admin', [...], Object(Closure))
 5 SYSTEMPATH\Router\RouteCollection.php(339): require('C:\\xampp\\htdocs\\myfoodblog\\app\\Config\\Routes.php')
 6 SYSTEMPATH\CodeIgniter.php(818): CodeIgniter\Router\RouteCollection->loadRoutes()
 7 SYSTEMPATH\CodeIgniter.php(441): CodeIgniter\CodeIgniter->tryToRouteIt(null)
 8 SYSTEMPATH\CodeIgniter.php(340): CodeIgniter\CodeIgniter->handleRequest(null, Object(Config\Cache), false)
 9 SYSTEMPATH\Boot.php(417): CodeIgniter\CodeIgniter->run()
10 SYSTEMPATH\Boot.php(68): CodeIgniter\Boot::runCodeIgniter(Object(CodeIgniter\CodeIgniter))
11 FCPATH\index.php(59): CodeIgniter\Boot::bootWeb(Object(Config\Paths))
WARNING - 2026-06-29 05:22:43 --> [DEPRECATED] Passing lowercase HTTP method "post" is deprecated. Use uppercase HTTP method like "POST". in SYSTEMPATH\Router\RouteCollection.php on line 1026.
 1 SYSTEMPATH\Router\RouteCollection.php(1026): trigger_error('Passing lowercase HTTP method "post" is deprecated. Use uppercase HTTP method like "POST".', 16384)
 2 APPPATH\Config\Routes.php(28): CodeIgniter\Router\RouteCollection->match([...], 'authenticate', 'Admin::authenticate')
 3 SYSTEMPATH\Router\RouteCollection.php(799): CodeIgniter\Router\RouteCollection->{closure}(Object(CodeIgniter\Router\RouteCollection))
 4 APPPATH\Config\Routes.php(25): CodeIgniter\Router\RouteCollection->group('admin', [...], Object(Closure))
 5 SYSTEMPATH\Router\RouteCollection.php(339): require('C:\\xampp\\htdocs\\myfoodblog\\app\\Config\\Routes.php')
 6 SYSTEMPATH\CodeIgniter.php(818): CodeIgniter\Router\RouteCollection->loadRoutes()
 7 SYSTEMPATH\CodeIgniter.php(441): CodeIgniter\CodeIgniter->tryToRouteIt(null)
 8 SYSTEMPATH\CodeIgniter.php(340): CodeIgniter\CodeIgniter->handleRequest(null, Object(Config\Cache), false)
 9 SYSTEMPATH\Boot.php(417): CodeIgniter\CodeIgniter->run()
10 SYSTEMPATH\Boot.php(68): CodeIgniter\Boot::runCodeIgniter(Object(CodeIgniter\CodeIgniter))
11 FCPATH\index.php(59): CodeIgniter\Boot::bootWeb(Object(Config\Paths))
WARNING - 2026-06-29 05:23:55 --> [DEPRECATED] Passing lowercase HTTP method "get" is deprecated. Use uppercase HTTP method like "GET". in SYSTEMPATH\Router\RouteCollection.php on line 1026.
 1 SYSTEMPATH\Router\RouteCollection.php(1026): trigger_error('Passing lowercase HTTP method "get" is deprecated. Use uppercase HTTP method like "GET".', 16384)
 2 APPPATH\Config\Routes.php(28): CodeIgniter\Router\RouteCollection->match([...], 'authenticate', 'Admin::authenticate')
 3 SYSTEMPATH\Router\RouteCollection.php(799): CodeIgniter\Router\RouteCollection->{closure}(Object(CodeIgniter\Router\RouteCollection))
 4 APPPATH\Config\Routes.php(25): CodeIgniter\Router\RouteCollection->group('admin', [...], Object(Closure))
 5 SYSTEMPATH\Router\RouteCollection.php(339): require('C:\\xampp\\htdocs\\myfoodblog\\app\\Config\\Routes.php')
 6 SYSTEMPATH\CodeIgniter.php(818): CodeIgniter\Router\RouteCollection->loadRoutes()
 7 SYSTEMPATH\CodeIgniter.php(441): CodeIgniter\CodeIgniter->tryToRouteIt(null)
 8 SYSTEMPATH\CodeIgniter.php(340): CodeIgniter\CodeIgniter->handleRequest(null, Object(Config\Cache), false)
 9 SYSTEMPATH\Boot.php(417): CodeIgniter\CodeIgniter->run()
10 SYSTEMPATH\Boot.php(68): CodeIgniter\Boot::runCodeIgniter(Object(CodeIgniter\CodeIgniter))
11 FCPATH\index.php(59): CodeIgniter\Boot::bootWeb(Object(Config\Paths))
WARNING - 2026-06-29 05:23:55 --> [DEPRECATED] Passing lowercase HTTP method "post" is deprecated. Use uppercase HTTP method like "POST". in SYSTEMPATH\Router\RouteCollection.php on line 1026.
 1 SYSTEMPATH\Router\RouteCollection.php(1026): trigger_error('Passing lowercase HTTP method "post" is deprecated. Use uppercase HTTP method like "POST".', 16384)
 2 APPPATH\Config\Routes.php(28): CodeIgniter\Router\RouteCollection->match([...], 'authenticate', 'Admin::authenticate')
 3 SYSTEMPATH\Router\RouteCollection.php(799): CodeIgniter\Router\RouteCollection->{closure}(Object(CodeIgniter\Router\RouteCollection))
 4 APPPATH\Config\Routes.php(25): CodeIgniter\Router\RouteCollection->group('admin', [...], Object(Closure))
 5 SYSTEMPATH\Router\RouteCollection.php(339): require('C:\\xampp\\htdocs\\myfoodblog\\app\\Config\\Routes.php')
 6 SYSTEMPATH\CodeIgniter.php(818): CodeIgniter\Router\RouteCollection->loadRoutes()
 7 SYSTEMPATH\CodeIgniter.php(441): CodeIgniter\CodeIgniter->tryToRouteIt(null)
 8 SYSTEMPATH\CodeIgniter.php(340): CodeIgniter\CodeIgniter->handleRequest(null, Object(Config\Cache), false)
 9 SYSTEMPATH\Boot.php(417): CodeIgniter\CodeIgniter->run()
10 SYSTEMPATH\Boot.php(68): CodeIgniter\Boot::runCodeIgniter(Object(CodeIgniter\CodeIgniter))
11 FCPATH\index.php(59): CodeIgniter\Boot::bootWeb(Object(Config\Paths))
DEBUG - 2026-06-29 05:23:55 --> Session: Class initialized using 'CodeIgniter\Session\Handlers\FileHandler' driver.
WARNING - 2026-06-29 05:23:56 --> [DEPRECATED] Passing lowercase HTTP method "get" is deprecated. Use uppercase HTTP method like "GET". in SYSTEMPATH\Router\RouteCollection.php on line 1026.
 1 SYSTEMPATH\Router\RouteCollection.php(1026): trigger_error('Passing lowercase HTTP method "get" is deprecated. Use uppercase HTTP method like "GET".', 16384)
 2 APPPATH\Config\Routes.php(28): CodeIgniter\Router\RouteCollection->match([...], 'authenticate', 'Admin::authenticate')
 3 SYSTEMPATH\Router\RouteCollection.php(799): CodeIgniter\Router\RouteCollection->{closure}(Object(CodeIgniter\Router\RouteCollection))
 4 APPPATH\Config\Routes.php(25): CodeIgniter\Router\RouteCollection->group('admin', [...], Object(Closure))
 5 SYSTEMPATH\Router\RouteCollection.php(339): require('C:\\xampp\\htdocs\\myfoodblog\\app\\Config\\Routes.php')
 6 SYSTEMPATH\CodeIgniter.php(818): CodeIgniter\Router\RouteCollection->loadRoutes()
 7 SYSTEMPATH\CodeIgniter.php(441): CodeIgniter\CodeIgniter->tryToRouteIt(null)
 8 SYSTEMPATH\CodeIgniter.php(340): CodeIgniter\CodeIgniter->handleRequest(null, Object(Config\Cache), false)
 9 SYSTEMPATH\Boot.php(417): CodeIgniter\CodeIgniter->run()
10 SYSTEMPATH\Boot.php(68): CodeIgniter\Boot::runCodeIgniter(Object(CodeIgniter\CodeIgniter))
11 FCPATH\index.php(59): CodeIgniter\Boot::bootWeb(Object(Config\Paths))
WARNING - 2026-06-29 05:23:56 --> [DEPRECATED] Passing lowercase HTTP method "post" is deprecated. Use uppercase HTTP method like "POST". in SYSTEMPATH\Router\RouteCollection.php on line 1026.
 1 SYSTEMPATH\Router\RouteCollection.php(1026): trigger_error('Passing lowercase HTTP method "post" is deprecated. Use uppercase HTTP method like "POST".', 16384)
 2 APPPATH\Config\Routes.php(28): CodeIgniter\Router\RouteCollection->match([...], 'authenticate', 'Admin::authenticate')
 3 SYSTEMPATH\Router\RouteCollection.php(799): CodeIgniter\Router\RouteCollection->{closure}(Object(CodeIgniter\Router\RouteCollection))
 4 APPPATH\Config\Routes.php(25): CodeIgniter\Router\RouteCollection->group('admin', [...], Object(Closure))
 5 SYSTEMPATH\Router\RouteCollection.php(339): require('C:\\xampp\\htdocs\\myfoodblog\\app\\Config\\Routes.php')
 6 SYSTEMPATH\CodeIgniter.php(818): CodeIgniter\Router\RouteCollection->loadRoutes()
 7 SYSTEMPATH\CodeIgniter.php(441): CodeIgniter\CodeIgniter->tryToRouteIt(null)
 8 SYSTEMPATH\CodeIgniter.php(340): CodeIgniter\CodeIgniter->handleRequest(null, Object(Config\Cache), false)
 9 SYSTEMPATH\Boot.php(417): CodeIgniter\CodeIgniter->run()
10 SYSTEMPATH\Boot.php(68): CodeIgniter\Boot::runCodeIgniter(Object(CodeIgniter\CodeIgniter))
11 FCPATH\index.php(59): CodeIgniter\Boot::bootWeb(Object(Config\Paths))
WARNING - 2026-06-29 05:23:56 --> [DEPRECATED] Passing lowercase HTTP method "get" is deprecated. Use uppercase HTTP method like "GET". in SYSTEMPATH\Router\RouteCollection.php on line 1026.
 1 SYSTEMPATH\Router\RouteCollection.php(1026): trigger_error('Passing lowercase HTTP method "get" is deprecated. Use uppercase HTTP method like "GET".', 16384)
 2 APPPATH\Config\Routes.php(28): CodeIgniter\Router\RouteCollection->match([...], 'authenticate', 'Admin::authenticate')
 3 SYSTEMPATH\Router\RouteCollection.php(799): CodeIgniter\Router\RouteCollection->{closure}(Object(CodeIgniter\Router\RouteCollection))
 4 APPPATH\Config\Routes.php(25): CodeIgniter\Router\RouteCollection->group('admin', [...], Object(Closure))
 5 SYSTEMPATH\Router\RouteCollection.php(339): require('C:\\xampp\\htdocs\\myfoodblog\\app\\Config\\Routes.php')
 6 SYSTEMPATH\CodeIgniter.php(818): CodeIgniter\Router\RouteCollection->loadRoutes()
 7 SYSTEMPATH\CodeIgniter.php(441): CodeIgniter\CodeIgniter->tryToRouteIt(null)
 8 SYSTEMPATH\CodeIgniter.php(340): CodeIgniter\CodeIgniter->handleRequest(null, Object(Config\Cache), false)
 9 SYSTEMPATH\Boot.php(417): CodeIgniter\CodeIgniter->run()
10 SYSTEMPATH\Boot.php(68): CodeIgniter\Boot::runCodeIgniter(Object(CodeIgniter\CodeIgniter))
11 FCPATH\index.php(59): CodeIgniter\Boot::bootWeb(Object(Config\Paths))
WARNING - 2026-06-29 05:23:56 --> [DEPRECATED] Passing lowercase HTTP method "post" is deprecated. Use uppercase HTTP method like "POST". in SYSTEMPATH\Router\RouteCollection.php on line 1026.
 1 SYSTEMPATH\Router\RouteCollection.php(1026): trigger_error('Passing lowercase HTTP method "post" is deprecated. Use uppercase HTTP method like "POST".', 16384)
 2 APPPATH\Config\Routes.php(28): CodeIgniter\Router\RouteCollection->match([...], 'authenticate', 'Admin::authenticate')
 3 SYSTEMPATH\Router\RouteCollection.php(799): CodeIgniter\Router\RouteCollection->{closure}(Object(CodeIgniter\Router\RouteCollection))
 4 APPPATH\Config\Routes.php(25): CodeIgniter\Router\RouteCollection->group('admin', [...], Object(Closure))
 5 SYSTEMPATH\Router\RouteCollection.php(339): require('C:\\xampp\\htdocs\\myfoodblog\\app\\Config\\Routes.php')
 6 SYSTEMPATH\CodeIgniter.php(818): CodeIgniter\Router\RouteCollection->loadRoutes()
 7 SYSTEMPATH\CodeIgniter.php(441): CodeIgniter\CodeIgniter->tryToRouteIt(null)
 8 SYSTEMPATH\CodeIgniter.php(340): CodeIgniter\CodeIgniter->handleRequest(null, Object(Config\Cache), false)
 9 SYSTEMPATH\Boot.php(417): CodeIgniter\CodeIgniter->run()
10 SYSTEMPATH\Boot.php(68): CodeIgniter\Boot::runCodeIgniter(Object(CodeIgniter\CodeIgniter))
11 FCPATH\index.php(59): CodeIgniter\Boot::bootWeb(Object(Config\Paths))
WARNING - 2026-06-29 05:23:58 --> [DEPRECATED] Passing lowercase HTTP method "get" is deprecated. Use uppercase HTTP method like "GET". in SYSTEMPATH\Router\RouteCollection.php on line 1026.
 1 SYSTEMPATH\Router\RouteCollection.php(1026): trigger_error('Passing lowercase HTTP method "get" is deprecated. Use uppercase HTTP method like "GET".', 16384)
 2 APPPATH\Config\Routes.php(28): CodeIgniter\Router\RouteCollection->match([...], 'authenticate', 'Admin::authenticate')
 3 SYSTEMPATH\Router\RouteCollection.php(799): CodeIgniter\Router\RouteCollection->{closure}(Object(CodeIgniter\Router\RouteCollection))
 4 APPPATH\Config\Routes.php(25): CodeIgniter\Router\RouteCollection->group('admin', [...], Object(Closure))
 5 SYSTEMPATH\Router\RouteCollection.php(339): require('C:\\xampp\\htdocs\\myfoodblog\\app\\Config\\Routes.php')
 6 SYSTEMPATH\CodeIgniter.php(818): CodeIgniter\Router\RouteCollection->loadRoutes()
 7 SYSTEMPATH\CodeIgniter.php(441): CodeIgniter\CodeIgniter->tryToRouteIt(null)
 8 SYSTEMPATH\CodeIgniter.php(340): CodeIgniter\CodeIgniter->handleRequest(null, Object(Config\Cache), false)
 9 SYSTEMPATH\Boot.php(417): CodeIgniter\CodeIgniter->run()
10 SYSTEMPATH\Boot.php(68): CodeIgniter\Boot::runCodeIgniter(Object(CodeIgniter\CodeIgniter))
11 FCPATH\index.php(59): CodeIgniter\Boot::bootWeb(Object(Config\Paths))
WARNING - 2026-06-29 05:23:58 --> [DEPRECATED] Passing lowercase HTTP method "post" is deprecated. Use uppercase HTTP method like "POST". in SYSTEMPATH\Router\RouteCollection.php on line 1026.
 1 SYSTEMPATH\Router\RouteCollection.php(1026): trigger_error('Passing lowercase HTTP method "post" is deprecated. Use uppercase HTTP method like "POST".', 16384)
 2 APPPATH\Config\Routes.php(28): CodeIgniter\Router\RouteCollection->match([...], 'authenticate', 'Admin::authenticate')
 3 SYSTEMPATH\Router\RouteCollection.php(799): CodeIgniter\Router\RouteCollection->{closure}(Object(CodeIgniter\Router\RouteCollection))
 4 APPPATH\Config\Routes.php(25): CodeIgniter\Router\RouteCollection->group('admin', [...], Object(Closure))
 5 SYSTEMPATH\Router\RouteCollection.php(339): require('C:\\xampp\\htdocs\\myfoodblog\\app\\Config\\Routes.php')
 6 SYSTEMPATH\CodeIgniter.php(818): CodeIgniter\Router\RouteCollection->loadRoutes()
 7 SYSTEMPATH\CodeIgniter.php(441): CodeIgniter\CodeIgniter->tryToRouteIt(null)
 8 SYSTEMPATH\CodeIgniter.php(340): CodeIgniter\CodeIgniter->handleRequest(null, Object(Config\Cache), false)
 9 SYSTEMPATH\Boot.php(417): CodeIgniter\CodeIgniter->run()
10 SYSTEMPATH\Boot.php(68): CodeIgniter\Boot::runCodeIgniter(Object(CodeIgniter\CodeIgniter))
11 FCPATH\index.php(59): CodeIgniter\Boot::bootWeb(Object(Config\Paths))
DEBUG - 2026-06-29 05:23:58 --> Session: Class initialized using 'CodeIgniter\Session\Handlers\FileHandler' driver.
WARNING - 2026-06-29 05:23:59 --> [DEPRECATED] Passing lowercase HTTP method "get" is deprecated. Use uppercase HTTP method like "GET". in SYSTEMPATH\Router\RouteCollection.php on line 1026.
 1 SYSTEMPATH\Router\RouteCollection.php(1026): trigger_error('Passing lowercase HTTP method "get" is deprecated. Use uppercase HTTP method like "GET".', 16384)
 2 APPPATH\Config\Routes.php(28): CodeIgniter\Router\RouteCollection->match([...], 'authenticate', 'Admin::authenticate')
 3 SYSTEMPATH\Router\RouteCollection.php(799): CodeIgniter\Router\RouteCollection->{closure}(Object(CodeIgniter\Router\RouteCollection))
 4 APPPATH\Config\Routes.php(25): CodeIgniter\Router\RouteCollection->group('admin', [...], Object(Closure))
 5 SYSTEMPATH\Router\RouteCollection.php(339): require('C:\\xampp\\htdocs\\myfoodblog\\app\\Config\\Routes.php')
 6 SYSTEMPATH\CodeIgniter.php(818): CodeIgniter\Router\RouteCollection->loadRoutes()
 7 SYSTEMPATH\CodeIgniter.php(441): CodeIgniter\CodeIgniter->tryToRouteIt(null)
 8 SYSTEMPATH\CodeIgniter.php(340): CodeIgniter\CodeIgniter->handleRequest(null, Object(Config\Cache), false)
 9 SYSTEMPATH\Boot.php(417): CodeIgniter\CodeIgniter->run()
10 SYSTEMPATH\Boot.php(68): CodeIgniter\Boot::runCodeIgniter(Object(CodeIgniter\CodeIgniter))
11 FCPATH\index.php(59): CodeIgniter\Boot::bootWeb(Object(Config\Paths))
WARNING - 2026-06-29 05:23:59 --> [DEPRECATED] Passing lowercase HTTP method "get" is deprecated. Use uppercase HTTP method like "GET". in SYSTEMPATH\Router\RouteCollection.php on line 1026.
 1 SYSTEMPATH\Router\RouteCollection.php(1026): trigger_error('Passing lowercase HTTP method "get" is deprecated. Use uppercase HTTP method like "GET".', 16384)
 2 APPPATH\Config\Routes.php(28): CodeIgniter\Router\RouteCollection->match([...], 'authenticate', 'Admin::authenticate')
 3 SYSTEMPATH\Router\RouteCollection.php(799): CodeIgniter\Router\RouteCollection->{closure}(Object(CodeIgniter\Router\RouteCollection))
 4 APPPATH\Config\Routes.php(25): CodeIgniter\Router\RouteCollection->group('admin', [...], Object(Closure))
 5 SYSTEMPATH\Router\RouteCollection.php(339): require('C:\\xampp\\htdocs\\myfoodblog\\app\\Config\\Routes.php')
 6 SYSTEMPATH\CodeIgniter.php(818): CodeIgniter\Router\RouteCollection->loadRoutes()
 7 SYSTEMPATH\CodeIgniter.php(441): CodeIgniter\CodeIgniter->tryToRouteIt(null)
 8 SYSTEMPATH\CodeIgniter.php(340): CodeIgniter\CodeIgniter->handleRequest(null, Object(Config\Cache), false)
 9 SYSTEMPATH\Boot.php(417): CodeIgniter\CodeIgniter->run()
10 SYSTEMPATH\Boot.php(68): CodeIgniter\Boot::runCodeIgniter(Object(CodeIgniter\CodeIgniter))
11 FCPATH\index.php(59): CodeIgniter\Boot::bootWeb(Object(Config\Paths))
WARNING - 2026-06-29 05:23:59 --> [DEPRECATED] Passing lowercase HTTP method "post" is deprecated. Use uppercase HTTP method like "POST". in SYSTEMPATH\Router\RouteCollection.php on line 1026.
 1 SYSTEMPATH\Router\RouteCollection.php(1026): trigger_error('Passing lowercase HTTP method "post" is deprecated. Use uppercase HTTP method like "POST".', 16384)
 2 APPPATH\Config\Routes.php(28): CodeIgniter\Router\RouteCollection->match([...], 'authenticate', 'Admin::authenticate')
 3 SYSTEMPATH\Router\RouteCollection.php(799): CodeIgniter\Router\RouteCollection->{closure}(Object(CodeIgniter\Router\RouteCollection))
 4 APPPATH\Config\Routes.php(25): CodeIgniter\Router\RouteCollection->group('admin', [...], Object(Closure))
 5 SYSTEMPATH\Router\RouteCollection.php(339): require('C:\\xampp\\htdocs\\myfoodblog\\app\\Config\\Routes.php')
 6 SYSTEMPATH\CodeIgniter.php(818): CodeIgniter\Router\RouteCollection->loadRoutes()
 7 SYSTEMPATH\CodeIgniter.php(441): CodeIgniter\CodeIgniter->tryToRouteIt(null)
 8 SYSTEMPATH\CodeIgniter.php(340): CodeIgniter\CodeIgniter->handleRequest(null, Object(Config\Cache), false)
 9 SYSTEMPATH\Boot.php(417): CodeIgniter\CodeIgniter->run()
10 SYSTEMPATH\Boot.php(68): CodeIgniter\Boot::runCodeIgniter(Object(CodeIgniter\CodeIgniter))
11 FCPATH\index.php(59): CodeIgniter\Boot::bootWeb(Object(Config\Paths))
WARNING - 2026-06-29 05:23:59 --> [DEPRECATED] Passing lowercase HTTP method "post" is deprecated. Use uppercase HTTP method like "POST". in SYSTEMPATH\Router\RouteCollection.php on line 1026.
 1 SYSTEMPATH\Router\RouteCollection.php(1026): trigger_error('Passing lowercase HTTP method "post" is deprecated. Use uppercase HTTP method like "POST".', 16384)
 2 APPPATH\Config\Routes.php(28): CodeIgniter\Router\RouteCollection->match([...], 'authenticate', 'Admin::authenticate')
 3 SYSTEMPATH\Router\RouteCollection.php(799): CodeIgniter\Router\RouteCollection->{closure}(Object(CodeIgniter\Router\RouteCollection))
 4 APPPATH\Config\Routes.php(25): CodeIgniter\Router\RouteCollection->group('admin', [...], Object(Closure))
 5 SYSTEMPATH\Router\RouteCollection.php(339): require('C:\\xampp\\htdocs\\myfoodblog\\app\\Config\\Routes.php')
 6 SYSTEMPATH\CodeIgniter.php(818): CodeIgniter\Router\RouteCollection->loadRoutes()
 7 SYSTEMPATH\CodeIgniter.php(441): CodeIgniter\CodeIgniter->tryToRouteIt(null)
 8 SYSTEMPATH\CodeIgniter.php(340): CodeIgniter\CodeIgniter->handleRequest(null, Object(Config\Cache), false)
 9 SYSTEMPATH\Boot.php(417): CodeIgniter\CodeIgniter->run()
10 SYSTEMPATH\Boot.php(68): CodeIgniter\Boot::runCodeIgniter(Object(CodeIgniter\CodeIgniter))
11 FCPATH\index.php(59): CodeIgniter\Boot::bootWeb(Object(Config\Paths))
WARNING - 2026-06-29 05:24:28 --> [DEPRECATED] Passing lowercase HTTP method "get" is deprecated. Use uppercase HTTP method like "GET". in SYSTEMPATH\Router\RouteCollection.php on line 1026.
 1 SYSTEMPATH\Router\RouteCollection.php(1026): trigger_error('Passing lowercase HTTP method "get" is deprecated. Use uppercase HTTP method like "GET".', 16384)
 2 APPPATH\Config\Routes.php(28): CodeIgniter\Router\RouteCollection->match([...], 'authenticate', 'Admin::authenticate')
 3 SYSTEMPATH\Router\RouteCollection.php(799): CodeIgniter\Router\RouteCollection->{closure}(Object(CodeIgniter\Router\RouteCollection))
 4 APPPATH\Config\Routes.php(25): CodeIgniter\Router\RouteCollection->group('admin', [...], Object(Closure))
 5 SYSTEMPATH\Router\RouteCollection.php(339): require('C:\\xampp\\htdocs\\myfoodblog\\app\\Config\\Routes.php')
 6 SYSTEMPATH\CodeIgniter.php(818): CodeIgniter\Router\RouteCollection->loadRoutes()
 7 SYSTEMPATH\CodeIgniter.php(441): CodeIgniter\CodeIgniter->tryToRouteIt(null)
 8 SYSTEMPATH\CodeIgniter.php(340): CodeIgniter\CodeIgniter->handleRequest(null, Object(Config\Cache), false)
 9 SYSTEMPATH\Boot.php(417): CodeIgniter\CodeIgniter->run()
10 SYSTEMPATH\Boot.php(68): CodeIgniter\Boot::runCodeIgniter(Object(CodeIgniter\CodeIgniter))
11 FCPATH\index.php(59): CodeIgniter\Boot::bootWeb(Object(Config\Paths))
WARNING - 2026-06-29 05:24:28 --> [DEPRECATED] Passing lowercase HTTP method "post" is deprecated. Use uppercase HTTP method like "POST". in SYSTEMPATH\Router\RouteCollection.php on line 1026.
 1 SYSTEMPATH\Router\RouteCollection.php(1026): trigger_error('Passing lowercase HTTP method "post" is deprecated. Use uppercase HTTP method like "POST".', 16384)
 2 APPPATH\Config\Routes.php(28): CodeIgniter\Router\RouteCollection->match([...], 'authenticate', 'Admin::authenticate')
 3 SYSTEMPATH\Router\RouteCollection.php(799): CodeIgniter\Router\RouteCollection->{closure}(Object(CodeIgniter\Router\RouteCollection))
 4 APPPATH\Config\Routes.php(25): CodeIgniter\Router\RouteCollection->group('admin', [...], Object(Closure))
 5 SYSTEMPATH\Router\RouteCollection.php(339): require('C:\\xampp\\htdocs\\myfoodblog\\app\\Config\\Routes.php')
 6 SYSTEMPATH\CodeIgniter.php(818): CodeIgniter\Router\RouteCollection->loadRoutes()
 7 SYSTEMPATH\CodeIgniter.php(441): CodeIgniter\CodeIgniter->tryToRouteIt(null)
 8 SYSTEMPATH\CodeIgniter.php(340): CodeIgniter\CodeIgniter->handleRequest(null, Object(Config\Cache), false)
 9 SYSTEMPATH\Boot.php(417): CodeIgniter\CodeIgniter->run()
10 SYSTEMPATH\Boot.php(68): CodeIgniter\Boot::runCodeIgniter(Object(CodeIgniter\CodeIgniter))
11 FCPATH\index.php(59): CodeIgniter\Boot::bootWeb(Object(Config\Paths))
DEBUG - 2026-06-29 05:24:28 --> Session: Class initialized using 'CodeIgniter\Session\Handlers\FileHandler' driver.
CRITICAL - 2026-06-29 05:24:28 --> CodeIgniter\Exceptions\InvalidArgumentException: Invalid primary key: '' is not allowed.
[Method: POST, Route: admin/blog/edit/1]
in SYSTEMPATH\BaseModel.php on line 833.
 1 SYSTEMPATH\BaseModel.php(818): CodeIgniter\BaseModel->validateID('', false)
 2 SYSTEMPATH\BaseModel.php(1040): CodeIgniter\BaseModel->validateID([...])
 3 SYSTEMPATH\Model.php(709): CodeIgniter\BaseModel->update([...], null)
 4 APPPATH\Controllers\BlogController.php(169): CodeIgniter\Model->update([...])
 5 SYSTEMPATH\CodeIgniter.php(951): App\Controllers\BlogController->blogEdit('1')
 6 SYSTEMPATH\CodeIgniter.php(497): CodeIgniter\CodeIgniter->runController(Object(App\Controllers\BlogController))
 7 SYSTEMPATH\CodeIgniter.php(340): CodeIgniter\CodeIgniter->handleRequest(null, Object(Config\Cache), false)
 8 SYSTEMPATH\Boot.php(417): CodeIgniter\CodeIgniter->run()
 9 SYSTEMPATH\Boot.php(68): CodeIgniter\Boot::runCodeIgniter(Object(CodeIgniter\CodeIgniter))
10 FCPATH\index.php(59): CodeIgniter\Boot::bootWeb(Object(Config\Paths))
WARNING - 2026-06-29 05:26:34 --> [DEPRECATED] Passing lowercase HTTP method "get" is deprecated. Use uppercase HTTP method like "GET". in SYSTEMPATH\Router\RouteCollection.php on line 1026.
 1 SYSTEMPATH\Router\RouteCollection.php(1026): trigger_error('Passing lowercase HTTP method "get" is deprecated. Use uppercase HTTP method like "GET".', 16384)
 2 APPPATH\Config\Routes.php(28): CodeIgniter\Router\RouteCollection->match([...], 'authenticate', 'Admin::authenticate')
 3 SYSTEMPATH\Router\RouteCollection.php(799): CodeIgniter\Router\RouteCollection->{closure}(Object(CodeIgniter\Router\RouteCollection))
 4 APPPATH\Config\Routes.php(25): CodeIgniter\Router\RouteCollection->group('admin', [...], Object(Closure))
 5 SYSTEMPATH\Router\RouteCollection.php(339): require('C:\\xampp\\htdocs\\myfoodblog\\app\\Config\\Routes.php')
 6 SYSTEMPATH\CodeIgniter.php(818): CodeIgniter\Router\RouteCollection->loadRoutes()
 7 SYSTEMPATH\CodeIgniter.php(441): CodeIgniter\CodeIgniter->tryToRouteIt(null)
 8 SYSTEMPATH\CodeIgniter.php(340): CodeIgniter\CodeIgniter->handleRequest(null, Object(Config\Cache), false)
 9 SYSTEMPATH\Boot.php(417): CodeIgniter\CodeIgniter->run()
10 SYSTEMPATH\Boot.php(68): CodeIgniter\Boot::runCodeIgniter(Object(CodeIgniter\CodeIgniter))
11 FCPATH\index.php(59): CodeIgniter\Boot::bootWeb(Object(Config\Paths))
WARNING - 2026-06-29 05:26:34 --> [DEPRECATED] Passing lowercase HTTP method "post" is deprecated. Use uppercase HTTP method like "POST". in SYSTEMPATH\Router\RouteCollection.php on line 1026.
 1 SYSTEMPATH\Router\RouteCollection.php(1026): trigger_error('Passing lowercase HTTP method "post" is deprecated. Use uppercase HTTP method like "POST".', 16384)
 2 APPPATH\Config\Routes.php(28): CodeIgniter\Router\RouteCollection->match([...], 'authenticate', 'Admin::authenticate')
 3 SYSTEMPATH\Router\RouteCollection.php(799): CodeIgniter\Router\RouteCollection->{closure}(Object(CodeIgniter\Router\RouteCollection))
 4 APPPATH\Config\Routes.php(25): CodeIgniter\Router\RouteCollection->group('admin', [...], Object(Closure))
 5 SYSTEMPATH\Router\RouteCollection.php(339): require('C:\\xampp\\htdocs\\myfoodblog\\app\\Config\\Routes.php')
 6 SYSTEMPATH\CodeIgniter.php(818): CodeIgniter\Router\RouteCollection->loadRoutes()
 7 SYSTEMPATH\CodeIgniter.php(441): CodeIgniter\CodeIgniter->tryToRouteIt(null)
 8 SYSTEMPATH\CodeIgniter.php(340): CodeIgniter\CodeIgniter->handleRequest(null, Object(Config\Cache), false)
 9 SYSTEMPATH\Boot.php(417): CodeIgniter\CodeIgniter->run()
10 SYSTEMPATH\Boot.php(68): CodeIgniter\Boot::runCodeIgniter(Object(CodeIgniter\CodeIgniter))
11 FCPATH\index.php(59): CodeIgniter\Boot::bootWeb(Object(Config\Paths))
DEBUG - 2026-06-29 05:26:34 --> Session: Class initialized using 'CodeIgniter\Session\Handlers\FileHandler' driver.
CRITICAL - 2026-06-29 05:26:34 --> CodeIgniter\Exceptions\InvalidArgumentException: Invalid primary key: '' is not allowed.
[Method: POST, Route: admin/blog/edit/1]
in SYSTEMPATH\BaseModel.php on line 833.
 1 SYSTEMPATH\BaseModel.php(818): CodeIgniter\BaseModel->validateID('', false)
 2 SYSTEMPATH\BaseModel.php(1040): CodeIgniter\BaseModel->validateID([...])
 3 SYSTEMPATH\Model.php(709): CodeIgniter\BaseModel->update([...], null)
 4 APPPATH\Controllers\BlogController.php(169): CodeIgniter\Model->update([...])
 5 SYSTEMPATH\CodeIgniter.php(951): App\Controllers\BlogController->blogEdit('1')
 6 SYSTEMPATH\CodeIgniter.php(497): CodeIgniter\CodeIgniter->runController(Object(App\Controllers\BlogController))
 7 SYSTEMPATH\CodeIgniter.php(340): CodeIgniter\CodeIgniter->handleRequest(null, Object(Config\Cache), false)
 8 SYSTEMPATH\Boot.php(417): CodeIgniter\CodeIgniter->run()
 9 SYSTEMPATH\Boot.php(68): CodeIgniter\Boot::runCodeIgniter(Object(CodeIgniter\CodeIgniter))
10 FCPATH\index.php(59): CodeIgniter\Boot::bootWeb(Object(Config\Paths))
WARNING - 2026-06-29 05:26:36 --> [DEPRECATED] Passing lowercase HTTP method "get" is deprecated. Use uppercase HTTP method like "GET". in SYSTEMPATH\Router\RouteCollection.php on line 1026.
 1 SYSTEMPATH\Router\RouteCollection.php(1026): trigger_error('Passing lowercase HTTP method "get" is deprecated. Use uppercase HTTP method like "GET".', 16384)
 2 APPPATH\Config\Routes.php(28): CodeIgniter\Router\RouteCollection->match([...], 'authenticate', 'Admin::authenticate')
 3 SYSTEMPATH\Router\RouteCollection.php(799): CodeIgniter\Router\RouteCollection->{closure}(Object(CodeIgniter\Router\RouteCollection))
 4 APPPATH\Config\Routes.php(25): CodeIgniter\Router\RouteCollection->group('admin', [...], Object(Closure))
 5 SYSTEMPATH\Router\RouteCollection.php(339): require('C:\\xampp\\htdocs\\myfoodblog\\app\\Config\\Routes.php')
 6 SYSTEMPATH\CodeIgniter.php(818): CodeIgniter\Router\RouteCollection->loadRoutes()
 7 SYSTEMPATH\CodeIgniter.php(441): CodeIgniter\CodeIgniter->tryToRouteIt(null)
 8 SYSTEMPATH\CodeIgniter.php(340): CodeIgniter\CodeIgniter->handleRequest(null, Object(Config\Cache), false)
 9 SYSTEMPATH\Boot.php(417): CodeIgniter\CodeIgniter->run()
10 SYSTEMPATH\Boot.php(68): CodeIgniter\Boot::runCodeIgniter(Object(CodeIgniter\CodeIgniter))
11 FCPATH\index.php(59): CodeIgniter\Boot::bootWeb(Object(Config\Paths))
WARNING - 2026-06-29 05:26:36 --> [DEPRECATED] Passing lowercase HTTP method "post" is deprecated. Use uppercase HTTP method like "POST". in SYSTEMPATH\Router\RouteCollection.php on line 1026.
 1 SYSTEMPATH\Router\RouteCollection.php(1026): trigger_error('Passing lowercase HTTP method "post" is deprecated. Use uppercase HTTP method like "POST".', 16384)
 2 APPPATH\Config\Routes.php(28): CodeIgniter\Router\RouteCollection->match([...], 'authenticate', 'Admin::authenticate')
 3 SYSTEMPATH\Router\RouteCollection.php(799): CodeIgniter\Router\RouteCollection->{closure}(Object(CodeIgniter\Router\RouteCollection))
 4 APPPATH\Config\Routes.php(25): CodeIgniter\Router\RouteCollection->group('admin', [...], Object(Closure))
 5 SYSTEMPATH\Router\RouteCollection.php(339): require('C:\\xampp\\htdocs\\myfoodblog\\app\\Config\\Routes.php')
 6 SYSTEMPATH\CodeIgniter.php(818): CodeIgniter\Router\RouteCollection->loadRoutes()
 7 SYSTEMPATH\CodeIgniter.php(441): CodeIgniter\CodeIgniter->tryToRouteIt(null)
 8 SYSTEMPATH\CodeIgniter.php(340): CodeIgniter\CodeIgniter->handleRequest(null, Object(Config\Cache), false)
 9 SYSTEMPATH\Boot.php(417): CodeIgniter\CodeIgniter->run()
10 SYSTEMPATH\Boot.php(68): CodeIgniter\Boot::runCodeIgniter(Object(CodeIgniter\CodeIgniter))
11 FCPATH\index.php(59): CodeIgniter\Boot::bootWeb(Object(Config\Paths))
DEBUG - 2026-06-29 05:26:36 --> Session: Class initialized using 'CodeIgniter\Session\Handlers\FileHandler' driver.
WARNING - 2026-06-29 05:26:37 --> [DEPRECATED] Passing lowercase HTTP method "get" is deprecated. Use uppercase HTTP method like "GET". in SYSTEMPATH\Router\RouteCollection.php on line 1026.
 1 SYSTEMPATH\Router\RouteCollection.php(1026): trigger_error('Passing lowercase HTTP method "get" is deprecated. Use uppercase HTTP method like "GET".', 16384)
 2 APPPATH\Config\Routes.php(28): CodeIgniter\Router\RouteCollection->match([...], 'authenticate', 'Admin::authenticate')
 3 SYSTEMPATH\Router\RouteCollection.php(799): CodeIgniter\Router\RouteCollection->{closure}(Object(CodeIgniter\Router\RouteCollection))
 4 APPPATH\Config\Routes.php(25): CodeIgniter\Router\RouteCollection->group('admin', [...], Object(Closure))
 5 SYSTEMPATH\Router\RouteCollection.php(339): require('C:\\xampp\\htdocs\\myfoodblog\\app\\Config\\Routes.php')
 6 SYSTEMPATH\CodeIgniter.php(818): CodeIgniter\Router\RouteCollection->loadRoutes()
 7 SYSTEMPATH\CodeIgniter.php(441): CodeIgniter\CodeIgniter->tryToRouteIt(null)
 8 SYSTEMPATH\CodeIgniter.php(340): CodeIgniter\CodeIgniter->handleRequest(null, Object(Config\Cache), false)
 9 SYSTEMPATH\Boot.php(417): CodeIgniter\CodeIgniter->run()
10 SYSTEMPATH\Boot.php(68): CodeIgniter\Boot::runCodeIgniter(Object(CodeIgniter\CodeIgniter))
11 FCPATH\index.php(59): CodeIgniter\Boot::bootWeb(Object(Config\Paths))
WARNING - 2026-06-29 05:26:37 --> [DEPRECATED] Passing lowercase HTTP method "post" is deprecated. Use uppercase HTTP method like "POST". in SYSTEMPATH\Router\RouteCollection.php on line 1026.
 1 SYSTEMPATH\Router\RouteCollection.php(1026): trigger_error('Passing lowercase HTTP method "post" is deprecated. Use uppercase HTTP method like "POST".', 16384)
 2 APPPATH\Config\Routes.php(28): CodeIgniter\Router\RouteCollection->match([...], 'authenticate', 'Admin::authenticate')
 3 SYSTEMPATH\Router\RouteCollection.php(799): CodeIgniter\Router\RouteCollection->{closure}(Object(CodeIgniter\Router\RouteCollection))
 4 APPPATH\Config\Routes.php(25): CodeIgniter\Router\RouteCollection->group('admin', [...], Object(Closure))
 5 SYSTEMPATH\Router\RouteCollection.php(339): require('C:\\xampp\\htdocs\\myfoodblog\\app\\Config\\Routes.php')
 6 SYSTEMPATH\CodeIgniter.php(818): CodeIgniter\Router\RouteCollection->loadRoutes()
 7 SYSTEMPATH\CodeIgniter.php(441): CodeIgniter\CodeIgniter->tryToRouteIt(null)
 8 SYSTEMPATH\CodeIgniter.php(340): CodeIgniter\CodeIgniter->handleRequest(null, Object(Config\Cache), false)
 9 SYSTEMPATH\Boot.php(417): CodeIgniter\CodeIgniter->run()
10 SYSTEMPATH\Boot.php(68): CodeIgniter\Boot::runCodeIgniter(Object(CodeIgniter\CodeIgniter))
11 FCPATH\index.php(59): CodeIgniter\Boot::bootWeb(Object(Config\Paths))
WARNING - 2026-06-29 05:26:37 --> [DEPRECATED] Passing lowercase HTTP method "get" is deprecated. Use uppercase HTTP method like "GET". in SYSTEMPATH\Router\RouteCollection.php on line 1026.
 1 SYSTEMPATH\Router\RouteCollection.php(1026): trigger_error('Passing lowercase HTTP method "get" is deprecated. Use uppercase HTTP method like "GET".', 16384)
 2 APPPATH\Config\Routes.php(28): CodeIgniter\Router\RouteCollection->match([...], 'authenticate', 'Admin::authenticate')
 3 SYSTEMPATH\Router\RouteCollection.php(799): CodeIgniter\Router\RouteCollection->{closure}(Object(CodeIgniter\Router\RouteCollection))
 4 APPPATH\Config\Routes.php(25): CodeIgniter\Router\RouteCollection->group('admin', [...], Object(Closure))
 5 SYSTEMPATH\Router\RouteCollection.php(339): require('C:\\xampp\\htdocs\\myfoodblog\\app\\Config\\Routes.php')
 6 SYSTEMPATH\CodeIgniter.php(818): CodeIgniter\Router\RouteCollection->loadRoutes()
 7 SYSTEMPATH\CodeIgniter.php(441): CodeIgniter\CodeIgniter->tryToRouteIt(null)
 8 SYSTEMPATH\CodeIgniter.php(340): CodeIgniter\CodeIgniter->handleRequest(null, Object(Config\Cache), false)
 9 SYSTEMPATH\Boot.php(417): CodeIgniter\CodeIgniter->run()
10 SYSTEMPATH\Boot.php(68): CodeIgniter\Boot::runCodeIgniter(Object(CodeIgniter\CodeIgniter))
11 FCPATH\index.php(59): CodeIgniter\Boot::bootWeb(Object(Config\Paths))
WARNING - 2026-06-29 05:26:37 --> [DEPRECATED] Passing lowercase HTTP method "post" is deprecated. Use uppercase HTTP method like "POST". in SYSTEMPATH\Router\RouteCollection.php on line 1026.
 1 SYSTEMPATH\Router\RouteCollection.php(1026): trigger_error('Passing lowercase HTTP method "post" is deprecated. Use uppercase HTTP method like "POST".', 16384)
 2 APPPATH\Config\Routes.php(28): CodeIgniter\Router\RouteCollection->match([...], 'authenticate', 'Admin::authenticate')
 3 SYSTEMPATH\Router\RouteCollection.php(799): CodeIgniter\Router\RouteCollection->{closure}(Object(CodeIgniter\Router\RouteCollection))
 4 APPPATH\Config\Routes.php(25): CodeIgniter\Router\RouteCollection->group('admin', [...], Object(Closure))
 5 SYSTEMPATH\Router\RouteCollection.php(339): require('C:\\xampp\\htdocs\\myfoodblog\\app\\Config\\Routes.php')
 6 SYSTEMPATH\CodeIgniter.php(818): CodeIgniter\Router\RouteCollection->loadRoutes()
 7 SYSTEMPATH\CodeIgniter.php(441): CodeIgniter\CodeIgniter->tryToRouteIt(null)
 8 SYSTEMPATH\CodeIgniter.php(340): CodeIgniter\CodeIgniter->handleRequest(null, Object(Config\Cache), false)
 9 SYSTEMPATH\Boot.php(417): CodeIgniter\CodeIgniter->run()
10 SYSTEMPATH\Boot.php(68): CodeIgniter\Boot::runCodeIgniter(Object(CodeIgniter\CodeIgniter))
11 FCPATH\index.php(59): CodeIgniter\Boot::bootWeb(Object(Config\Paths))
WARNING - 2026-06-29 05:26:38 --> [DEPRECATED] Passing lowercase HTTP method "get" is deprecated. Use uppercase HTTP method like "GET". in SYSTEMPATH\Router\RouteCollection.php on line 1026.
 1 SYSTEMPATH\Router\RouteCollection.php(1026): trigger_error('Passing lowercase HTTP method "get" is deprecated. Use uppercase HTTP method like "GET".', 16384)
 2 APPPATH\Config\Routes.php(28): CodeIgniter\Router\RouteCollection->match([...], 'authenticate', 'Admin::authenticate')
 3 SYSTEMPATH\Router\RouteCollection.php(799): CodeIgniter\Router\RouteCollection->{closure}(Object(CodeIgniter\Router\RouteCollection))
 4 APPPATH\Config\Routes.php(25): CodeIgniter\Router\RouteCollection->group('admin', [...], Object(Closure))
 5 SYSTEMPATH\Router\RouteCollection.php(339): require('C:\\xampp\\htdocs\\myfoodblog\\app\\Config\\Routes.php')
 6 SYSTEMPATH\CodeIgniter.php(818): CodeIgniter\Router\RouteCollection->loadRoutes()
 7 SYSTEMPATH\CodeIgniter.php(441): CodeIgniter\CodeIgniter->tryToRouteIt(null)
 8 SYSTEMPATH\CodeIgniter.php(340): CodeIgniter\CodeIgniter->handleRequest(null, Object(Config\Cache), false)
 9 SYSTEMPATH\Boot.php(417): CodeIgniter\CodeIgniter->run()
10 SYSTEMPATH\Boot.php(68): CodeIgniter\Boot::runCodeIgniter(Object(CodeIgniter\CodeIgniter))
11 FCPATH\index.php(59): CodeIgniter\Boot::bootWeb(Object(Config\Paths))
WARNING - 2026-06-29 05:26:38 --> [DEPRECATED] Passing lowercase HTTP method "post" is deprecated. Use uppercase HTTP method like "POST". in SYSTEMPATH\Router\RouteCollection.php on line 1026.
 1 SYSTEMPATH\Router\RouteCollection.php(1026): trigger_error('Passing lowercase HTTP method "post" is deprecated. Use uppercase HTTP method like "POST".', 16384)
 2 APPPATH\Config\Routes.php(28): CodeIgniter\Router\RouteCollection->match([...], 'authenticate', 'Admin::authenticate')
 3 SYSTEMPATH\Router\RouteCollection.php(799): CodeIgniter\Router\RouteCollection->{closure}(Object(CodeIgniter\Router\RouteCollection))
 4 APPPATH\Config\Routes.php(25): CodeIgniter\Router\RouteCollection->group('admin', [...], Object(Closure))
 5 SYSTEMPATH\Router\RouteCollection.php(339): require('C:\\xampp\\htdocs\\myfoodblog\\app\\Config\\Routes.php')
 6 SYSTEMPATH\CodeIgniter.php(818): CodeIgniter\Router\RouteCollection->loadRoutes()
 7 SYSTEMPATH\CodeIgniter.php(441): CodeIgniter\CodeIgniter->tryToRouteIt(null)
 8 SYSTEMPATH\CodeIgniter.php(340): CodeIgniter\CodeIgniter->handleRequest(null, Object(Config\Cache), false)
 9 SYSTEMPATH\Boot.php(417): CodeIgniter\CodeIgniter->run()
10 SYSTEMPATH\Boot.php(68): CodeIgniter\Boot::runCodeIgniter(Object(CodeIgniter\CodeIgniter))
11 FCPATH\index.php(59): CodeIgniter\Boot::bootWeb(Object(Config\Paths))
DEBUG - 2026-06-29 05:26:38 --> Session: Class initialized using 'CodeIgniter\Session\Handlers\FileHandler' driver.
WARNING - 2026-06-29 05:26:39 --> [DEPRECATED] Passing lowercase HTTP method "get" is deprecated. Use uppercase HTTP method like "GET". in SYSTEMPATH\Router\RouteCollection.php on line 1026.
 1 SYSTEMPATH\Router\RouteCollection.php(1026): trigger_error('Passing lowercase HTTP method "get" is deprecated. Use uppercase HTTP method like "GET".', 16384)
 2 APPPATH\Config\Routes.php(28): CodeIgniter\Router\RouteCollection->match([...], 'authenticate', 'Admin::authenticate')
 3 SYSTEMPATH\Router\RouteCollection.php(799): CodeIgniter\Router\RouteCollection->{closure}(Object(CodeIgniter\Router\RouteCollection))
 4 APPPATH\Config\Routes.php(25): CodeIgniter\Router\RouteCollection->group('admin', [...], Object(Closure))
 5 SYSTEMPATH\Router\RouteCollection.php(339): require('C:\\xampp\\htdocs\\myfoodblog\\app\\Config\\Routes.php')
 6 SYSTEMPATH\CodeIgniter.php(818): CodeIgniter\Router\RouteCollection->loadRoutes()
 7 SYSTEMPATH\CodeIgniter.php(441): CodeIgniter\CodeIgniter->tryToRouteIt(null)
 8 SYSTEMPATH\CodeIgniter.php(340): CodeIgniter\CodeIgniter->handleRequest(null, Object(Config\Cache), false)
 9 SYSTEMPATH\Boot.php(417): CodeIgniter\CodeIgniter->run()
10 SYSTEMPATH\Boot.php(68): CodeIgniter\Boot::runCodeIgniter(Object(CodeIgniter\CodeIgniter))
11 FCPATH\index.php(59): CodeIgniter\Boot::bootWeb(Object(Config\Paths))
WARNING - 2026-06-29 05:26:39 --> [DEPRECATED] Passing lowercase HTTP method "post" is deprecated. Use uppercase HTTP method like "POST". in SYSTEMPATH\Router\RouteCollection.php on line 1026.
 1 SYSTEMPATH\Router\RouteCollection.php(1026): trigger_error('Passing lowercase HTTP method "post" is deprecated. Use uppercase HTTP method like "POST".', 16384)
 2 APPPATH\Config\Routes.php(28): CodeIgniter\Router\RouteCollection->match([...], 'authenticate', 'Admin::authenticate')
 3 SYSTEMPATH\Router\RouteCollection.php(799): CodeIgniter\Router\RouteCollection->{closure}(Object(CodeIgniter\Router\RouteCollection))
 4 APPPATH\Config\Routes.php(25): CodeIgniter\Router\RouteCollection->group('admin', [...], Object(Closure))
 5 SYSTEMPATH\Router\RouteCollection.php(339): require('C:\\xampp\\htdocs\\myfoodblog\\app\\Config\\Routes.php')
 6 SYSTEMPATH\CodeIgniter.php(818): CodeIgniter\Router\RouteCollection->loadRoutes()
 7 SYSTEMPATH\CodeIgniter.php(441): CodeIgniter\CodeIgniter->tryToRouteIt(null)
 8 SYSTEMPATH\CodeIgniter.php(340): CodeIgniter\CodeIgniter->handleRequest(null, Object(Config\Cache), false)
 9 SYSTEMPATH\Boot.php(417): CodeIgniter\CodeIgniter->run()
10 SYSTEMPATH\Boot.php(68): CodeIgniter\Boot::runCodeIgniter(Object(CodeIgniter\CodeIgniter))
11 FCPATH\index.php(59): CodeIgniter\Boot::bootWeb(Object(Config\Paths))
WARNING - 2026-06-29 05:26:39 --> [DEPRECATED] Passing lowercase HTTP method "get" is deprecated. Use uppercase HTTP method like "GET". in SYSTEMPATH\Router\RouteCollection.php on line 1026.
 1 SYSTEMPATH\Router\RouteCollection.php(1026): trigger_error('Passing lowercase HTTP method "get" is deprecated. Use uppercase HTTP method like "GET".', 16384)
 2 APPPATH\Config\Routes.php(28): CodeIgniter\Router\RouteCollection->match([...], 'authenticate', 'Admin::authenticate')
 3 SYSTEMPATH\Router\RouteCollection.php(799): CodeIgniter\Router\RouteCollection->{closure}(Object(CodeIgniter\Router\RouteCollection))
 4 APPPATH\Config\Routes.php(25): CodeIgniter\Router\RouteCollection->group('admin', [...], Object(Closure))
 5 SYSTEMPATH\Router\RouteCollection.php(339): require('C:\\xampp\\htdocs\\myfoodblog\\app\\Config\\Routes.php')
 6 SYSTEMPATH\CodeIgniter.php(818): CodeIgniter\Router\RouteCollection->loadRoutes()
 7 SYSTEMPATH\CodeIgniter.php(441): CodeIgniter\CodeIgniter->tryToRouteIt(null)
 8 SYSTEMPATH\CodeIgniter.php(340): CodeIgniter\CodeIgniter->handleRequest(null, Object(Config\Cache), false)
 9 SYSTEMPATH\Boot.php(417): CodeIgniter\CodeIgniter->run()
10 SYSTEMPATH\Boot.php(68): CodeIgniter\Boot::runCodeIgniter(Object(CodeIgniter\CodeIgniter))
11 FCPATH\index.php(59): CodeIgniter\Boot::bootWeb(Object(Config\Paths))
WARNING - 2026-06-29 05:26:39 --> [DEPRECATED] Passing lowercase HTTP method "post" is deprecated. Use uppercase HTTP method like "POST". in SYSTEMPATH\Router\RouteCollection.php on line 1026.
 1 SYSTEMPATH\Router\RouteCollection.php(1026): trigger_error('Passing lowercase HTTP method "post" is deprecated. Use uppercase HTTP method like "POST".', 16384)
 2 APPPATH\Config\Routes.php(28): CodeIgniter\Router\RouteCollection->match([...], 'authenticate', 'Admin::authenticate')
 3 SYSTEMPATH\Router\RouteCollection.php(799): CodeIgniter\Router\RouteCollection->{closure}(Object(CodeIgniter\Router\RouteCollection))
 4 APPPATH\Config\Routes.php(25): CodeIgniter\Router\RouteCollection->group('admin', [...], Object(Closure))
 5 SYSTEMPATH\Router\RouteCollection.php(339): require('C:\\xampp\\htdocs\\myfoodblog\\app\\Config\\Routes.php')
 6 SYSTEMPATH\CodeIgniter.php(818): CodeIgniter\Router\RouteCollection->loadRoutes()
 7 SYSTEMPATH\CodeIgniter.php(441): CodeIgniter\CodeIgniter->tryToRouteIt(null)
 8 SYSTEMPATH\CodeIgniter.php(340): CodeIgniter\CodeIgniter->handleRequest(null, Object(Config\Cache), false)
 9 SYSTEMPATH\Boot.php(417): CodeIgniter\CodeIgniter->run()
10 SYSTEMPATH\Boot.php(68): CodeIgniter\Boot::runCodeIgniter(Object(CodeIgniter\CodeIgniter))
11 FCPATH\index.php(59): CodeIgniter\Boot::bootWeb(Object(Config\Paths))
WARNING - 2026-06-29 05:26:54 --> [DEPRECATED] Passing lowercase HTTP method "get" is deprecated. Use uppercase HTTP method like "GET". in SYSTEMPATH\Router\RouteCollection.php on line 1026.
 1 SYSTEMPATH\Router\RouteCollection.php(1026): trigger_error('Passing lowercase HTTP method "get" is deprecated. Use uppercase HTTP method like "GET".', 16384)
 2 APPPATH\Config\Routes.php(28): CodeIgniter\Router\RouteCollection->match([...], 'authenticate', 'Admin::authenticate')
 3 SYSTEMPATH\Router\RouteCollection.php(799): CodeIgniter\Router\RouteCollection->{closure}(Object(CodeIgniter\Router\RouteCollection))
 4 APPPATH\Config\Routes.php(25): CodeIgniter\Router\RouteCollection->group('admin', [...], Object(Closure))
 5 SYSTEMPATH\Router\RouteCollection.php(339): require('C:\\xampp\\htdocs\\myfoodblog\\app\\Config\\Routes.php')
 6 SYSTEMPATH\CodeIgniter.php(818): CodeIgniter\Router\RouteCollection->loadRoutes()
 7 SYSTEMPATH\CodeIgniter.php(441): CodeIgniter\CodeIgniter->tryToRouteIt(null)
 8 SYSTEMPATH\CodeIgniter.php(340): CodeIgniter\CodeIgniter->handleRequest(null, Object(Config\Cache), false)
 9 SYSTEMPATH\Boot.php(417): CodeIgniter\CodeIgniter->run()
10 SYSTEMPATH\Boot.php(68): CodeIgniter\Boot::runCodeIgniter(Object(CodeIgniter\CodeIgniter))
11 FCPATH\index.php(59): CodeIgniter\Boot::bootWeb(Object(Config\Paths))
WARNING - 2026-06-29 05:26:54 --> [DEPRECATED] Passing lowercase HTTP method "post" is deprecated. Use uppercase HTTP method like "POST". in SYSTEMPATH\Router\RouteCollection.php on line 1026.
 1 SYSTEMPATH\Router\RouteCollection.php(1026): trigger_error('Passing lowercase HTTP method "post" is deprecated. Use uppercase HTTP method like "POST".', 16384)
 2 APPPATH\Config\Routes.php(28): CodeIgniter\Router\RouteCollection->match([...], 'authenticate', 'Admin::authenticate')
 3 SYSTEMPATH\Router\RouteCollection.php(799): CodeIgniter\Router\RouteCollection->{closure}(Object(CodeIgniter\Router\RouteCollection))
 4 APPPATH\Config\Routes.php(25): CodeIgniter\Router\RouteCollection->group('admin', [...], Object(Closure))
 5 SYSTEMPATH\Router\RouteCollection.php(339): require('C:\\xampp\\htdocs\\myfoodblog\\app\\Config\\Routes.php')
 6 SYSTEMPATH\CodeIgniter.php(818): CodeIgniter\Router\RouteCollection->loadRoutes()
 7 SYSTEMPATH\CodeIgniter.php(441): CodeIgniter\CodeIgniter->tryToRouteIt(null)
 8 SYSTEMPATH\CodeIgniter.php(340): CodeIgniter\CodeIgniter->handleRequest(null, Object(Config\Cache), false)
 9 SYSTEMPATH\Boot.php(417): CodeIgniter\CodeIgniter->run()
10 SYSTEMPATH\Boot.php(68): CodeIgniter\Boot::runCodeIgniter(Object(CodeIgniter\CodeIgniter))
11 FCPATH\index.php(59): CodeIgniter\Boot::bootWeb(Object(Config\Paths))
DEBUG - 2026-06-29 05:26:54 --> Session: Class initialized using 'CodeIgniter\Session\Handlers\FileHandler' driver.
CRITICAL - 2026-06-29 05:26:54 --> CodeIgniter\Exceptions\InvalidArgumentException: Invalid primary key: '' is not allowed.
[Method: POST, Route: admin/blog/edit/1]
in SYSTEMPATH\BaseModel.php on line 833.
 1 SYSTEMPATH\BaseModel.php(818): CodeIgniter\BaseModel->validateID('', false)
 2 SYSTEMPATH\BaseModel.php(1040): CodeIgniter\BaseModel->validateID([...])
 3 SYSTEMPATH\Model.php(709): CodeIgniter\BaseModel->update([...], null)
 4 APPPATH\Controllers\BlogController.php(169): CodeIgniter\Model->update([...])
 5 SYSTEMPATH\CodeIgniter.php(951): App\Controllers\BlogController->blogEdit('1')
 6 SYSTEMPATH\CodeIgniter.php(497): CodeIgniter\CodeIgniter->runController(Object(App\Controllers\BlogController))
 7 SYSTEMPATH\CodeIgniter.php(340): CodeIgniter\CodeIgniter->handleRequest(null, Object(Config\Cache), false)
 8 SYSTEMPATH\Boot.php(417): CodeIgniter\CodeIgniter->run()
 9 SYSTEMPATH\Boot.php(68): CodeIgniter\Boot::runCodeIgniter(Object(CodeIgniter\CodeIgniter))
10 FCPATH\index.php(59): CodeIgniter\Boot::bootWeb(Object(Config\Paths))
WARNING - 2026-06-29 05:28:57 --> [DEPRECATED] Passing lowercase HTTP method "get" is deprecated. Use uppercase HTTP method like "GET". in SYSTEMPATH\Router\RouteCollection.php on line 1026.
 1 SYSTEMPATH\Router\RouteCollection.php(1026): trigger_error('Passing lowercase HTTP method "get" is deprecated. Use uppercase HTTP method like "GET".', 16384)
 2 APPPATH\Config\Routes.php(28): CodeIgniter\Router\RouteCollection->match([...], 'authenticate', 'Admin::authenticate')
 3 SYSTEMPATH\Router\RouteCollection.php(799): CodeIgniter\Router\RouteCollection->{closure}(Object(CodeIgniter\Router\RouteCollection))
 4 APPPATH\Config\Routes.php(25): CodeIgniter\Router\RouteCollection->group('admin', [...], Object(Closure))
 5 SYSTEMPATH\Router\RouteCollection.php(339): require('C:\\xampp\\htdocs\\myfoodblog\\app\\Config\\Routes.php')
 6 SYSTEMPATH\CodeIgniter.php(818): CodeIgniter\Router\RouteCollection->loadRoutes()
 7 SYSTEMPATH\CodeIgniter.php(441): CodeIgniter\CodeIgniter->tryToRouteIt(null)
 8 SYSTEMPATH\CodeIgniter.php(340): CodeIgniter\CodeIgniter->handleRequest(null, Object(Config\Cache), false)
 9 SYSTEMPATH\Boot.php(417): CodeIgniter\CodeIgniter->run()
10 SYSTEMPATH\Boot.php(68): CodeIgniter\Boot::runCodeIgniter(Object(CodeIgniter\CodeIgniter))
11 FCPATH\index.php(59): CodeIgniter\Boot::bootWeb(Object(Config\Paths))
WARNING - 2026-06-29 05:28:57 --> [DEPRECATED] Passing lowercase HTTP method "post" is deprecated. Use uppercase HTTP method like "POST". in SYSTEMPATH\Router\RouteCollection.php on line 1026.
 1 SYSTEMPATH\Router\RouteCollection.php(1026): trigger_error('Passing lowercase HTTP method "post" is deprecated. Use uppercase HTTP method like "POST".', 16384)
 2 APPPATH\Config\Routes.php(28): CodeIgniter\Router\RouteCollection->match([...], 'authenticate', 'Admin::authenticate')
 3 SYSTEMPATH\Router\RouteCollection.php(799): CodeIgniter\Router\RouteCollection->{closure}(Object(CodeIgniter\Router\RouteCollection))
 4 APPPATH\Config\Routes.php(25): CodeIgniter\Router\RouteCollection->group('admin', [...], Object(Closure))
 5 SYSTEMPATH\Router\RouteCollection.php(339): require('C:\\xampp\\htdocs\\myfoodblog\\app\\Config\\Routes.php')
 6 SYSTEMPATH\CodeIgniter.php(818): CodeIgniter\Router\RouteCollection->loadRoutes()
 7 SYSTEMPATH\CodeIgniter.php(441): CodeIgniter\CodeIgniter->tryToRouteIt(null)
 8 SYSTEMPATH\CodeIgniter.php(340): CodeIgniter\CodeIgniter->handleRequest(null, Object(Config\Cache), false)
 9 SYSTEMPATH\Boot.php(417): CodeIgniter\CodeIgniter->run()
10 SYSTEMPATH\Boot.php(68): CodeIgniter\Boot::runCodeIgniter(Object(CodeIgniter\CodeIgniter))
11 FCPATH\index.php(59): CodeIgniter\Boot::bootWeb(Object(Config\Paths))
DEBUG - 2026-06-29 05:28:57 --> Session: Class initialized using 'CodeIgniter\Session\Handlers\FileHandler' driver.
WARNING - 2026-06-29 05:31:50 --> [DEPRECATED] Passing lowercase HTTP method "get" is deprecated. Use uppercase HTTP method like "GET". in SYSTEMPATH\Router\RouteCollection.php on line 1026.
 1 SYSTEMPATH\Router\RouteCollection.php(1026): trigger_error('Passing lowercase HTTP method "get" is deprecated. Use uppercase HTTP method like "GET".', 16384)
 2 APPPATH\Config\Routes.php(28): CodeIgniter\Router\RouteCollection->match([...], 'authenticate', 'Admin::authenticate')
 3 SYSTEMPATH\Router\RouteCollection.php(799): CodeIgniter\Router\RouteCollection->{closure}(Object(CodeIgniter\Router\RouteCollection))
 4 APPPATH\Config\Routes.php(25): CodeIgniter\Router\RouteCollection->group('admin', [...], Object(Closure))
 5 SYSTEMPATH\Router\RouteCollection.php(339): require('C:\\xampp\\htdocs\\myfoodblog\\app\\Config\\Routes.php')
 6 SYSTEMPATH\CodeIgniter.php(818): CodeIgniter\Router\RouteCollection->loadRoutes()
 7 SYSTEMPATH\CodeIgniter.php(441): CodeIgniter\CodeIgniter->tryToRouteIt(null)
 8 SYSTEMPATH\CodeIgniter.php(340): CodeIgniter\CodeIgniter->handleRequest(null, Object(Config\Cache), false)
 9 SYSTEMPATH\Boot.php(417): CodeIgniter\CodeIgniter->run()
10 SYSTEMPATH\Boot.php(68): CodeIgniter\Boot::runCodeIgniter(Object(CodeIgniter\CodeIgniter))
11 FCPATH\index.php(59): CodeIgniter\Boot::bootWeb(Object(Config\Paths))
WARNING - 2026-06-29 05:31:50 --> [DEPRECATED] Passing lowercase HTTP method "post" is deprecated. Use uppercase HTTP method like "POST". in SYSTEMPATH\Router\RouteCollection.php on line 1026.
 1 SYSTEMPATH\Router\RouteCollection.php(1026): trigger_error('Passing lowercase HTTP method "post" is deprecated. Use uppercase HTTP method like "POST".', 16384)
 2 APPPATH\Config\Routes.php(28): CodeIgniter\Router\RouteCollection->match([...], 'authenticate', 'Admin::authenticate')
 3 SYSTEMPATH\Router\RouteCollection.php(799): CodeIgniter\Router\RouteCollection->{closure}(Object(CodeIgniter\Router\RouteCollection))
 4 APPPATH\Config\Routes.php(25): CodeIgniter\Router\RouteCollection->group('admin', [...], Object(Closure))
 5 SYSTEMPATH\Router\RouteCollection.php(339): require('C:\\xampp\\htdocs\\myfoodblog\\app\\Config\\Routes.php')
 6 SYSTEMPATH\CodeIgniter.php(818): CodeIgniter\Router\RouteCollection->loadRoutes()
 7 SYSTEMPATH\CodeIgniter.php(441): CodeIgniter\CodeIgniter->tryToRouteIt(null)
 8 SYSTEMPATH\CodeIgniter.php(340): CodeIgniter\CodeIgniter->handleRequest(null, Object(Config\Cache), false)
 9 SYSTEMPATH\Boot.php(417): CodeIgniter\CodeIgniter->run()
10 SYSTEMPATH\Boot.php(68): CodeIgniter\Boot::runCodeIgniter(Object(CodeIgniter\CodeIgniter))
11 FCPATH\index.php(59): CodeIgniter\Boot::bootWeb(Object(Config\Paths))
DEBUG - 2026-06-29 05:31:50 --> Session: Class initialized using 'CodeIgniter\Session\Handlers\FileHandler' driver.
WARNING - 2026-06-29 05:32:01 --> [DEPRECATED] Passing lowercase HTTP method "get" is deprecated. Use uppercase HTTP method like "GET". in SYSTEMPATH\Router\RouteCollection.php on line 1026.
 1 SYSTEMPATH\Router\RouteCollection.php(1026): trigger_error('Passing lowercase HTTP method "get" is deprecated. Use uppercase HTTP method like "GET".', 16384)
 2 APPPATH\Config\Routes.php(28): CodeIgniter\Router\RouteCollection->match([...], 'authenticate', 'Admin::authenticate')
 3 SYSTEMPATH\Router\RouteCollection.php(799): CodeIgniter\Router\RouteCollection->{closure}(Object(CodeIgniter\Router\RouteCollection))
 4 APPPATH\Config\Routes.php(25): CodeIgniter\Router\RouteCollection->group('admin', [...], Object(Closure))
 5 SYSTEMPATH\Router\RouteCollection.php(339): require('C:\\xampp\\htdocs\\myfoodblog\\app\\Config\\Routes.php')
 6 SYSTEMPATH\CodeIgniter.php(818): CodeIgniter\Router\RouteCollection->loadRoutes()
 7 SYSTEMPATH\CodeIgniter.php(441): CodeIgniter\CodeIgniter->tryToRouteIt(null)
 8 SYSTEMPATH\CodeIgniter.php(340): CodeIgniter\CodeIgniter->handleRequest(null, Object(Config\Cache), false)
 9 SYSTEMPATH\Boot.php(417): CodeIgniter\CodeIgniter->run()
10 SYSTEMPATH\Boot.php(68): CodeIgniter\Boot::runCodeIgniter(Object(CodeIgniter\CodeIgniter))
11 FCPATH\index.php(59): CodeIgniter\Boot::bootWeb(Object(Config\Paths))
WARNING - 2026-06-29 05:32:01 --> [DEPRECATED] Passing lowercase HTTP method "post" is deprecated. Use uppercase HTTP method like "POST". in SYSTEMPATH\Router\RouteCollection.php on line 1026.
 1 SYSTEMPATH\Router\RouteCollection.php(1026): trigger_error('Passing lowercase HTTP method "post" is deprecated. Use uppercase HTTP method like "POST".', 16384)
 2 APPPATH\Config\Routes.php(28): CodeIgniter\Router\RouteCollection->match([...], 'authenticate', 'Admin::authenticate')
 3 SYSTEMPATH\Router\RouteCollection.php(799): CodeIgniter\Router\RouteCollection->{closure}(Object(CodeIgniter\Router\RouteCollection))
 4 APPPATH\Config\Routes.php(25): CodeIgniter\Router\RouteCollection->group('admin', [...], Object(Closure))
 5 SYSTEMPATH\Router\RouteCollection.php(339): require('C:\\xampp\\htdocs\\myfoodblog\\app\\Config\\Routes.php')
 6 SYSTEMPATH\CodeIgniter.php(818): CodeIgniter\Router\RouteCollection->loadRoutes()
 7 SYSTEMPATH\CodeIgniter.php(441): CodeIgniter\CodeIgniter->tryToRouteIt(null)
 8 SYSTEMPATH\CodeIgniter.php(340): CodeIgniter\CodeIgniter->handleRequest(null, Object(Config\Cache), false)
 9 SYSTEMPATH\Boot.php(417): CodeIgniter\CodeIgniter->run()
10 SYSTEMPATH\Boot.php(68): CodeIgniter\Boot::runCodeIgniter(Object(CodeIgniter\CodeIgniter))
11 FCPATH\index.php(59): CodeIgniter\Boot::bootWeb(Object(Config\Paths))
DEBUG - 2026-06-29 05:32:01 --> Session: Class initialized using 'CodeIgniter\Session\Handlers\FileHandler' driver.
WARNING - 2026-06-29 05:32:01 --> [DEPRECATED] Passing lowercase HTTP method "get" is deprecated. Use uppercase HTTP method like "GET". in SYSTEMPATH\Router\RouteCollection.php on line 1026.
 1 SYSTEMPATH\Router\RouteCollection.php(1026): trigger_error('Passing lowercase HTTP method "get" is deprecated. Use uppercase HTTP method like "GET".', 16384)
 2 APPPATH\Config\Routes.php(28): CodeIgniter\Router\RouteCollection->match([...], 'authenticate', 'Admin::authenticate')
 3 SYSTEMPATH\Router\RouteCollection.php(799): CodeIgniter\Router\RouteCollection->{closure}(Object(CodeIgniter\Router\RouteCollection))
 4 APPPATH\Config\Routes.php(25): CodeIgniter\Router\RouteCollection->group('admin', [...], Object(Closure))
 5 SYSTEMPATH\Router\RouteCollection.php(339): require('C:\\xampp\\htdocs\\myfoodblog\\app\\Config\\Routes.php')
 6 SYSTEMPATH\CodeIgniter.php(818): CodeIgniter\Router\RouteCollection->loadRoutes()
 7 SYSTEMPATH\CodeIgniter.php(441): CodeIgniter\CodeIgniter->tryToRouteIt(null)
 8 SYSTEMPATH\CodeIgniter.php(340): CodeIgniter\CodeIgniter->handleRequest(null, Object(Config\Cache), false)
 9 SYSTEMPATH\Boot.php(417): CodeIgniter\CodeIgniter->run()
10 SYSTEMPATH\Boot.php(68): CodeIgniter\Boot::runCodeIgniter(Object(CodeIgniter\CodeIgniter))
11 FCPATH\index.php(59): CodeIgniter\Boot::bootWeb(Object(Config\Paths))
WARNING - 2026-06-29 05:32:01 --> [DEPRECATED] Passing lowercase HTTP method "post" is deprecated. Use uppercase HTTP method like "POST". in SYSTEMPATH\Router\RouteCollection.php on line 1026.
 1 SYSTEMPATH\Router\RouteCollection.php(1026): trigger_error('Passing lowercase HTTP method "post" is deprecated. Use uppercase HTTP method like "POST".', 16384)
 2 APPPATH\Config\Routes.php(28): CodeIgniter\Router\RouteCollection->match([...], 'authenticate', 'Admin::authenticate')
 3 SYSTEMPATH\Router\RouteCollection.php(799): CodeIgniter\Router\RouteCollection->{closure}(Object(CodeIgniter\Router\RouteCollection))
 4 APPPATH\Config\Routes.php(25): CodeIgniter\Router\RouteCollection->group('admin', [...], Object(Closure))
 5 SYSTEMPATH\Router\RouteCollection.php(339): require('C:\\xampp\\htdocs\\myfoodblog\\app\\Config\\Routes.php')
 6 SYSTEMPATH\CodeIgniter.php(818): CodeIgniter\Router\RouteCollection->loadRoutes()
 7 SYSTEMPATH\CodeIgniter.php(441): CodeIgniter\CodeIgniter->tryToRouteIt(null)
 8 SYSTEMPATH\CodeIgniter.php(340): CodeIgniter\CodeIgniter->handleRequest(null, Object(Config\Cache), false)
 9 SYSTEMPATH\Boot.php(417): CodeIgniter\CodeIgniter->run()
10 SYSTEMPATH\Boot.php(68): CodeIgniter\Boot::runCodeIgniter(Object(CodeIgniter\CodeIgniter))
11 FCPATH\index.php(59): CodeIgniter\Boot::bootWeb(Object(Config\Paths))
WARNING - 2026-06-29 05:32:01 --> [DEPRECATED] Passing lowercase HTTP method "get" is deprecated. Use uppercase HTTP method like "GET". in SYSTEMPATH\Router\RouteCollection.php on line 1026.
 1 SYSTEMPATH\Router\RouteCollection.php(1026): trigger_error('Passing lowercase HTTP method "get" is deprecated. Use uppercase HTTP method like "GET".', 16384)
 2 APPPATH\Config\Routes.php(28): CodeIgniter\Router\RouteCollection->match([...], 'authenticate', 'Admin::authenticate')
 3 SYSTEMPATH\Router\RouteCollection.php(799): CodeIgniter\Router\RouteCollection->{closure}(Object(CodeIgniter\Router\RouteCollection))
 4 APPPATH\Config\Routes.php(25): CodeIgniter\Router\RouteCollection->group('admin', [...], Object(Closure))
 5 SYSTEMPATH\Router\RouteCollection.php(339): require('C:\\xampp\\htdocs\\myfoodblog\\app\\Config\\Routes.php')
 6 SYSTEMPATH\CodeIgniter.php(818): CodeIgniter\Router\RouteCollection->loadRoutes()
 7 SYSTEMPATH\CodeIgniter.php(441): CodeIgniter\CodeIgniter->tryToRouteIt(null)
 8 SYSTEMPATH\CodeIgniter.php(340): CodeIgniter\CodeIgniter->handleRequest(null, Object(Config\Cache), false)
 9 SYSTEMPATH\Boot.php(417): CodeIgniter\CodeIgniter->run()
10 SYSTEMPATH\Boot.php(68): CodeIgniter\Boot::runCodeIgniter(Object(CodeIgniter\CodeIgniter))
11 FCPATH\index.php(59): CodeIgniter\Boot::bootWeb(Object(Config\Paths))
WARNING - 2026-06-29 05:32:01 --> [DEPRECATED] Passing lowercase HTTP method "post" is deprecated. Use uppercase HTTP method like "POST". in SYSTEMPATH\Router\RouteCollection.php on line 1026.
 1 SYSTEMPATH\Router\RouteCollection.php(1026): trigger_error('Passing lowercase HTTP method "post" is deprecated. Use uppercase HTTP method like "POST".', 16384)
 2 APPPATH\Config\Routes.php(28): CodeIgniter\Router\RouteCollection->match([...], 'authenticate', 'Admin::authenticate')
 3 SYSTEMPATH\Router\RouteCollection.php(799): CodeIgniter\Router\RouteCollection->{closure}(Object(CodeIgniter\Router\RouteCollection))
 4 APPPATH\Config\Routes.php(25): CodeIgniter\Router\RouteCollection->group('admin', [...], Object(Closure))
 5 SYSTEMPATH\Router\RouteCollection.php(339): require('C:\\xampp\\htdocs\\myfoodblog\\app\\Config\\Routes.php')
 6 SYSTEMPATH\CodeIgniter.php(818): CodeIgniter\Router\RouteCollection->loadRoutes()
 7 SYSTEMPATH\CodeIgniter.php(441): CodeIgniter\CodeIgniter->tryToRouteIt(null)
 8 SYSTEMPATH\CodeIgniter.php(340): CodeIgniter\CodeIgniter->handleRequest(null, Object(Config\Cache), false)
 9 SYSTEMPATH\Boot.php(417): CodeIgniter\CodeIgniter->run()
10 SYSTEMPATH\Boot.php(68): CodeIgniter\Boot::runCodeIgniter(Object(CodeIgniter\CodeIgniter))
11 FCPATH\index.php(59): CodeIgniter\Boot::bootWeb(Object(Config\Paths))
WARNING - 2026-06-29 05:32:24 --> [DEPRECATED] Passing lowercase HTTP method "get" is deprecated. Use uppercase HTTP method like "GET". in SYSTEMPATH\Router\RouteCollection.php on line 1026.
 1 SYSTEMPATH\Router\RouteCollection.php(1026): trigger_error('Passing lowercase HTTP method "get" is deprecated. Use uppercase HTTP method like "GET".', 16384)
 2 APPPATH\Config\Routes.php(28): CodeIgniter\Router\RouteCollection->match([...], 'authenticate', 'Admin::authenticate')
 3 SYSTEMPATH\Router\RouteCollection.php(799): CodeIgniter\Router\RouteCollection->{closure}(Object(CodeIgniter\Router\RouteCollection))
 4 APPPATH\Config\Routes.php(25): CodeIgniter\Router\RouteCollection->group('admin', [...], Object(Closure))
 5 SYSTEMPATH\Router\RouteCollection.php(339): require('C:\\xampp\\htdocs\\myfoodblog\\app\\Config\\Routes.php')
 6 SYSTEMPATH\CodeIgniter.php(818): CodeIgniter\Router\RouteCollection->loadRoutes()
 7 SYSTEMPATH\CodeIgniter.php(441): CodeIgniter\CodeIgniter->tryToRouteIt(null)
 8 SYSTEMPATH\CodeIgniter.php(340): CodeIgniter\CodeIgniter->handleRequest(null, Object(Config\Cache), false)
 9 SYSTEMPATH\Boot.php(417): CodeIgniter\CodeIgniter->run()
10 SYSTEMPATH\Boot.php(68): CodeIgniter\Boot::runCodeIgniter(Object(CodeIgniter\CodeIgniter))
11 FCPATH\index.php(59): CodeIgniter\Boot::bootWeb(Object(Config\Paths))
WARNING - 2026-06-29 05:32:24 --> [DEPRECATED] Passing lowercase HTTP method "post" is deprecated. Use uppercase HTTP method like "POST". in SYSTEMPATH\Router\RouteCollection.php on line 1026.
 1 SYSTEMPATH\Router\RouteCollection.php(1026): trigger_error('Passing lowercase HTTP method "post" is deprecated. Use uppercase HTTP method like "POST".', 16384)
 2 APPPATH\Config\Routes.php(28): CodeIgniter\Router\RouteCollection->match([...], 'authenticate', 'Admin::authenticate')
 3 SYSTEMPATH\Router\RouteCollection.php(799): CodeIgniter\Router\RouteCollection->{closure}(Object(CodeIgniter\Router\RouteCollection))
 4 APPPATH\Config\Routes.php(25): CodeIgniter\Router\RouteCollection->group('admin', [...], Object(Closure))
 5 SYSTEMPATH\Router\RouteCollection.php(339): require('C:\\xampp\\htdocs\\myfoodblog\\app\\Config\\Routes.php')
 6 SYSTEMPATH\CodeIgniter.php(818): CodeIgniter\Router\RouteCollection->loadRoutes()
 7 SYSTEMPATH\CodeIgniter.php(441): CodeIgniter\CodeIgniter->tryToRouteIt(null)
 8 SYSTEMPATH\CodeIgniter.php(340): CodeIgniter\CodeIgniter->handleRequest(null, Object(Config\Cache), false)
 9 SYSTEMPATH\Boot.php(417): CodeIgniter\CodeIgniter->run()
10 SYSTEMPATH\Boot.php(68): CodeIgniter\Boot::runCodeIgniter(Object(CodeIgniter\CodeIgniter))
11 FCPATH\index.php(59): CodeIgniter\Boot::bootWeb(Object(Config\Paths))
DEBUG - 2026-06-29 05:32:24 --> Session: Class initialized using 'CodeIgniter\Session\Handlers\FileHandler' driver.
WARNING - 2026-06-29 05:32:24 --> [DEPRECATED] Passing lowercase HTTP method "get" is deprecated. Use uppercase HTTP method like "GET". in SYSTEMPATH\Router\RouteCollection.php on line 1026.
 1 SYSTEMPATH\Router\RouteCollection.php(1026): trigger_error('Passing lowercase HTTP method "get" is deprecated. Use uppercase HTTP method like "GET".', 16384)
 2 APPPATH\Config\Routes.php(28): CodeIgniter\Router\RouteCollection->match([...], 'authenticate', 'Admin::authenticate')
 3 SYSTEMPATH\Router\RouteCollection.php(799): CodeIgniter\Router\RouteCollection->{closure}(Object(CodeIgniter\Router\RouteCollection))
 4 APPPATH\Config\Routes.php(25): CodeIgniter\Router\RouteCollection->group('admin', [...], Object(Closure))
 5 SYSTEMPATH\Router\RouteCollection.php(339): require('C:\\xampp\\htdocs\\myfoodblog\\app\\Config\\Routes.php')
 6 SYSTEMPATH\CodeIgniter.php(818): CodeIgniter\Router\RouteCollection->loadRoutes()
 7 SYSTEMPATH\CodeIgniter.php(441): CodeIgniter\CodeIgniter->tryToRouteIt(null)
 8 SYSTEMPATH\CodeIgniter.php(340): CodeIgniter\CodeIgniter->handleRequest(null, Object(Config\Cache), false)
 9 SYSTEMPATH\Boot.php(417): CodeIgniter\CodeIgniter->run()
10 SYSTEMPATH\Boot.php(68): CodeIgniter\Boot::runCodeIgniter(Object(CodeIgniter\CodeIgniter))
11 FCPATH\index.php(59): CodeIgniter\Boot::bootWeb(Object(Config\Paths))
WARNING - 2026-06-29 05:32:24 --> [DEPRECATED] Passing lowercase HTTP method "post" is deprecated. Use uppercase HTTP method like "POST". in SYSTEMPATH\Router\RouteCollection.php on line 1026.
 1 SYSTEMPATH\Router\RouteCollection.php(1026): trigger_error('Passing lowercase HTTP method "post" is deprecated. Use uppercase HTTP method like "POST".', 16384)
 2 APPPATH\Config\Routes.php(28): CodeIgniter\Router\RouteCollection->match([...], 'authenticate', 'Admin::authenticate')
 3 SYSTEMPATH\Router\RouteCollection.php(799): CodeIgniter\Router\RouteCollection->{closure}(Object(CodeIgniter\Router\RouteCollection))
 4 APPPATH\Config\Routes.php(25): CodeIgniter\Router\RouteCollection->group('admin', [...], Object(Closure))
 5 SYSTEMPATH\Router\RouteCollection.php(339): require('C:\\xampp\\htdocs\\myfoodblog\\app\\Config\\Routes.php')
 6 SYSTEMPATH\CodeIgniter.php(818): CodeIgniter\Router\RouteCollection->loadRoutes()
 7 SYSTEMPATH\CodeIgniter.php(441): CodeIgniter\CodeIgniter->tryToRouteIt(null)
 8 SYSTEMPATH\CodeIgniter.php(340): CodeIgniter\CodeIgniter->handleRequest(null, Object(Config\Cache), false)
 9 SYSTEMPATH\Boot.php(417): CodeIgniter\CodeIgniter->run()
10 SYSTEMPATH\Boot.php(68): CodeIgniter\Boot::runCodeIgniter(Object(CodeIgniter\CodeIgniter))
11 FCPATH\index.php(59): CodeIgniter\Boot::bootWeb(Object(Config\Paths))
DEBUG - 2026-06-29 05:32:24 --> Session: Class initialized using 'CodeIgniter\Session\Handlers\FileHandler' driver.
WARNING - 2026-06-29 05:32:24 --> [DEPRECATED] Passing lowercase HTTP method "get" is deprecated. Use uppercase HTTP method like "GET". in SYSTEMPATH\Router\RouteCollection.php on line 1026.
 1 SYSTEMPATH\Router\RouteCollection.php(1026): trigger_error('Passing lowercase HTTP method "get" is deprecated. Use uppercase HTTP method like "GET".', 16384)
 2 APPPATH\Config\Routes.php(28): CodeIgniter\Router\RouteCollection->match([...], 'authenticate', 'Admin::authenticate')
 3 SYSTEMPATH\Router\RouteCollection.php(799): CodeIgniter\Router\RouteCollection->{closure}(Object(CodeIgniter\Router\RouteCollection))
 4 APPPATH\Config\Routes.php(25): CodeIgniter\Router\RouteCollection->group('admin', [...], Object(Closure))
 5 SYSTEMPATH\Router\RouteCollection.php(339): require('C:\\xampp\\htdocs\\myfoodblog\\app\\Config\\Routes.php')
 6 SYSTEMPATH\CodeIgniter.php(818): CodeIgniter\Router\RouteCollection->loadRoutes()
 7 SYSTEMPATH\CodeIgniter.php(441): CodeIgniter\CodeIgniter->tryToRouteIt(null)
 8 SYSTEMPATH\CodeIgniter.php(340): CodeIgniter\CodeIgniter->handleRequest(null, Object(Config\Cache), false)
 9 SYSTEMPATH\Boot.php(417): CodeIgniter\CodeIgniter->run()
10 SYSTEMPATH\Boot.php(68): CodeIgniter\Boot::runCodeIgniter(Object(CodeIgniter\CodeIgniter))
11 FCPATH\index.php(59): CodeIgniter\Boot::bootWeb(Object(Config\Paths))
WARNING - 2026-06-29 05:32:24 --> [DEPRECATED] Passing lowercase HTTP method "post" is deprecated. Use uppercase HTTP method like "POST". in SYSTEMPATH\Router\RouteCollection.php on line 1026.
 1 SYSTEMPATH\Router\RouteCollection.php(1026): trigger_error('Passing lowercase HTTP method "post" is deprecated. Use uppercase HTTP method like "POST".', 16384)
 2 APPPATH\Config\Routes.php(28): CodeIgniter\Router\RouteCollection->match([...], 'authenticate', 'Admin::authenticate')
 3 SYSTEMPATH\Router\RouteCollection.php(799): CodeIgniter\Router\RouteCollection->{closure}(Object(CodeIgniter\Router\RouteCollection))
 4 APPPATH\Config\Routes.php(25): CodeIgniter\Router\RouteCollection->group('admin', [...], Object(Closure))
 5 SYSTEMPATH\Router\RouteCollection.php(339): require('C:\\xampp\\htdocs\\myfoodblog\\app\\Config\\Routes.php')
 6 SYSTEMPATH\CodeIgniter.php(818): CodeIgniter\Router\RouteCollection->loadRoutes()
 7 SYSTEMPATH\CodeIgniter.php(441): CodeIgniter\CodeIgniter->tryToRouteIt(null)
 8 SYSTEMPATH\CodeIgniter.php(340): CodeIgniter\CodeIgniter->handleRequest(null, Object(Config\Cache), false)
 9 SYSTEMPATH\Boot.php(417): CodeIgniter\CodeIgniter->run()
10 SYSTEMPATH\Boot.php(68): CodeIgniter\Boot::runCodeIgniter(Object(CodeIgniter\CodeIgniter))
11 FCPATH\index.php(59): CodeIgniter\Boot::bootWeb(Object(Config\Paths))
WARNING - 2026-06-29 05:32:24 --> [DEPRECATED] Passing lowercase HTTP method "get" is deprecated. Use uppercase HTTP method like "GET". in SYSTEMPATH\Router\RouteCollection.php on line 1026.
 1 SYSTEMPATH\Router\RouteCollection.php(1026): trigger_error('Passing lowercase HTTP method "get" is deprecated. Use uppercase HTTP method like "GET".', 16384)
 2 APPPATH\Config\Routes.php(28): CodeIgniter\Router\RouteCollection->match([...], 'authenticate', 'Admin::authenticate')
 3 SYSTEMPATH\Router\RouteCollection.php(799): CodeIgniter\Router\RouteCollection->{closure}(Object(CodeIgniter\Router\RouteCollection))
 4 APPPATH\Config\Routes.php(25): CodeIgniter\Router\RouteCollection->group('admin', [...], Object(Closure))
 5 SYSTEMPATH\Router\RouteCollection.php(339): require('C:\\xampp\\htdocs\\myfoodblog\\app\\Config\\Routes.php')
 6 SYSTEMPATH\CodeIgniter.php(818): CodeIgniter\Router\RouteCollection->loadRoutes()
 7 SYSTEMPATH\CodeIgniter.php(441): CodeIgniter\CodeIgniter->tryToRouteIt(null)
 8 SYSTEMPATH\CodeIgniter.php(340): CodeIgniter\CodeIgniter->handleRequest(null, Object(Config\Cache), false)
 9 SYSTEMPATH\Boot.php(417): CodeIgniter\CodeIgniter->run()
10 SYSTEMPATH\Boot.php(68): CodeIgniter\Boot::runCodeIgniter(Object(CodeIgniter\CodeIgniter))
11 FCPATH\index.php(59): CodeIgniter\Boot::bootWeb(Object(Config\Paths))
WARNING - 2026-06-29 05:32:24 --> [DEPRECATED] Passing lowercase HTTP method "post" is deprecated. Use uppercase HTTP method like "POST". in SYSTEMPATH\Router\RouteCollection.php on line 1026.
 1 SYSTEMPATH\Router\RouteCollection.php(1026): trigger_error('Passing lowercase HTTP method "post" is deprecated. Use uppercase HTTP method like "POST".', 16384)
 2 APPPATH\Config\Routes.php(28): CodeIgniter\Router\RouteCollection->match([...], 'authenticate', 'Admin::authenticate')
 3 SYSTEMPATH\Router\RouteCollection.php(799): CodeIgniter\Router\RouteCollection->{closure}(Object(CodeIgniter\Router\RouteCollection))
 4 APPPATH\Config\Routes.php(25): CodeIgniter\Router\RouteCollection->group('admin', [...], Object(Closure))
 5 SYSTEMPATH\Router\RouteCollection.php(339): require('C:\\xampp\\htdocs\\myfoodblog\\app\\Config\\Routes.php')
 6 SYSTEMPATH\CodeIgniter.php(818): CodeIgniter\Router\RouteCollection->loadRoutes()
 7 SYSTEMPATH\CodeIgniter.php(441): CodeIgniter\CodeIgniter->tryToRouteIt(null)
 8 SYSTEMPATH\CodeIgniter.php(340): CodeIgniter\CodeIgniter->handleRequest(null, Object(Config\Cache), false)
 9 SYSTEMPATH\Boot.php(417): CodeIgniter\CodeIgniter->run()
10 SYSTEMPATH\Boot.php(68): CodeIgniter\Boot::runCodeIgniter(Object(CodeIgniter\CodeIgniter))
11 FCPATH\index.php(59): CodeIgniter\Boot::bootWeb(Object(Config\Paths))
WARNING - 2026-06-29 05:32:28 --> [DEPRECATED] Passing lowercase HTTP method "get" is deprecated. Use uppercase HTTP method like "GET". in SYSTEMPATH\Router\RouteCollection.php on line 1026.
 1 SYSTEMPATH\Router\RouteCollection.php(1026): trigger_error('Passing lowercase HTTP method "get" is deprecated. Use uppercase HTTP method like "GET".', 16384)
 2 APPPATH\Config\Routes.php(28): CodeIgniter\Router\RouteCollection->match([...], 'authenticate', 'Admin::authenticate')
 3 SYSTEMPATH\Router\RouteCollection.php(799): CodeIgniter\Router\RouteCollection->{closure}(Object(CodeIgniter\Router\RouteCollection))
 4 APPPATH\Config\Routes.php(25): CodeIgniter\Router\RouteCollection->group('admin', [...], Object(Closure))
 5 SYSTEMPATH\Router\RouteCollection.php(339): require('C:\\xampp\\htdocs\\myfoodblog\\app\\Config\\Routes.php')
 6 SYSTEMPATH\CodeIgniter.php(818): CodeIgniter\Router\RouteCollection->loadRoutes()
 7 SYSTEMPATH\CodeIgniter.php(441): CodeIgniter\CodeIgniter->tryToRouteIt(null)
 8 SYSTEMPATH\CodeIgniter.php(340): CodeIgniter\CodeIgniter->handleRequest(null, Object(Config\Cache), false)
 9 SYSTEMPATH\Boot.php(417): CodeIgniter\CodeIgniter->run()
10 SYSTEMPATH\Boot.php(68): CodeIgniter\Boot::runCodeIgniter(Object(CodeIgniter\CodeIgniter))
11 FCPATH\index.php(59): CodeIgniter\Boot::bootWeb(Object(Config\Paths))
WARNING - 2026-06-29 05:32:28 --> [DEPRECATED] Passing lowercase HTTP method "post" is deprecated. Use uppercase HTTP method like "POST". in SYSTEMPATH\Router\RouteCollection.php on line 1026.
 1 SYSTEMPATH\Router\RouteCollection.php(1026): trigger_error('Passing lowercase HTTP method "post" is deprecated. Use uppercase HTTP method like "POST".', 16384)
 2 APPPATH\Config\Routes.php(28): CodeIgniter\Router\RouteCollection->match([...], 'authenticate', 'Admin::authenticate')
 3 SYSTEMPATH\Router\RouteCollection.php(799): CodeIgniter\Router\RouteCollection->{closure}(Object(CodeIgniter\Router\RouteCollection))
 4 APPPATH\Config\Routes.php(25): CodeIgniter\Router\RouteCollection->group('admin', [...], Object(Closure))
 5 SYSTEMPATH\Router\RouteCollection.php(339): require('C:\\xampp\\htdocs\\myfoodblog\\app\\Config\\Routes.php')
 6 SYSTEMPATH\CodeIgniter.php(818): CodeIgniter\Router\RouteCollection->loadRoutes()
 7 SYSTEMPATH\CodeIgniter.php(441): CodeIgniter\CodeIgniter->tryToRouteIt(null)
 8 SYSTEMPATH\CodeIgniter.php(340): CodeIgniter\CodeIgniter->handleRequest(null, Object(Config\Cache), false)
 9 SYSTEMPATH\Boot.php(417): CodeIgniter\CodeIgniter->run()
10 SYSTEMPATH\Boot.php(68): CodeIgniter\Boot::runCodeIgniter(Object(CodeIgniter\CodeIgniter))
11 FCPATH\index.php(59): CodeIgniter\Boot::bootWeb(Object(Config\Paths))
DEBUG - 2026-06-29 05:32:28 --> Session: Class initialized using 'CodeIgniter\Session\Handlers\FileHandler' driver.
WARNING - 2026-06-29 05:32:28 --> [DEPRECATED] Passing lowercase HTTP method "get" is deprecated. Use uppercase HTTP method like "GET". in SYSTEMPATH\Router\RouteCollection.php on line 1026.
 1 SYSTEMPATH\Router\RouteCollection.php(1026): trigger_error('Passing lowercase HTTP method "get" is deprecated. Use uppercase HTTP method like "GET".', 16384)
 2 APPPATH\Config\Routes.php(28): CodeIgniter\Router\RouteCollection->match([...], 'authenticate', 'Admin::authenticate')
 3 SYSTEMPATH\Router\RouteCollection.php(799): CodeIgniter\Router\RouteCollection->{closure}(Object(CodeIgniter\Router\RouteCollection))
 4 APPPATH\Config\Routes.php(25): CodeIgniter\Router\RouteCollection->group('admin', [...], Object(Closure))
 5 SYSTEMPATH\Router\RouteCollection.php(339): require('C:\\xampp\\htdocs\\myfoodblog\\app\\Config\\Routes.php')
 6 SYSTEMPATH\CodeIgniter.php(818): CodeIgniter\Router\RouteCollection->loadRoutes()
 7 SYSTEMPATH\CodeIgniter.php(441): CodeIgniter\CodeIgniter->tryToRouteIt(null)
 8 SYSTEMPATH\CodeIgniter.php(340): CodeIgniter\CodeIgniter->handleRequest(null, Object(Config\Cache), false)
 9 SYSTEMPATH\Boot.php(417): CodeIgniter\CodeIgniter->run()
10 SYSTEMPATH\Boot.php(68): CodeIgniter\Boot::runCodeIgniter(Object(CodeIgniter\CodeIgniter))
11 FCPATH\index.php(59): CodeIgniter\Boot::bootWeb(Object(Config\Paths))
WARNING - 2026-06-29 05:32:28 --> [DEPRECATED] Passing lowercase HTTP method "post" is deprecated. Use uppercase HTTP method like "POST". in SYSTEMPATH\Router\RouteCollection.php on line 1026.
 1 SYSTEMPATH\Router\RouteCollection.php(1026): trigger_error('Passing lowercase HTTP method "post" is deprecated. Use uppercase HTTP method like "POST".', 16384)
 2 APPPATH\Config\Routes.php(28): CodeIgniter\Router\RouteCollection->match([...], 'authenticate', 'Admin::authenticate')
 3 SYSTEMPATH\Router\RouteCollection.php(799): CodeIgniter\Router\RouteCollection->{closure}(Object(CodeIgniter\Router\RouteCollection))
 4 APPPATH\Config\Routes.php(25): CodeIgniter\Router\RouteCollection->group('admin', [...], Object(Closure))
 5 SYSTEMPATH\Router\RouteCollection.php(339): require('C:\\xampp\\htdocs\\myfoodblog\\app\\Config\\Routes.php')
 6 SYSTEMPATH\CodeIgniter.php(818): CodeIgniter\Router\RouteCollection->loadRoutes()
 7 SYSTEMPATH\CodeIgniter.php(441): CodeIgniter\CodeIgniter->tryToRouteIt(null)
 8 SYSTEMPATH\CodeIgniter.php(340): CodeIgniter\CodeIgniter->handleRequest(null, Object(Config\Cache), false)
 9 SYSTEMPATH\Boot.php(417): CodeIgniter\CodeIgniter->run()
10 SYSTEMPATH\Boot.php(68): CodeIgniter\Boot::runCodeIgniter(Object(CodeIgniter\CodeIgniter))
11 FCPATH\index.php(59): CodeIgniter\Boot::bootWeb(Object(Config\Paths))
WARNING - 2026-06-29 05:32:29 --> [DEPRECATED] Passing lowercase HTTP method "get" is deprecated. Use uppercase HTTP method like "GET". in SYSTEMPATH\Router\RouteCollection.php on line 1026.
 1 SYSTEMPATH\Router\RouteCollection.php(1026): trigger_error('Passing lowercase HTTP method "get" is deprecated. Use uppercase HTTP method like "GET".', 16384)
 2 APPPATH\Config\Routes.php(28): CodeIgniter\Router\RouteCollection->match([...], 'authenticate', 'Admin::authenticate')
 3 SYSTEMPATH\Router\RouteCollection.php(799): CodeIgniter\Router\RouteCollection->{closure}(Object(CodeIgniter\Router\RouteCollection))
 4 APPPATH\Config\Routes.php(25): CodeIgniter\Router\RouteCollection->group('admin', [...], Object(Closure))
 5 SYSTEMPATH\Router\RouteCollection.php(339): require('C:\\xampp\\htdocs\\myfoodblog\\app\\Config\\Routes.php')
 6 SYSTEMPATH\CodeIgniter.php(818): CodeIgniter\Router\RouteCollection->loadRoutes()
 7 SYSTEMPATH\CodeIgniter.php(441): CodeIgniter\CodeIgniter->tryToRouteIt(null)
 8 SYSTEMPATH\CodeIgniter.php(340): CodeIgniter\CodeIgniter->handleRequest(null, Object(Config\Cache), false)
 9 SYSTEMPATH\Boot.php(417): CodeIgniter\CodeIgniter->run()
10 SYSTEMPATH\Boot.php(68): CodeIgniter\Boot::runCodeIgniter(Object(CodeIgniter\CodeIgniter))
11 FCPATH\index.php(59): CodeIgniter\Boot::bootWeb(Object(Config\Paths))
WARNING - 2026-06-29 05:32:29 --> [DEPRECATED] Passing lowercase HTTP method "post" is deprecated. Use uppercase HTTP method like "POST". in SYSTEMPATH\Router\RouteCollection.php on line 1026.
 1 SYSTEMPATH\Router\RouteCollection.php(1026): trigger_error('Passing lowercase HTTP method "post" is deprecated. Use uppercase HTTP method like "POST".', 16384)
 2 APPPATH\Config\Routes.php(28): CodeIgniter\Router\RouteCollection->match([...], 'authenticate', 'Admin::authenticate')
 3 SYSTEMPATH\Router\RouteCollection.php(799): CodeIgniter\Router\RouteCollection->{closure}(Object(CodeIgniter\Router\RouteCollection))
 4 APPPATH\Config\Routes.php(25): CodeIgniter\Router\RouteCollection->group('admin', [...], Object(Closure))
 5 SYSTEMPATH\Router\RouteCollection.php(339): require('C:\\xampp\\htdocs\\myfoodblog\\app\\Config\\Routes.php')
 6 SYSTEMPATH\CodeIgniter.php(818): CodeIgniter\Router\RouteCollection->loadRoutes()
 7 SYSTEMPATH\CodeIgniter.php(441): CodeIgniter\CodeIgniter->tryToRouteIt(null)
 8 SYSTEMPATH\CodeIgniter.php(340): CodeIgniter\CodeIgniter->handleRequest(null, Object(Config\Cache), false)
 9 SYSTEMPATH\Boot.php(417): CodeIgniter\CodeIgniter->run()
10 SYSTEMPATH\Boot.php(68): CodeIgniter\Boot::runCodeIgniter(Object(CodeIgniter\CodeIgniter))
11 FCPATH\index.php(59): CodeIgniter\Boot::bootWeb(Object(Config\Paths))
WARNING - 2026-06-29 05:32:38 --> [DEPRECATED] Passing lowercase HTTP method "get" is deprecated. Use uppercase HTTP method like "GET". in SYSTEMPATH\Router\RouteCollection.php on line 1026.
 1 SYSTEMPATH\Router\RouteCollection.php(1026): trigger_error('Passing lowercase HTTP method "get" is deprecated. Use uppercase HTTP method like "GET".', 16384)
 2 APPPATH\Config\Routes.php(28): CodeIgniter\Router\RouteCollection->match([...], 'authenticate', 'Admin::authenticate')
 3 SYSTEMPATH\Router\RouteCollection.php(799): CodeIgniter\Router\RouteCollection->{closure}(Object(CodeIgniter\Router\RouteCollection))
 4 APPPATH\Config\Routes.php(25): CodeIgniter\Router\RouteCollection->group('admin', [...], Object(Closure))
 5 SYSTEMPATH\Router\RouteCollection.php(339): require('C:\\xampp\\htdocs\\myfoodblog\\app\\Config\\Routes.php')
 6 SYSTEMPATH\CodeIgniter.php(818): CodeIgniter\Router\RouteCollection->loadRoutes()
 7 SYSTEMPATH\CodeIgniter.php(441): CodeIgniter\CodeIgniter->tryToRouteIt(null)
 8 SYSTEMPATH\CodeIgniter.php(340): CodeIgniter\CodeIgniter->handleRequest(null, Object(Config\Cache), false)
 9 SYSTEMPATH\Boot.php(417): CodeIgniter\CodeIgniter->run()
10 SYSTEMPATH\Boot.php(68): CodeIgniter\Boot::runCodeIgniter(Object(CodeIgniter\CodeIgniter))
11 FCPATH\index.php(59): CodeIgniter\Boot::bootWeb(Object(Config\Paths))
WARNING - 2026-06-29 05:32:38 --> [DEPRECATED] Passing lowercase HTTP method "post" is deprecated. Use uppercase HTTP method like "POST". in SYSTEMPATH\Router\RouteCollection.php on line 1026.
 1 SYSTEMPATH\Router\RouteCollection.php(1026): trigger_error('Passing lowercase HTTP method "post" is deprecated. Use uppercase HTTP method like "POST".', 16384)
 2 APPPATH\Config\Routes.php(28): CodeIgniter\Router\RouteCollection->match([...], 'authenticate', 'Admin::authenticate')
 3 SYSTEMPATH\Router\RouteCollection.php(799): CodeIgniter\Router\RouteCollection->{closure}(Object(CodeIgniter\Router\RouteCollection))
 4 APPPATH\Config\Routes.php(25): CodeIgniter\Router\RouteCollection->group('admin', [...], Object(Closure))
 5 SYSTEMPATH\Router\RouteCollection.php(339): require('C:\\xampp\\htdocs\\myfoodblog\\app\\Config\\Routes.php')
 6 SYSTEMPATH\CodeIgniter.php(818): CodeIgniter\Router\RouteCollection->loadRoutes()
 7 SYSTEMPATH\CodeIgniter.php(441): CodeIgniter\CodeIgniter->tryToRouteIt(null)
 8 SYSTEMPATH\CodeIgniter.php(340): CodeIgniter\CodeIgniter->handleRequest(null, Object(Config\Cache), false)
 9 SYSTEMPATH\Boot.php(417): CodeIgniter\CodeIgniter->run()
10 SYSTEMPATH\Boot.php(68): CodeIgniter\Boot::runCodeIgniter(Object(CodeIgniter\CodeIgniter))
11 FCPATH\index.php(59): CodeIgniter\Boot::bootWeb(Object(Config\Paths))
DEBUG - 2026-06-29 05:32:38 --> Session: Class initialized using 'CodeIgniter\Session\Handlers\FileHandler' driver.
WARNING - 2026-06-29 05:32:38 --> [DEPRECATED] Passing lowercase HTTP method "get" is deprecated. Use uppercase HTTP method like "GET". in SYSTEMPATH\Router\RouteCollection.php on line 1026.
 1 SYSTEMPATH\Router\RouteCollection.php(1026): trigger_error('Passing lowercase HTTP method "get" is deprecated. Use uppercase HTTP method like "GET".', 16384)
 2 APPPATH\Config\Routes.php(28): CodeIgniter\Router\RouteCollection->match([...], 'authenticate', 'Admin::authenticate')
 3 SYSTEMPATH\Router\RouteCollection.php(799): CodeIgniter\Router\RouteCollection->{closure}(Object(CodeIgniter\Router\RouteCollection))
 4 APPPATH\Config\Routes.php(25): CodeIgniter\Router\RouteCollection->group('admin', [...], Object(Closure))
 5 SYSTEMPATH\Router\RouteCollection.php(339): require('C:\\xampp\\htdocs\\myfoodblog\\app\\Config\\Routes.php')
 6 SYSTEMPATH\CodeIgniter.php(818): CodeIgniter\Router\RouteCollection->loadRoutes()
 7 SYSTEMPATH\CodeIgniter.php(441): CodeIgniter\CodeIgniter->tryToRouteIt(null)
 8 SYSTEMPATH\CodeIgniter.php(340): CodeIgniter\CodeIgniter->handleRequest(null, Object(Config\Cache), false)
 9 SYSTEMPATH\Boot.php(417): CodeIgniter\CodeIgniter->run()
10 SYSTEMPATH\Boot.php(68): CodeIgniter\Boot::runCodeIgniter(Object(CodeIgniter\CodeIgniter))
11 FCPATH\index.php(59): CodeIgniter\Boot::bootWeb(Object(Config\Paths))
WARNING - 2026-06-29 05:32:38 --> [DEPRECATED] Passing lowercase HTTP method "get" is deprecated. Use uppercase HTTP method like "GET". in SYSTEMPATH\Router\RouteCollection.php on line 1026.
 1 SYSTEMPATH\Router\RouteCollection.php(1026): trigger_error('Passing lowercase HTTP method "get" is deprecated. Use uppercase HTTP method like "GET".', 16384)
 2 APPPATH\Config\Routes.php(28): CodeIgniter\Router\RouteCollection->match([...], 'authenticate', 'Admin::authenticate')
 3 SYSTEMPATH\Router\RouteCollection.php(799): CodeIgniter\Router\RouteCollection->{closure}(Object(CodeIgniter\Router\RouteCollection))
 4 APPPATH\Config\Routes.php(25): CodeIgniter\Router\RouteCollection->group('admin', [...], Object(Closure))
 5 SYSTEMPATH\Router\RouteCollection.php(339): require('C:\\xampp\\htdocs\\myfoodblog\\app\\Config\\Routes.php')
 6 SYSTEMPATH\CodeIgniter.php(818): CodeIgniter\Router\RouteCollection->loadRoutes()
 7 SYSTEMPATH\CodeIgniter.php(441): CodeIgniter\CodeIgniter->tryToRouteIt(null)
 8 SYSTEMPATH\CodeIgniter.php(340): CodeIgniter\CodeIgniter->handleRequest(null, Object(Config\Cache), false)
 9 SYSTEMPATH\Boot.php(417): CodeIgniter\CodeIgniter->run()
10 SYSTEMPATH\Boot.php(68): CodeIgniter\Boot::runCodeIgniter(Object(CodeIgniter\CodeIgniter))
11 FCPATH\index.php(59): CodeIgniter\Boot::bootWeb(Object(Config\Paths))
WARNING - 2026-06-29 05:32:38 --> [DEPRECATED] Passing lowercase HTTP method "post" is deprecated. Use uppercase HTTP method like "POST". in SYSTEMPATH\Router\RouteCollection.php on line 1026.
 1 SYSTEMPATH\Router\RouteCollection.php(1026): trigger_error('Passing lowercase HTTP method "post" is deprecated. Use uppercase HTTP method like "POST".', 16384)
 2 APPPATH\Config\Routes.php(28): CodeIgniter\Router\RouteCollection->match([...], 'authenticate', 'Admin::authenticate')
 3 SYSTEMPATH\Router\RouteCollection.php(799): CodeIgniter\Router\RouteCollection->{closure}(Object(CodeIgniter\Router\RouteCollection))
 4 APPPATH\Config\Routes.php(25): CodeIgniter\Router\RouteCollection->group('admin', [...], Object(Closure))
 5 SYSTEMPATH\Router\RouteCollection.php(339): require('C:\\xampp\\htdocs\\myfoodblog\\app\\Config\\Routes.php')
 6 SYSTEMPATH\CodeIgniter.php(818): CodeIgniter\Router\RouteCollection->loadRoutes()
 7 SYSTEMPATH\CodeIgniter.php(441): CodeIgniter\CodeIgniter->tryToRouteIt(null)
 8 SYSTEMPATH\CodeIgniter.php(340): CodeIgniter\CodeIgniter->handleRequest(null, Object(Config\Cache), false)
 9 SYSTEMPATH\Boot.php(417): CodeIgniter\CodeIgniter->run()
10 SYSTEMPATH\Boot.php(68): CodeIgniter\Boot::runCodeIgniter(Object(CodeIgniter\CodeIgniter))
11 FCPATH\index.php(59): CodeIgniter\Boot::bootWeb(Object(Config\Paths))
WARNING - 2026-06-29 05:32:38 --> [DEPRECATED] Passing lowercase HTTP method "post" is deprecated. Use uppercase HTTP method like "POST". in SYSTEMPATH\Router\RouteCollection.php on line 1026.
 1 SYSTEMPATH\Router\RouteCollection.php(1026): trigger_error('Passing lowercase HTTP method "post" is deprecated. Use uppercase HTTP method like "POST".', 16384)
 2 APPPATH\Config\Routes.php(28): CodeIgniter\Router\RouteCollection->match([...], 'authenticate', 'Admin::authenticate')
 3 SYSTEMPATH\Router\RouteCollection.php(799): CodeIgniter\Router\RouteCollection->{closure}(Object(CodeIgniter\Router\RouteCollection))
 4 APPPATH\Config\Routes.php(25): CodeIgniter\Router\RouteCollection->group('admin', [...], Object(Closure))
 5 SYSTEMPATH\Router\RouteCollection.php(339): require('C:\\xampp\\htdocs\\myfoodblog\\app\\Config\\Routes.php')
 6 SYSTEMPATH\CodeIgniter.php(818): CodeIgniter\Router\RouteCollection->loadRoutes()
 7 SYSTEMPATH\CodeIgniter.php(441): CodeIgniter\CodeIgniter->tryToRouteIt(null)
 8 SYSTEMPATH\CodeIgniter.php(340): CodeIgniter\CodeIgniter->handleRequest(null, Object(Config\Cache), false)
 9 SYSTEMPATH\Boot.php(417): CodeIgniter\CodeIgniter->run()
10 SYSTEMPATH\Boot.php(68): CodeIgniter\Boot::runCodeIgniter(Object(CodeIgniter\CodeIgniter))
11 FCPATH\index.php(59): CodeIgniter\Boot::bootWeb(Object(Config\Paths))
WARNING - 2026-06-29 05:32:44 --> [DEPRECATED] Passing lowercase HTTP method "get" is deprecated. Use uppercase HTTP method like "GET". in SYSTEMPATH\Router\RouteCollection.php on line 1026.
 1 SYSTEMPATH\Router\RouteCollection.php(1026): trigger_error('Passing lowercase HTTP method "get" is deprecated. Use uppercase HTTP method like "GET".', 16384)
 2 APPPATH\Config\Routes.php(28): CodeIgniter\Router\RouteCollection->match([...], 'authenticate', 'Admin::authenticate')
 3 SYSTEMPATH\Router\RouteCollection.php(799): CodeIgniter\Router\RouteCollection->{closure}(Object(CodeIgniter\Router\RouteCollection))
 4 APPPATH\Config\Routes.php(25): CodeIgniter\Router\RouteCollection->group('admin', [...], Object(Closure))
 5 SYSTEMPATH\Router\RouteCollection.php(339): require('C:\\xampp\\htdocs\\myfoodblog\\app\\Config\\Routes.php')
 6 SYSTEMPATH\CodeIgniter.php(818): CodeIgniter\Router\RouteCollection->loadRoutes()
 7 SYSTEMPATH\CodeIgniter.php(441): CodeIgniter\CodeIgniter->tryToRouteIt(null)
 8 SYSTEMPATH\CodeIgniter.php(340): CodeIgniter\CodeIgniter->handleRequest(null, Object(Config\Cache), false)
 9 SYSTEMPATH\Boot.php(417): CodeIgniter\CodeIgniter->run()
10 SYSTEMPATH\Boot.php(68): CodeIgniter\Boot::runCodeIgniter(Object(CodeIgniter\CodeIgniter))
11 FCPATH\index.php(59): CodeIgniter\Boot::bootWeb(Object(Config\Paths))
WARNING - 2026-06-29 05:32:44 --> [DEPRECATED] Passing lowercase HTTP method "post" is deprecated. Use uppercase HTTP method like "POST". in SYSTEMPATH\Router\RouteCollection.php on line 1026.
 1 SYSTEMPATH\Router\RouteCollection.php(1026): trigger_error('Passing lowercase HTTP method "post" is deprecated. Use uppercase HTTP method like "POST".', 16384)
 2 APPPATH\Config\Routes.php(28): CodeIgniter\Router\RouteCollection->match([...], 'authenticate', 'Admin::authenticate')
 3 SYSTEMPATH\Router\RouteCollection.php(799): CodeIgniter\Router\RouteCollection->{closure}(Object(CodeIgniter\Router\RouteCollection))
 4 APPPATH\Config\Routes.php(25): CodeIgniter\Router\RouteCollection->group('admin', [...], Object(Closure))
 5 SYSTEMPATH\Router\RouteCollection.php(339): require('C:\\xampp\\htdocs\\myfoodblog\\app\\Config\\Routes.php')
 6 SYSTEMPATH\CodeIgniter.php(818): CodeIgniter\Router\RouteCollection->loadRoutes()
 7 SYSTEMPATH\CodeIgniter.php(441): CodeIgniter\CodeIgniter->tryToRouteIt(null)
 8 SYSTEMPATH\CodeIgniter.php(340): CodeIgniter\CodeIgniter->handleRequest(null, Object(Config\Cache), false)
 9 SYSTEMPATH\Boot.php(417): CodeIgniter\CodeIgniter->run()
10 SYSTEMPATH\Boot.php(68): CodeIgniter\Boot::runCodeIgniter(Object(CodeIgniter\CodeIgniter))
11 FCPATH\index.php(59): CodeIgniter\Boot::bootWeb(Object(Config\Paths))
DEBUG - 2026-06-29 05:32:44 --> Session: Class initialized using 'CodeIgniter\Session\Handlers\FileHandler' driver.
WARNING - 2026-06-29 05:32:44 --> [DEPRECATED] Passing lowercase HTTP method "get" is deprecated. Use uppercase HTTP method like "GET". in SYSTEMPATH\Router\RouteCollection.php on line 1026.
 1 SYSTEMPATH\Router\RouteCollection.php(1026): trigger_error('Passing lowercase HTTP method "get" is deprecated. Use uppercase HTTP method like "GET".', 16384)
 2 APPPATH\Config\Routes.php(28): CodeIgniter\Router\RouteCollection->match([...], 'authenticate', 'Admin::authenticate')
 3 SYSTEMPATH\Router\RouteCollection.php(799): CodeIgniter\Router\RouteCollection->{closure}(Object(CodeIgniter\Router\RouteCollection))
 4 APPPATH\Config\Routes.php(25): CodeIgniter\Router\RouteCollection->group('admin', [...], Object(Closure))
 5 SYSTEMPATH\Router\RouteCollection.php(339): require('C:\\xampp\\htdocs\\myfoodblog\\app\\Config\\Routes.php')
 6 SYSTEMPATH\CodeIgniter.php(818): CodeIgniter\Router\RouteCollection->loadRoutes()
 7 SYSTEMPATH\CodeIgniter.php(441): CodeIgniter\CodeIgniter->tryToRouteIt(null)
 8 SYSTEMPATH\CodeIgniter.php(340): CodeIgniter\CodeIgniter->handleRequest(null, Object(Config\Cache), false)
 9 SYSTEMPATH\Boot.php(417): CodeIgniter\CodeIgniter->run()
10 SYSTEMPATH\Boot.php(68): CodeIgniter\Boot::runCodeIgniter(Object(CodeIgniter\CodeIgniter))
11 FCPATH\index.php(59): CodeIgniter\Boot::bootWeb(Object(Config\Paths))
WARNING - 2026-06-29 05:32:44 --> [DEPRECATED] Passing lowercase HTTP method "post" is deprecated. Use uppercase HTTP method like "POST". in SYSTEMPATH\Router\RouteCollection.php on line 1026.
 1 SYSTEMPATH\Router\RouteCollection.php(1026): trigger_error('Passing lowercase HTTP method "post" is deprecated. Use uppercase HTTP method like "POST".', 16384)
 2 APPPATH\Config\Routes.php(28): CodeIgniter\Router\RouteCollection->match([...], 'authenticate', 'Admin::authenticate')
 3 SYSTEMPATH\Router\RouteCollection.php(799): CodeIgniter\Router\RouteCollection->{closure}(Object(CodeIgniter\Router\RouteCollection))
 4 APPPATH\Config\Routes.php(25): CodeIgniter\Router\RouteCollection->group('admin', [...], Object(Closure))
 5 SYSTEMPATH\Router\RouteCollection.php(339): require('C:\\xampp\\htdocs\\myfoodblog\\app\\Config\\Routes.php')
 6 SYSTEMPATH\CodeIgniter.php(818): CodeIgniter\Router\RouteCollection->loadRoutes()
 7 SYSTEMPATH\CodeIgniter.php(441): CodeIgniter\CodeIgniter->tryToRouteIt(null)
 8 SYSTEMPATH\CodeIgniter.php(340): CodeIgniter\CodeIgniter->handleRequest(null, Object(Config\Cache), false)
 9 SYSTEMPATH\Boot.php(417): CodeIgniter\CodeIgniter->run()
10 SYSTEMPATH\Boot.php(68): CodeIgniter\Boot::runCodeIgniter(Object(CodeIgniter\CodeIgniter))
11 FCPATH\index.php(59): CodeIgniter\Boot::bootWeb(Object(Config\Paths))
DEBUG - 2026-06-29 05:32:45 --> Session: Class initialized using 'CodeIgniter\Session\Handlers\FileHandler' driver.
WARNING - 2026-06-29 05:32:45 --> [DEPRECATED] Passing lowercase HTTP method "get" is deprecated. Use uppercase HTTP method like "GET". in SYSTEMPATH\Router\RouteCollection.php on line 1026.
 1 SYSTEMPATH\Router\RouteCollection.php(1026): trigger_error('Passing lowercase HTTP method "get" is deprecated. Use uppercase HTTP method like "GET".', 16384)
 2 APPPATH\Config\Routes.php(28): CodeIgniter\Router\RouteCollection->match([...], 'authenticate', 'Admin::authenticate')
 3 SYSTEMPATH\Router\RouteCollection.php(799): CodeIgniter\Router\RouteCollection->{closure}(Object(CodeIgniter\Router\RouteCollection))
 4 APPPATH\Config\Routes.php(25): CodeIgniter\Router\RouteCollection->group('admin', [...], Object(Closure))
 5 SYSTEMPATH\Router\RouteCollection.php(339): require('C:\\xampp\\htdocs\\myfoodblog\\app\\Config\\Routes.php')
 6 SYSTEMPATH\CodeIgniter.php(818): CodeIgniter\Router\RouteCollection->loadRoutes()
 7 SYSTEMPATH\CodeIgniter.php(441): CodeIgniter\CodeIgniter->tryToRouteIt(null)
 8 SYSTEMPATH\CodeIgniter.php(340): CodeIgniter\CodeIgniter->handleRequest(null, Object(Config\Cache), false)
 9 SYSTEMPATH\Boot.php(417): CodeIgniter\CodeIgniter->run()
10 SYSTEMPATH\Boot.php(68): CodeIgniter\Boot::runCodeIgniter(Object(CodeIgniter\CodeIgniter))
11 FCPATH\index.php(59): CodeIgniter\Boot::bootWeb(Object(Config\Paths))
WARNING - 2026-06-29 05:32:45 --> [DEPRECATED] Passing lowercase HTTP method "post" is deprecated. Use uppercase HTTP method like "POST". in SYSTEMPATH\Router\RouteCollection.php on line 1026.
 1 SYSTEMPATH\Router\RouteCollection.php(1026): trigger_error('Passing lowercase HTTP method "post" is deprecated. Use uppercase HTTP method like "POST".', 16384)
 2 APPPATH\Config\Routes.php(28): CodeIgniter\Router\RouteCollection->match([...], 'authenticate', 'Admin::authenticate')
 3 SYSTEMPATH\Router\RouteCollection.php(799): CodeIgniter\Router\RouteCollection->{closure}(Object(CodeIgniter\Router\RouteCollection))
 4 APPPATH\Config\Routes.php(25): CodeIgniter\Router\RouteCollection->group('admin', [...], Object(Closure))
 5 SYSTEMPATH\Router\RouteCollection.php(339): require('C:\\xampp\\htdocs\\myfoodblog\\app\\Config\\Routes.php')
 6 SYSTEMPATH\CodeIgniter.php(818): CodeIgniter\Router\RouteCollection->loadRoutes()
 7 SYSTEMPATH\CodeIgniter.php(441): CodeIgniter\CodeIgniter->tryToRouteIt(null)
 8 SYSTEMPATH\CodeIgniter.php(340): CodeIgniter\CodeIgniter->handleRequest(null, Object(Config\Cache), false)
 9 SYSTEMPATH\Boot.php(417): CodeIgniter\CodeIgniter->run()
10 SYSTEMPATH\Boot.php(68): CodeIgniter\Boot::runCodeIgniter(Object(CodeIgniter\CodeIgniter))
11 FCPATH\index.php(59): CodeIgniter\Boot::bootWeb(Object(Config\Paths))
WARNING - 2026-06-29 05:32:45 --> [DEPRECATED] Passing lowercase HTTP method "get" is deprecated. Use uppercase HTTP method like "GET". in SYSTEMPATH\Router\RouteCollection.php on line 1026.
 1 SYSTEMPATH\Router\RouteCollection.php(1026): trigger_error('Passing lowercase HTTP method "get" is deprecated. Use uppercase HTTP method like "GET".', 16384)
 2 APPPATH\Config\Routes.php(28): CodeIgniter\Router\RouteCollection->match([...], 'authenticate', 'Admin::authenticate')
 3 SYSTEMPATH\Router\RouteCollection.php(799): CodeIgniter\Router\RouteCollection->{closure}(Object(CodeIgniter\Router\RouteCollection))
 4 APPPATH\Config\Routes.php(25): CodeIgniter\Router\RouteCollection->group('admin', [...], Object(Closure))
 5 SYSTEMPATH\Router\RouteCollection.php(339): require('C:\\xampp\\htdocs\\myfoodblog\\app\\Config\\Routes.php')
 6 SYSTEMPATH\CodeIgniter.php(818): CodeIgniter\Router\RouteCollection->loadRoutes()
 7 SYSTEMPATH\CodeIgniter.php(441): CodeIgniter\CodeIgniter->tryToRouteIt(null)
 8 SYSTEMPATH\CodeIgniter.php(340): CodeIgniter\CodeIgniter->handleRequest(null, Object(Config\Cache), false)
 9 SYSTEMPATH\Boot.php(417): CodeIgniter\CodeIgniter->run()
10 SYSTEMPATH\Boot.php(68): CodeIgniter\Boot::runCodeIgniter(Object(CodeIgniter\CodeIgniter))
11 FCPATH\index.php(59): CodeIgniter\Boot::bootWeb(Object(Config\Paths))
WARNING - 2026-06-29 05:32:45 --> [DEPRECATED] Passing lowercase HTTP method "post" is deprecated. Use uppercase HTTP method like "POST". in SYSTEMPATH\Router\RouteCollection.php on line 1026.
 1 SYSTEMPATH\Router\RouteCollection.php(1026): trigger_error('Passing lowercase HTTP method "post" is deprecated. Use uppercase HTTP method like "POST".', 16384)
 2 APPPATH\Config\Routes.php(28): CodeIgniter\Router\RouteCollection->match([...], 'authenticate', 'Admin::authenticate')
 3 SYSTEMPATH\Router\RouteCollection.php(799): CodeIgniter\Router\RouteCollection->{closure}(Object(CodeIgniter\Router\RouteCollection))
 4 APPPATH\Config\Routes.php(25): CodeIgniter\Router\RouteCollection->group('admin', [...], Object(Closure))
 5 SYSTEMPATH\Router\RouteCollection.php(339): require('C:\\xampp\\htdocs\\myfoodblog\\app\\Config\\Routes.php')
 6 SYSTEMPATH\CodeIgniter.php(818): CodeIgniter\Router\RouteCollection->loadRoutes()
 7 SYSTEMPATH\CodeIgniter.php(441): CodeIgniter\CodeIgniter->tryToRouteIt(null)
 8 SYSTEMPATH\CodeIgniter.php(340): CodeIgniter\CodeIgniter->handleRequest(null, Object(Config\Cache), false)
 9 SYSTEMPATH\Boot.php(417): CodeIgniter\CodeIgniter->run()
10 SYSTEMPATH\Boot.php(68): CodeIgniter\Boot::runCodeIgniter(Object(CodeIgniter\CodeIgniter))
11 FCPATH\index.php(59): CodeIgniter\Boot::bootWeb(Object(Config\Paths))
WARNING - 2026-06-29 05:33:13 --> [DEPRECATED] Passing lowercase HTTP method "get" is deprecated. Use uppercase HTTP method like "GET". in SYSTEMPATH\Router\RouteCollection.php on line 1026.
 1 SYSTEMPATH\Router\RouteCollection.php(1026): trigger_error('Passing lowercase HTTP method "get" is deprecated. Use uppercase HTTP method like "GET".', 16384)
 2 APPPATH\Config\Routes.php(28): CodeIgniter\Router\RouteCollection->match([...], 'authenticate', 'Admin::authenticate')
 3 SYSTEMPATH\Router\RouteCollection.php(799): CodeIgniter\Router\RouteCollection->{closure}(Object(CodeIgniter\Router\RouteCollection))
 4 APPPATH\Config\Routes.php(25): CodeIgniter\Router\RouteCollection->group('admin', [...], Object(Closure))
 5 SYSTEMPATH\Router\RouteCollection.php(339): require('C:\\xampp\\htdocs\\myfoodblog\\app\\Config\\Routes.php')
 6 SYSTEMPATH\CodeIgniter.php(818): CodeIgniter\Router\RouteCollection->loadRoutes()
 7 SYSTEMPATH\CodeIgniter.php(441): CodeIgniter\CodeIgniter->tryToRouteIt(null)
 8 SYSTEMPATH\CodeIgniter.php(340): CodeIgniter\CodeIgniter->handleRequest(null, Object(Config\Cache), false)
 9 SYSTEMPATH\Boot.php(417): CodeIgniter\CodeIgniter->run()
10 SYSTEMPATH\Boot.php(68): CodeIgniter\Boot::runCodeIgniter(Object(CodeIgniter\CodeIgniter))
11 FCPATH\index.php(59): CodeIgniter\Boot::bootWeb(Object(Config\Paths))
WARNING - 2026-06-29 05:33:13 --> [DEPRECATED] Passing lowercase HTTP method "post" is deprecated. Use uppercase HTTP method like "POST". in SYSTEMPATH\Router\RouteCollection.php on line 1026.
 1 SYSTEMPATH\Router\RouteCollection.php(1026): trigger_error('Passing lowercase HTTP method "post" is deprecated. Use uppercase HTTP method like "POST".', 16384)
 2 APPPATH\Config\Routes.php(28): CodeIgniter\Router\RouteCollection->match([...], 'authenticate', 'Admin::authenticate')
 3 SYSTEMPATH\Router\RouteCollection.php(799): CodeIgniter\Router\RouteCollection->{closure}(Object(CodeIgniter\Router\RouteCollection))
 4 APPPATH\Config\Routes.php(25): CodeIgniter\Router\RouteCollection->group('admin', [...], Object(Closure))
 5 SYSTEMPATH\Router\RouteCollection.php(339): require('C:\\xampp\\htdocs\\myfoodblog\\app\\Config\\Routes.php')
 6 SYSTEMPATH\CodeIgniter.php(818): CodeIgniter\Router\RouteCollection->loadRoutes()
 7 SYSTEMPATH\CodeIgniter.php(441): CodeIgniter\CodeIgniter->tryToRouteIt(null)
 8 SYSTEMPATH\CodeIgniter.php(340): CodeIgniter\CodeIgniter->handleRequest(null, Object(Config\Cache), false)
 9 SYSTEMPATH\Boot.php(417): CodeIgniter\CodeIgniter->run()
10 SYSTEMPATH\Boot.php(68): CodeIgniter\Boot::runCodeIgniter(Object(CodeIgniter\CodeIgniter))
11 FCPATH\index.php(59): CodeIgniter\Boot::bootWeb(Object(Config\Paths))
DEBUG - 2026-06-29 05:33:13 --> Session: Class initialized using 'CodeIgniter\Session\Handlers\FileHandler' driver.
WARNING - 2026-06-29 05:33:13 --> [DEPRECATED] Passing lowercase HTTP method "get" is deprecated. Use uppercase HTTP method like "GET". in SYSTEMPATH\Router\RouteCollection.php on line 1026.
 1 SYSTEMPATH\Router\RouteCollection.php(1026): trigger_error('Passing lowercase HTTP method "get" is deprecated. Use uppercase HTTP method like "GET".', 16384)
 2 APPPATH\Config\Routes.php(28): CodeIgniter\Router\RouteCollection->match([...], 'authenticate', 'Admin::authenticate')
 3 SYSTEMPATH\Router\RouteCollection.php(799): CodeIgniter\Router\RouteCollection->{closure}(Object(CodeIgniter\Router\RouteCollection))
 4 APPPATH\Config\Routes.php(25): CodeIgniter\Router\RouteCollection->group('admin', [...], Object(Closure))
 5 SYSTEMPATH\Router\RouteCollection.php(339): require('C:\\xampp\\htdocs\\myfoodblog\\app\\Config\\Routes.php')
 6 SYSTEMPATH\CodeIgniter.php(818): CodeIgniter\Router\RouteCollection->loadRoutes()
 7 SYSTEMPATH\CodeIgniter.php(441): CodeIgniter\CodeIgniter->tryToRouteIt(null)
 8 SYSTEMPATH\CodeIgniter.php(340): CodeIgniter\CodeIgniter->handleRequest(null, Object(Config\Cache), false)
 9 SYSTEMPATH\Boot.php(417): CodeIgniter\CodeIgniter->run()
10 SYSTEMPATH\Boot.php(68): CodeIgniter\Boot::runCodeIgniter(Object(CodeIgniter\CodeIgniter))
11 FCPATH\index.php(59): CodeIgniter\Boot::bootWeb(Object(Config\Paths))
WARNING - 2026-06-29 05:33:13 --> [DEPRECATED] Passing lowercase HTTP method "get" is deprecated. Use uppercase HTTP method like "GET". in SYSTEMPATH\Router\RouteCollection.php on line 1026.
 1 SYSTEMPATH\Router\RouteCollection.php(1026): trigger_error('Passing lowercase HTTP method "get" is deprecated. Use uppercase HTTP method like "GET".', 16384)
 2 APPPATH\Config\Routes.php(28): CodeIgniter\Router\RouteCollection->match([...], 'authenticate', 'Admin::authenticate')
 3 SYSTEMPATH\Router\RouteCollection.php(799): CodeIgniter\Router\RouteCollection->{closure}(Object(CodeIgniter\Router\RouteCollection))
 4 APPPATH\Config\Routes.php(25): CodeIgniter\Router\RouteCollection->group('admin', [...], Object(Closure))
 5 SYSTEMPATH\Router\RouteCollection.php(339): require('C:\\xampp\\htdocs\\myfoodblog\\app\\Config\\Routes.php')
 6 SYSTEMPATH\CodeIgniter.php(818): CodeIgniter\Router\RouteCollection->loadRoutes()
 7 SYSTEMPATH\CodeIgniter.php(441): CodeIgniter\CodeIgniter->tryToRouteIt(null)
 8 SYSTEMPATH\CodeIgniter.php(340): CodeIgniter\CodeIgniter->handleRequest(null, Object(Config\Cache), false)
 9 SYSTEMPATH\Boot.php(417): CodeIgniter\CodeIgniter->run()
10 SYSTEMPATH\Boot.php(68): CodeIgniter\Boot::runCodeIgniter(Object(CodeIgniter\CodeIgniter))
11 FCPATH\index.php(59): CodeIgniter\Boot::bootWeb(Object(Config\Paths))
WARNING - 2026-06-29 05:33:13 --> [DEPRECATED] Passing lowercase HTTP method "post" is deprecated. Use uppercase HTTP method like "POST". in SYSTEMPATH\Router\RouteCollection.php on line 1026.
 1 SYSTEMPATH\Router\RouteCollection.php(1026): trigger_error('Passing lowercase HTTP method "post" is deprecated. Use uppercase HTTP method like "POST".', 16384)
 2 APPPATH\Config\Routes.php(28): CodeIgniter\Router\RouteCollection->match([...], 'authenticate', 'Admin::authenticate')
 3 SYSTEMPATH\Router\RouteCollection.php(799): CodeIgniter\Router\RouteCollection->{closure}(Object(CodeIgniter\Router\RouteCollection))
 4 APPPATH\Config\Routes.php(25): CodeIgniter\Router\RouteCollection->group('admin', [...], Object(Closure))
 5 SYSTEMPATH\Router\RouteCollection.php(339): require('C:\\xampp\\htdocs\\myfoodblog\\app\\Config\\Routes.php')
 6 SYSTEMPATH\CodeIgniter.php(818): CodeIgniter\Router\RouteCollection->loadRoutes()
 7 SYSTEMPATH\CodeIgniter.php(441): CodeIgniter\CodeIgniter->tryToRouteIt(null)
 8 SYSTEMPATH\CodeIgniter.php(340): CodeIgniter\CodeIgniter->handleRequest(null, Object(Config\Cache), false)
 9 SYSTEMPATH\Boot.php(417): CodeIgniter\CodeIgniter->run()
10 SYSTEMPATH\Boot.php(68): CodeIgniter\Boot::runCodeIgniter(Object(CodeIgniter\CodeIgniter))
11 FCPATH\index.php(59): CodeIgniter\Boot::bootWeb(Object(Config\Paths))
WARNING - 2026-06-29 05:33:13 --> [DEPRECATED] Passing lowercase HTTP method "post" is deprecated. Use uppercase HTTP method like "POST". in SYSTEMPATH\Router\RouteCollection.php on line 1026.
 1 SYSTEMPATH\Router\RouteCollection.php(1026): trigger_error('Passing lowercase HTTP method "post" is deprecated. Use uppercase HTTP method like "POST".', 16384)
 2 APPPATH\Config\Routes.php(28): CodeIgniter\Router\RouteCollection->match([...], 'authenticate', 'Admin::authenticate')
 3 SYSTEMPATH\Router\RouteCollection.php(799): CodeIgniter\Router\RouteCollection->{closure}(Object(CodeIgniter\Router\RouteCollection))
 4 APPPATH\Config\Routes.php(25): CodeIgniter\Router\RouteCollection->group('admin', [...], Object(Closure))
 5 SYSTEMPATH\Router\RouteCollection.php(339): require('C:\\xampp\\htdocs\\myfoodblog\\app\\Config\\Routes.php')
 6 SYSTEMPATH\CodeIgniter.php(818): CodeIgniter\Router\RouteCollection->loadRoutes()
 7 SYSTEMPATH\CodeIgniter.php(441): CodeIgniter\CodeIgniter->tryToRouteIt(null)
 8 SYSTEMPATH\CodeIgniter.php(340): CodeIgniter\CodeIgniter->handleRequest(null, Object(Config\Cache), false)
 9 SYSTEMPATH\Boot.php(417): CodeIgniter\CodeIgniter->run()
10 SYSTEMPATH\Boot.php(68): CodeIgniter\Boot::runCodeIgniter(Object(CodeIgniter\CodeIgniter))
11 FCPATH\index.php(59): CodeIgniter\Boot::bootWeb(Object(Config\Paths))
WARNING - 2026-06-29 05:33:21 --> [DEPRECATED] Passing lowercase HTTP method "get" is deprecated. Use uppercase HTTP method like "GET". in SYSTEMPATH\Router\RouteCollection.php on line 1026.
 1 SYSTEMPATH\Router\RouteCollection.php(1026): trigger_error('Passing lowercase HTTP method "get" is deprecated. Use uppercase HTTP method like "GET".', 16384)
 2 APPPATH\Config\Routes.php(28): CodeIgniter\Router\RouteCollection->match([...], 'authenticate', 'Admin::authenticate')
 3 SYSTEMPATH\Router\RouteCollection.php(799): CodeIgniter\Router\RouteCollection->{closure}(Object(CodeIgniter\Router\RouteCollection))
 4 APPPATH\Config\Routes.php(25): CodeIgniter\Router\RouteCollection->group('admin', [...], Object(Closure))
 5 SYSTEMPATH\Router\RouteCollection.php(339): require('C:\\xampp\\htdocs\\myfoodblog\\app\\Config\\Routes.php')
 6 SYSTEMPATH\CodeIgniter.php(818): CodeIgniter\Router\RouteCollection->loadRoutes()
 7 SYSTEMPATH\CodeIgniter.php(441): CodeIgniter\CodeIgniter->tryToRouteIt(null)
 8 SYSTEMPATH\CodeIgniter.php(340): CodeIgniter\CodeIgniter->handleRequest(null, Object(Config\Cache), false)
 9 SYSTEMPATH\Boot.php(417): CodeIgniter\CodeIgniter->run()
10 SYSTEMPATH\Boot.php(68): CodeIgniter\Boot::runCodeIgniter(Object(CodeIgniter\CodeIgniter))
11 FCPATH\index.php(59): CodeIgniter\Boot::bootWeb(Object(Config\Paths))
WARNING - 2026-06-29 05:33:21 --> [DEPRECATED] Passing lowercase HTTP method "post" is deprecated. Use uppercase HTTP method like "POST". in SYSTEMPATH\Router\RouteCollection.php on line 1026.
 1 SYSTEMPATH\Router\RouteCollection.php(1026): trigger_error('Passing lowercase HTTP method "post" is deprecated. Use uppercase HTTP method like "POST".', 16384)
 2 APPPATH\Config\Routes.php(28): CodeIgniter\Router\RouteCollection->match([...], 'authenticate', 'Admin::authenticate')
 3 SYSTEMPATH\Router\RouteCollection.php(799): CodeIgniter\Router\RouteCollection->{closure}(Object(CodeIgniter\Router\RouteCollection))
 4 APPPATH\Config\Routes.php(25): CodeIgniter\Router\RouteCollection->group('admin', [...], Object(Closure))
 5 SYSTEMPATH\Router\RouteCollection.php(339): require('C:\\xampp\\htdocs\\myfoodblog\\app\\Config\\Routes.php')
 6 SYSTEMPATH\CodeIgniter.php(818): CodeIgniter\Router\RouteCollection->loadRoutes()
 7 SYSTEMPATH\CodeIgniter.php(441): CodeIgniter\CodeIgniter->tryToRouteIt(null)
 8 SYSTEMPATH\CodeIgniter.php(340): CodeIgniter\CodeIgniter->handleRequest(null, Object(Config\Cache), false)
 9 SYSTEMPATH\Boot.php(417): CodeIgniter\CodeIgniter->run()
10 SYSTEMPATH\Boot.php(68): CodeIgniter\Boot::runCodeIgniter(Object(CodeIgniter\CodeIgniter))
11 FCPATH\index.php(59): CodeIgniter\Boot::bootWeb(Object(Config\Paths))
DEBUG - 2026-06-29 05:33:21 --> Session: Class initialized using 'CodeIgniter\Session\Handlers\FileHandler' driver.
WARNING - 2026-06-29 05:33:22 --> [DEPRECATED] Passing lowercase HTTP method "get" is deprecated. Use uppercase HTTP method like "GET". in SYSTEMPATH\Router\RouteCollection.php on line 1026.
 1 SYSTEMPATH\Router\RouteCollection.php(1026): trigger_error('Passing lowercase HTTP method "get" is deprecated. Use uppercase HTTP method like "GET".', 16384)
 2 APPPATH\Config\Routes.php(28): CodeIgniter\Router\RouteCollection->match([...], 'authenticate', 'Admin::authenticate')
 3 SYSTEMPATH\Router\RouteCollection.php(799): CodeIgniter\Router\RouteCollection->{closure}(Object(CodeIgniter\Router\RouteCollection))
 4 APPPATH\Config\Routes.php(25): CodeIgniter\Router\RouteCollection->group('admin', [...], Object(Closure))
 5 SYSTEMPATH\Router\RouteCollection.php(339): require('C:\\xampp\\htdocs\\myfoodblog\\app\\Config\\Routes.php')
 6 SYSTEMPATH\CodeIgniter.php(818): CodeIgniter\Router\RouteCollection->loadRoutes()
 7 SYSTEMPATH\CodeIgniter.php(441): CodeIgniter\CodeIgniter->tryToRouteIt(null)
 8 SYSTEMPATH\CodeIgniter.php(340): CodeIgniter\CodeIgniter->handleRequest(null, Object(Config\Cache), false)
 9 SYSTEMPATH\Boot.php(417): CodeIgniter\CodeIgniter->run()
10 SYSTEMPATH\Boot.php(68): CodeIgniter\Boot::runCodeIgniter(Object(CodeIgniter\CodeIgniter))
11 FCPATH\index.php(59): CodeIgniter\Boot::bootWeb(Object(Config\Paths))
WARNING - 2026-06-29 05:33:22 --> [DEPRECATED] Passing lowercase HTTP method "post" is deprecated. Use uppercase HTTP method like "POST". in SYSTEMPATH\Router\RouteCollection.php on line 1026.
 1 SYSTEMPATH\Router\RouteCollection.php(1026): trigger_error('Passing lowercase HTTP method "post" is deprecated. Use uppercase HTTP method like "POST".', 16384)
 2 APPPATH\Config\Routes.php(28): CodeIgniter\Router\RouteCollection->match([...], 'authenticate', 'Admin::authenticate')
 3 SYSTEMPATH\Router\RouteCollection.php(799): CodeIgniter\Router\RouteCollection->{closure}(Object(CodeIgniter\Router\RouteCollection))
 4 APPPATH\Config\Routes.php(25): CodeIgniter\Router\RouteCollection->group('admin', [...], Object(Closure))
 5 SYSTEMPATH\Router\RouteCollection.php(339): require('C:\\xampp\\htdocs\\myfoodblog\\app\\Config\\Routes.php')
 6 SYSTEMPATH\CodeIgniter.php(818): CodeIgniter\Router\RouteCollection->loadRoutes()
 7 SYSTEMPATH\CodeIgniter.php(441): CodeIgniter\CodeIgniter->tryToRouteIt(null)
 8 SYSTEMPATH\CodeIgniter.php(340): CodeIgniter\CodeIgniter->handleRequest(null, Object(Config\Cache), false)
 9 SYSTEMPATH\Boot.php(417): CodeIgniter\CodeIgniter->run()
10 SYSTEMPATH\Boot.php(68): CodeIgniter\Boot::runCodeIgniter(Object(CodeIgniter\CodeIgniter))
11 FCPATH\index.php(59): CodeIgniter\Boot::bootWeb(Object(Config\Paths))
DEBUG - 2026-06-29 05:33:22 --> Session: Class initialized using 'CodeIgniter\Session\Handlers\FileHandler' driver.
WARNING - 2026-06-29 05:33:22 --> [DEPRECATED] Passing lowercase HTTP method "get" is deprecated. Use uppercase HTTP method like "GET". in SYSTEMPATH\Router\RouteCollection.php on line 1026.
 1 SYSTEMPATH\Router\RouteCollection.php(1026): trigger_error('Passing lowercase HTTP method "get" is deprecated. Use uppercase HTTP method like "GET".', 16384)
 2 APPPATH\Config\Routes.php(28): CodeIgniter\Router\RouteCollection->match([...], 'authenticate', 'Admin::authenticate')
 3 SYSTEMPATH\Router\RouteCollection.php(799): CodeIgniter\Router\RouteCollection->{closure}(Object(CodeIgniter\Router\RouteCollection))
 4 APPPATH\Config\Routes.php(25): CodeIgniter\Router\RouteCollection->group('admin', [...], Object(Closure))
 5 SYSTEMPATH\Router\RouteCollection.php(339): require('C:\\xampp\\htdocs\\myfoodblog\\app\\Config\\Routes.php')
 6 SYSTEMPATH\CodeIgniter.php(818): CodeIgniter\Router\RouteCollection->loadRoutes()
 7 SYSTEMPATH\CodeIgniter.php(441): CodeIgniter\CodeIgniter->tryToRouteIt(null)
 8 SYSTEMPATH\CodeIgniter.php(340): CodeIgniter\CodeIgniter->handleRequest(null, Object(Config\Cache), false)
 9 SYSTEMPATH\Boot.php(417): CodeIgniter\CodeIgniter->run()
10 SYSTEMPATH\Boot.php(68): CodeIgniter\Boot::runCodeIgniter(Object(CodeIgniter\CodeIgniter))
11 FCPATH\index.php(59): CodeIgniter\Boot::bootWeb(Object(Config\Paths))
WARNING - 2026-06-29 05:33:22 --> [DEPRECATED] Passing lowercase HTTP method "post" is deprecated. Use uppercase HTTP method like "POST". in SYSTEMPATH\Router\RouteCollection.php on line 1026.
 1 SYSTEMPATH\Router\RouteCollection.php(1026): trigger_error('Passing lowercase HTTP method "post" is deprecated. Use uppercase HTTP method like "POST".', 16384)
 2 APPPATH\Config\Routes.php(28): CodeIgniter\Router\RouteCollection->match([...], 'authenticate', 'Admin::authenticate')
 3 SYSTEMPATH\Router\RouteCollection.php(799): CodeIgniter\Router\RouteCollection->{closure}(Object(CodeIgniter\Router\RouteCollection))
 4 APPPATH\Config\Routes.php(25): CodeIgniter\Router\RouteCollection->group('admin', [...], Object(Closure))
 5 SYSTEMPATH\Router\RouteCollection.php(339): require('C:\\xampp\\htdocs\\myfoodblog\\app\\Config\\Routes.php')
 6 SYSTEMPATH\CodeIgniter.php(818): CodeIgniter\Router\RouteCollection->loadRoutes()
 7 SYSTEMPATH\CodeIgniter.php(441): CodeIgniter\CodeIgniter->tryToRouteIt(null)
 8 SYSTEMPATH\CodeIgniter.php(340): CodeIgniter\CodeIgniter->handleRequest(null, Object(Config\Cache), false)
 9 SYSTEMPATH\Boot.php(417): CodeIgniter\CodeIgniter->run()
10 SYSTEMPATH\Boot.php(68): CodeIgniter\Boot::runCodeIgniter(Object(CodeIgniter\CodeIgniter))
11 FCPATH\index.php(59): CodeIgniter\Boot::bootWeb(Object(Config\Paths))
WARNING - 2026-06-29 05:33:22 --> [DEPRECATED] Passing lowercase HTTP method "get" is deprecated. Use uppercase HTTP method like "GET". in SYSTEMPATH\Router\RouteCollection.php on line 1026.
 1 SYSTEMPATH\Router\RouteCollection.php(1026): trigger_error('Passing lowercase HTTP method "get" is deprecated. Use uppercase HTTP method like "GET".', 16384)
 2 APPPATH\Config\Routes.php(28): CodeIgniter\Router\RouteCollection->match([...], 'authenticate', 'Admin::authenticate')
 3 SYSTEMPATH\Router\RouteCollection.php(799): CodeIgniter\Router\RouteCollection->{closure}(Object(CodeIgniter\Router\RouteCollection))
 4 APPPATH\Config\Routes.php(25): CodeIgniter\Router\RouteCollection->group('admin', [...], Object(Closure))
 5 SYSTEMPATH\Router\RouteCollection.php(339): require('C:\\xampp\\htdocs\\myfoodblog\\app\\Config\\Routes.php')
 6 SYSTEMPATH\CodeIgniter.php(818): CodeIgniter\Router\RouteCollection->loadRoutes()
 7 SYSTEMPATH\CodeIgniter.php(441): CodeIgniter\CodeIgniter->tryToRouteIt(null)
 8 SYSTEMPATH\CodeIgniter.php(340): CodeIgniter\CodeIgniter->handleRequest(null, Object(Config\Cache), false)
 9 SYSTEMPATH\Boot.php(417): CodeIgniter\CodeIgniter->run()
10 SYSTEMPATH\Boot.php(68): CodeIgniter\Boot::runCodeIgniter(Object(CodeIgniter\CodeIgniter))
11 FCPATH\index.php(59): CodeIgniter\Boot::bootWeb(Object(Config\Paths))
WARNING - 2026-06-29 05:33:22 --> [DEPRECATED] Passing lowercase HTTP method "post" is deprecated. Use uppercase HTTP method like "POST". in SYSTEMPATH\Router\RouteCollection.php on line 1026.
 1 SYSTEMPATH\Router\RouteCollection.php(1026): trigger_error('Passing lowercase HTTP method "post" is deprecated. Use uppercase HTTP method like "POST".', 16384)
 2 APPPATH\Config\Routes.php(28): CodeIgniter\Router\RouteCollection->match([...], 'authenticate', 'Admin::authenticate')
 3 SYSTEMPATH\Router\RouteCollection.php(799): CodeIgniter\Router\RouteCollection->{closure}(Object(CodeIgniter\Router\RouteCollection))
 4 APPPATH\Config\Routes.php(25): CodeIgniter\Router\RouteCollection->group('admin', [...], Object(Closure))
 5 SYSTEMPATH\Router\RouteCollection.php(339): require('C:\\xampp\\htdocs\\myfoodblog\\app\\Config\\Routes.php')
 6 SYSTEMPATH\CodeIgniter.php(818): CodeIgniter\Router\RouteCollection->loadRoutes()
 7 SYSTEMPATH\CodeIgniter.php(441): CodeIgniter\CodeIgniter->tryToRouteIt(null)
 8 SYSTEMPATH\CodeIgniter.php(340): CodeIgniter\CodeIgniter->handleRequest(null, Object(Config\Cache), false)
 9 SYSTEMPATH\Boot.php(417): CodeIgniter\CodeIgniter->run()
10 SYSTEMPATH\Boot.php(68): CodeIgniter\Boot::runCodeIgniter(Object(CodeIgniter\CodeIgniter))
11 FCPATH\index.php(59): CodeIgniter\Boot::bootWeb(Object(Config\Paths))
WARNING - 2026-06-29 05:33:24 --> [DEPRECATED] Passing lowercase HTTP method "get" is deprecated. Use uppercase HTTP method like "GET". in SYSTEMPATH\Router\RouteCollection.php on line 1026.
 1 SYSTEMPATH\Router\RouteCollection.php(1026): trigger_error('Passing lowercase HTTP method "get" is deprecated. Use uppercase HTTP method like "GET".', 16384)
 2 APPPATH\Config\Routes.php(28): CodeIgniter\Router\RouteCollection->match([...], 'authenticate', 'Admin::authenticate')
 3 SYSTEMPATH\Router\RouteCollection.php(799): CodeIgniter\Router\RouteCollection->{closure}(Object(CodeIgniter\Router\RouteCollection))
 4 APPPATH\Config\Routes.php(25): CodeIgniter\Router\RouteCollection->group('admin', [...], Object(Closure))
 5 SYSTEMPATH\Router\RouteCollection.php(339): require('C:\\xampp\\htdocs\\myfoodblog\\app\\Config\\Routes.php')
 6 SYSTEMPATH\CodeIgniter.php(818): CodeIgniter\Router\RouteCollection->loadRoutes()
 7 SYSTEMPATH\CodeIgniter.php(441): CodeIgniter\CodeIgniter->tryToRouteIt(null)
 8 SYSTEMPATH\CodeIgniter.php(340): CodeIgniter\CodeIgniter->handleRequest(null, Object(Config\Cache), false)
 9 SYSTEMPATH\Boot.php(417): CodeIgniter\CodeIgniter->run()
10 SYSTEMPATH\Boot.php(68): CodeIgniter\Boot::runCodeIgniter(Object(CodeIgniter\CodeIgniter))
11 FCPATH\index.php(59): CodeIgniter\Boot::bootWeb(Object(Config\Paths))
WARNING - 2026-06-29 05:33:24 --> [DEPRECATED] Passing lowercase HTTP method "post" is deprecated. Use uppercase HTTP method like "POST". in SYSTEMPATH\Router\RouteCollection.php on line 1026.
 1 SYSTEMPATH\Router\RouteCollection.php(1026): trigger_error('Passing lowercase HTTP method "post" is deprecated. Use uppercase HTTP method like "POST".', 16384)
 2 APPPATH\Config\Routes.php(28): CodeIgniter\Router\RouteCollection->match([...], 'authenticate', 'Admin::authenticate')
 3 SYSTEMPATH\Router\RouteCollection.php(799): CodeIgniter\Router\RouteCollection->{closure}(Object(CodeIgniter\Router\RouteCollection))
 4 APPPATH\Config\Routes.php(25): CodeIgniter\Router\RouteCollection->group('admin', [...], Object(Closure))
 5 SYSTEMPATH\Router\RouteCollection.php(339): require('C:\\xampp\\htdocs\\myfoodblog\\app\\Config\\Routes.php')
 6 SYSTEMPATH\CodeIgniter.php(818): CodeIgniter\Router\RouteCollection->loadRoutes()
 7 SYSTEMPATH\CodeIgniter.php(441): CodeIgniter\CodeIgniter->tryToRouteIt(null)
 8 SYSTEMPATH\CodeIgniter.php(340): CodeIgniter\CodeIgniter->handleRequest(null, Object(Config\Cache), false)
 9 SYSTEMPATH\Boot.php(417): CodeIgniter\CodeIgniter->run()
10 SYSTEMPATH\Boot.php(68): CodeIgniter\Boot::runCodeIgniter(Object(CodeIgniter\CodeIgniter))
11 FCPATH\index.php(59): CodeIgniter\Boot::bootWeb(Object(Config\Paths))
DEBUG - 2026-06-29 05:33:24 --> Session: Class initialized using 'CodeIgniter\Session\Handlers\FileHandler' driver.
WARNING - 2026-06-29 05:33:24 --> [DEPRECATED] Passing lowercase HTTP method "get" is deprecated. Use uppercase HTTP method like "GET". in SYSTEMPATH\Router\RouteCollection.php on line 1026.
 1 SYSTEMPATH\Router\RouteCollection.php(1026): trigger_error('Passing lowercase HTTP method "get" is deprecated. Use uppercase HTTP method like "GET".', 16384)
 2 APPPATH\Config\Routes.php(28): CodeIgniter\Router\RouteCollection->match([...], 'authenticate', 'Admin::authenticate')
 3 SYSTEMPATH\Router\RouteCollection.php(799): CodeIgniter\Router\RouteCollection->{closure}(Object(CodeIgniter\Router\RouteCollection))
 4 APPPATH\Config\Routes.php(25): CodeIgniter\Router\RouteCollection->group('admin', [...], Object(Closure))
 5 SYSTEMPATH\Router\RouteCollection.php(339): require('C:\\xampp\\htdocs\\myfoodblog\\app\\Config\\Routes.php')
 6 SYSTEMPATH\CodeIgniter.php(818): CodeIgniter\Router\RouteCollection->loadRoutes()
 7 SYSTEMPATH\CodeIgniter.php(441): CodeIgniter\CodeIgniter->tryToRouteIt(null)
 8 SYSTEMPATH\CodeIgniter.php(340): CodeIgniter\CodeIgniter->handleRequest(null, Object(Config\Cache), false)
 9 SYSTEMPATH\Boot.php(417): CodeIgniter\CodeIgniter->run()
10 SYSTEMPATH\Boot.php(68): CodeIgniter\Boot::runCodeIgniter(Object(CodeIgniter\CodeIgniter))
11 FCPATH\index.php(59): CodeIgniter\Boot::bootWeb(Object(Config\Paths))
WARNING - 2026-06-29 05:33:24 --> [DEPRECATED] Passing lowercase HTTP method "post" is deprecated. Use uppercase HTTP method like "POST". in SYSTEMPATH\Router\RouteCollection.php on line 1026.
 1 SYSTEMPATH\Router\RouteCollection.php(1026): trigger_error('Passing lowercase HTTP method "post" is deprecated. Use uppercase HTTP method like "POST".', 16384)
 2 APPPATH\Config\Routes.php(28): CodeIgniter\Router\RouteCollection->match([...], 'authenticate', 'Admin::authenticate')
 3 SYSTEMPATH\Router\RouteCollection.php(799): CodeIgniter\Router\RouteCollection->{closure}(Object(CodeIgniter\Router\RouteCollection))
 4 APPPATH\Config\Routes.php(25): CodeIgniter\Router\RouteCollection->group('admin', [...], Object(Closure))
 5 SYSTEMPATH\Router\RouteCollection.php(339): require('C:\\xampp\\htdocs\\myfoodblog\\app\\Config\\Routes.php')
 6 SYSTEMPATH\CodeIgniter.php(818): CodeIgniter\Router\RouteCollection->loadRoutes()
 7 SYSTEMPATH\CodeIgniter.php(441): CodeIgniter\CodeIgniter->tryToRouteIt(null)
 8 SYSTEMPATH\CodeIgniter.php(340): CodeIgniter\CodeIgniter->handleRequest(null, Object(Config\Cache), false)
 9 SYSTEMPATH\Boot.php(417): CodeIgniter\CodeIgniter->run()
10 SYSTEMPATH\Boot.php(68): CodeIgniter\Boot::runCodeIgniter(Object(CodeIgniter\CodeIgniter))
11 FCPATH\index.php(59): CodeIgniter\Boot::bootWeb(Object(Config\Paths))
WARNING - 2026-06-29 05:33:24 --> [DEPRECATED] Passing lowercase HTTP method "get" is deprecated. Use uppercase HTTP method like "GET". in SYSTEMPATH\Router\RouteCollection.php on line 1026.
 1 SYSTEMPATH\Router\RouteCollection.php(1026): trigger_error('Passing lowercase HTTP method "get" is deprecated. Use uppercase HTTP method like "GET".', 16384)
 2 APPPATH\Config\Routes.php(28): CodeIgniter\Router\RouteCollection->match([...], 'authenticate', 'Admin::authenticate')
 3 SYSTEMPATH\Router\RouteCollection.php(799): CodeIgniter\Router\RouteCollection->{closure}(Object(CodeIgniter\Router\RouteCollection))
 4 APPPATH\Config\Routes.php(25): CodeIgniter\Router\RouteCollection->group('admin', [...], Object(Closure))
 5 SYSTEMPATH\Router\RouteCollection.php(339): require('C:\\xampp\\htdocs\\myfoodblog\\app\\Config\\Routes.php')
 6 SYSTEMPATH\CodeIgniter.php(818): CodeIgniter\Router\RouteCollection->loadRoutes()
 7 SYSTEMPATH\CodeIgniter.php(441): CodeIgniter\CodeIgniter->tryToRouteIt(null)
 8 SYSTEMPATH\CodeIgniter.php(340): CodeIgniter\CodeIgniter->handleRequest(null, Object(Config\Cache), false)
 9 SYSTEMPATH\Boot.php(417): CodeIgniter\CodeIgniter->run()
10 SYSTEMPATH\Boot.php(68): CodeIgniter\Boot::runCodeIgniter(Object(CodeIgniter\CodeIgniter))
11 FCPATH\index.php(59): CodeIgniter\Boot::bootWeb(Object(Config\Paths))
WARNING - 2026-06-29 05:33:24 --> [DEPRECATED] Passing lowercase HTTP method "post" is deprecated. Use uppercase HTTP method like "POST". in SYSTEMPATH\Router\RouteCollection.php on line 1026.
 1 SYSTEMPATH\Router\RouteCollection.php(1026): trigger_error('Passing lowercase HTTP method "post" is deprecated. Use uppercase HTTP method like "POST".', 16384)
 2 APPPATH\Config\Routes.php(28): CodeIgniter\Router\RouteCollection->match([...], 'authenticate', 'Admin::authenticate')
 3 SYSTEMPATH\Router\RouteCollection.php(799): CodeIgniter\Router\RouteCollection->{closure}(Object(CodeIgniter\Router\RouteCollection))
 4 APPPATH\Config\Routes.php(25): CodeIgniter\Router\RouteCollection->group('admin', [...], Object(Closure))
 5 SYSTEMPATH\Router\RouteCollection.php(339): require('C:\\xampp\\htdocs\\myfoodblog\\app\\Config\\Routes.php')
 6 SYSTEMPATH\CodeIgniter.php(818): CodeIgniter\Router\RouteCollection->loadRoutes()
 7 SYSTEMPATH\CodeIgniter.php(441): CodeIgniter\CodeIgniter->tryToRouteIt(null)
 8 SYSTEMPATH\CodeIgniter.php(340): CodeIgniter\CodeIgniter->handleRequest(null, Object(Config\Cache), false)
 9 SYSTEMPATH\Boot.php(417): CodeIgniter\CodeIgniter->run()
10 SYSTEMPATH\Boot.php(68): CodeIgniter\Boot::runCodeIgniter(Object(CodeIgniter\CodeIgniter))
11 FCPATH\index.php(59): CodeIgniter\Boot::bootWeb(Object(Config\Paths))
WARNING - 2026-06-29 05:35:30 --> [DEPRECATED] Passing lowercase HTTP method "get" is deprecated. Use uppercase HTTP method like "GET". in SYSTEMPATH\Router\RouteCollection.php on line 1026.
 1 SYSTEMPATH\Router\RouteCollection.php(1026): trigger_error('Passing lowercase HTTP method "get" is deprecated. Use uppercase HTTP method like "GET".', 16384)
 2 APPPATH\Config\Routes.php(28): CodeIgniter\Router\RouteCollection->match([...], 'authenticate', 'Admin::authenticate')
 3 SYSTEMPATH\Router\RouteCollection.php(799): CodeIgniter\Router\RouteCollection->{closure}(Object(CodeIgniter\Router\RouteCollection))
 4 APPPATH\Config\Routes.php(25): CodeIgniter\Router\RouteCollection->group('admin', [...], Object(Closure))
 5 SYSTEMPATH\Router\RouteCollection.php(339): require('C:\\xampp\\htdocs\\myfoodblog\\app\\Config\\Routes.php')
 6 SYSTEMPATH\CodeIgniter.php(818): CodeIgniter\Router\RouteCollection->loadRoutes()
 7 SYSTEMPATH\CodeIgniter.php(441): CodeIgniter\CodeIgniter->tryToRouteIt(null)
 8 SYSTEMPATH\CodeIgniter.php(340): CodeIgniter\CodeIgniter->handleRequest(null, Object(Config\Cache), false)
 9 SYSTEMPATH\Boot.php(417): CodeIgniter\CodeIgniter->run()
10 SYSTEMPATH\Boot.php(68): CodeIgniter\Boot::runCodeIgniter(Object(CodeIgniter\CodeIgniter))
11 FCPATH\index.php(59): CodeIgniter\Boot::bootWeb(Object(Config\Paths))
WARNING - 2026-06-29 05:35:30 --> [DEPRECATED] Passing lowercase HTTP method "post" is deprecated. Use uppercase HTTP method like "POST". in SYSTEMPATH\Router\RouteCollection.php on line 1026.
 1 SYSTEMPATH\Router\RouteCollection.php(1026): trigger_error('Passing lowercase HTTP method "post" is deprecated. Use uppercase HTTP method like "POST".', 16384)
 2 APPPATH\Config\Routes.php(28): CodeIgniter\Router\RouteCollection->match([...], 'authenticate', 'Admin::authenticate')
 3 SYSTEMPATH\Router\RouteCollection.php(799): CodeIgniter\Router\RouteCollection->{closure}(Object(CodeIgniter\Router\RouteCollection))
 4 APPPATH\Config\Routes.php(25): CodeIgniter\Router\RouteCollection->group('admin', [...], Object(Closure))
 5 SYSTEMPATH\Router\RouteCollection.php(339): require('C:\\xampp\\htdocs\\myfoodblog\\app\\Config\\Routes.php')
 6 SYSTEMPATH\CodeIgniter.php(818): CodeIgniter\Router\RouteCollection->loadRoutes()
 7 SYSTEMPATH\CodeIgniter.php(441): CodeIgniter\CodeIgniter->tryToRouteIt(null)
 8 SYSTEMPATH\CodeIgniter.php(340): CodeIgniter\CodeIgniter->handleRequest(null, Object(Config\Cache), false)
 9 SYSTEMPATH\Boot.php(417): CodeIgniter\CodeIgniter->run()
10 SYSTEMPATH\Boot.php(68): CodeIgniter\Boot::runCodeIgniter(Object(CodeIgniter\CodeIgniter))
11 FCPATH\index.php(59): CodeIgniter\Boot::bootWeb(Object(Config\Paths))
DEBUG - 2026-06-29 05:35:30 --> Session: Class initialized using 'CodeIgniter\Session\Handlers\FileHandler' driver.
WARNING - 2026-06-29 05:35:30 --> [DEPRECATED] Passing lowercase HTTP method "get" is deprecated. Use uppercase HTTP method like "GET". in SYSTEMPATH\Router\RouteCollection.php on line 1026.
 1 SYSTEMPATH\Router\RouteCollection.php(1026): trigger_error('Passing lowercase HTTP method "get" is deprecated. Use uppercase HTTP method like "GET".', 16384)
 2 APPPATH\Config\Routes.php(28): CodeIgniter\Router\RouteCollection->match([...], 'authenticate', 'Admin::authenticate')
 3 SYSTEMPATH\Router\RouteCollection.php(799): CodeIgniter\Router\RouteCollection->{closure}(Object(CodeIgniter\Router\RouteCollection))
 4 APPPATH\Config\Routes.php(25): CodeIgniter\Router\RouteCollection->group('admin', [...], Object(Closure))
 5 SYSTEMPATH\Router\RouteCollection.php(339): require('C:\\xampp\\htdocs\\myfoodblog\\app\\Config\\Routes.php')
 6 SYSTEMPATH\CodeIgniter.php(818): CodeIgniter\Router\RouteCollection->loadRoutes()
 7 SYSTEMPATH\CodeIgniter.php(441): CodeIgniter\CodeIgniter->tryToRouteIt(null)
 8 SYSTEMPATH\CodeIgniter.php(340): CodeIgniter\CodeIgniter->handleRequest(null, Object(Config\Cache), false)
 9 SYSTEMPATH\Boot.php(417): CodeIgniter\CodeIgniter->run()
10 SYSTEMPATH\Boot.php(68): CodeIgniter\Boot::runCodeIgniter(Object(CodeIgniter\CodeIgniter))
11 FCPATH\index.php(59): CodeIgniter\Boot::bootWeb(Object(Config\Paths))
WARNING - 2026-06-29 05:35:30 --> [DEPRECATED] Passing lowercase HTTP method "post" is deprecated. Use uppercase HTTP method like "POST". in SYSTEMPATH\Router\RouteCollection.php on line 1026.
 1 SYSTEMPATH\Router\RouteCollection.php(1026): trigger_error('Passing lowercase HTTP method "post" is deprecated. Use uppercase HTTP method like "POST".', 16384)
 2 APPPATH\Config\Routes.php(28): CodeIgniter\Router\RouteCollection->match([...], 'authenticate', 'Admin::authenticate')
 3 SYSTEMPATH\Router\RouteCollection.php(799): CodeIgniter\Router\RouteCollection->{closure}(Object(CodeIgniter\Router\RouteCollection))
 4 APPPATH\Config\Routes.php(25): CodeIgniter\Router\RouteCollection->group('admin', [...], Object(Closure))
 5 SYSTEMPATH\Router\RouteCollection.php(339): require('C:\\xampp\\htdocs\\myfoodblog\\app\\Config\\Routes.php')
 6 SYSTEMPATH\CodeIgniter.php(818): CodeIgniter\Router\RouteCollection->loadRoutes()
 7 SYSTEMPATH\CodeIgniter.php(441): CodeIgniter\CodeIgniter->tryToRouteIt(null)
 8 SYSTEMPATH\CodeIgniter.php(340): CodeIgniter\CodeIgniter->handleRequest(null, Object(Config\Cache), false)
 9 SYSTEMPATH\Boot.php(417): CodeIgniter\CodeIgniter->run()
10 SYSTEMPATH\Boot.php(68): CodeIgniter\Boot::runCodeIgniter(Object(CodeIgniter\CodeIgniter))
11 FCPATH\index.php(59): CodeIgniter\Boot::bootWeb(Object(Config\Paths))
DEBUG - 2026-06-29 05:35:30 --> Session: Class initialized using 'CodeIgniter\Session\Handlers\FileHandler' driver.
WARNING - 2026-06-29 05:35:31 --> [DEPRECATED] Passing lowercase HTTP method "get" is deprecated. Use uppercase HTTP method like "GET". in SYSTEMPATH\Router\RouteCollection.php on line 1026.
 1 SYSTEMPATH\Router\RouteCollection.php(1026): trigger_error('Passing lowercase HTTP method "get" is deprecated. Use uppercase HTTP method like "GET".', 16384)
 2 APPPATH\Config\Routes.php(28): CodeIgniter\Router\RouteCollection->match([...], 'authenticate', 'Admin::authenticate')
 3 SYSTEMPATH\Router\RouteCollection.php(799): CodeIgniter\Router\RouteCollection->{closure}(Object(CodeIgniter\Router\RouteCollection))
 4 APPPATH\Config\Routes.php(25): CodeIgniter\Router\RouteCollection->group('admin', [...], Object(Closure))
 5 SYSTEMPATH\Router\RouteCollection.php(339): require('C:\\xampp\\htdocs\\myfoodblog\\app\\Config\\Routes.php')
 6 SYSTEMPATH\CodeIgniter.php(818): CodeIgniter\Router\RouteCollection->loadRoutes()
 7 SYSTEMPATH\CodeIgniter.php(441): CodeIgniter\CodeIgniter->tryToRouteIt(null)
 8 SYSTEMPATH\CodeIgniter.php(340): CodeIgniter\CodeIgniter->handleRequest(null, Object(Config\Cache), false)
 9 SYSTEMPATH\Boot.php(417): CodeIgniter\CodeIgniter->run()
10 SYSTEMPATH\Boot.php(68): CodeIgniter\Boot::runCodeIgniter(Object(CodeIgniter\CodeIgniter))
11 FCPATH\index.php(59): CodeIgniter\Boot::bootWeb(Object(Config\Paths))
WARNING - 2026-06-29 05:35:31 --> [DEPRECATED] Passing lowercase HTTP method "get" is deprecated. Use uppercase HTTP method like "GET". in SYSTEMPATH\Router\RouteCollection.php on line 1026.
 1 SYSTEMPATH\Router\RouteCollection.php(1026): trigger_error('Passing lowercase HTTP method "get" is deprecated. Use uppercase HTTP method like "GET".', 16384)
 2 APPPATH\Config\Routes.php(28): CodeIgniter\Router\RouteCollection->match([...], 'authenticate', 'Admin::authenticate')
 3 SYSTEMPATH\Router\RouteCollection.php(799): CodeIgniter\Router\RouteCollection->{closure}(Object(CodeIgniter\Router\RouteCollection))
 4 APPPATH\Config\Routes.php(25): CodeIgniter\Router\RouteCollection->group('admin', [...], Object(Closure))
 5 SYSTEMPATH\Router\RouteCollection.php(339): require('C:\\xampp\\htdocs\\myfoodblog\\app\\Config\\Routes.php')
 6 SYSTEMPATH\CodeIgniter.php(818): CodeIgniter\Router\RouteCollection->loadRoutes()
 7 SYSTEMPATH\CodeIgniter.php(441): CodeIgniter\CodeIgniter->tryToRouteIt(null)
 8 SYSTEMPATH\CodeIgniter.php(340): CodeIgniter\CodeIgniter->handleRequest(null, Object(Config\Cache), false)
 9 SYSTEMPATH\Boot.php(417): CodeIgniter\CodeIgniter->run()
10 SYSTEMPATH\Boot.php(68): CodeIgniter\Boot::runCodeIgniter(Object(CodeIgniter\CodeIgniter))
11 FCPATH\index.php(59): CodeIgniter\Boot::bootWeb(Object(Config\Paths))
WARNING - 2026-06-29 05:35:31 --> [DEPRECATED] Passing lowercase HTTP method "post" is deprecated. Use uppercase HTTP method like "POST". in SYSTEMPATH\Router\RouteCollection.php on line 1026.
 1 SYSTEMPATH\Router\RouteCollection.php(1026): trigger_error('Passing lowercase HTTP method "post" is deprecated. Use uppercase HTTP method like "POST".', 16384)
 2 APPPATH\Config\Routes.php(28): CodeIgniter\Router\RouteCollection->match([...], 'authenticate', 'Admin::authenticate')
 3 SYSTEMPATH\Router\RouteCollection.php(799): CodeIgniter\Router\RouteCollection->{closure}(Object(CodeIgniter\Router\RouteCollection))
 4 APPPATH\Config\Routes.php(25): CodeIgniter\Router\RouteCollection->group('admin', [...], Object(Closure))
 5 SYSTEMPATH\Router\RouteCollection.php(339): require('C:\\xampp\\htdocs\\myfoodblog\\app\\Config\\Routes.php')
 6 SYSTEMPATH\CodeIgniter.php(818): CodeIgniter\Router\RouteCollection->loadRoutes()
 7 SYSTEMPATH\CodeIgniter.php(441): CodeIgniter\CodeIgniter->tryToRouteIt(null)
 8 SYSTEMPATH\CodeIgniter.php(340): CodeIgniter\CodeIgniter->handleRequest(null, Object(Config\Cache), false)
 9 SYSTEMPATH\Boot.php(417): CodeIgniter\CodeIgniter->run()
10 SYSTEMPATH\Boot.php(68): CodeIgniter\Boot::runCodeIgniter(Object(CodeIgniter\CodeIgniter))
11 FCPATH\index.php(59): CodeIgniter\Boot::bootWeb(Object(Config\Paths))
WARNING - 2026-06-29 05:35:31 --> [DEPRECATED] Passing lowercase HTTP method "post" is deprecated. Use uppercase HTTP method like "POST". in SYSTEMPATH\Router\RouteCollection.php on line 1026.
 1 SYSTEMPATH\Router\RouteCollection.php(1026): trigger_error('Passing lowercase HTTP method "post" is deprecated. Use uppercase HTTP method like "POST".', 16384)
 2 APPPATH\Config\Routes.php(28): CodeIgniter\Router\RouteCollection->match([...], 'authenticate', 'Admin::authenticate')
 3 SYSTEMPATH\Router\RouteCollection.php(799): CodeIgniter\Router\RouteCollection->{closure}(Object(CodeIgniter\Router\RouteCollection))
 4 APPPATH\Config\Routes.php(25): CodeIgniter\Router\RouteCollection->group('admin', [...], Object(Closure))
 5 SYSTEMPATH\Router\RouteCollection.php(339): require('C:\\xampp\\htdocs\\myfoodblog\\app\\Config\\Routes.php')
 6 SYSTEMPATH\CodeIgniter.php(818): CodeIgniter\Router\RouteCollection->loadRoutes()
 7 SYSTEMPATH\CodeIgniter.php(441): CodeIgniter\CodeIgniter->tryToRouteIt(null)
 8 SYSTEMPATH\CodeIgniter.php(340): CodeIgniter\CodeIgniter->handleRequest(null, Object(Config\Cache), false)
 9 SYSTEMPATH\Boot.php(417): CodeIgniter\CodeIgniter->run()
10 SYSTEMPATH\Boot.php(68): CodeIgniter\Boot::runCodeIgniter(Object(CodeIgniter\CodeIgniter))
11 FCPATH\index.php(59): CodeIgniter\Boot::bootWeb(Object(Config\Paths))
WARNING - 2026-06-29 05:35:35 --> [DEPRECATED] Passing lowercase HTTP method "get" is deprecated. Use uppercase HTTP method like "GET". in SYSTEMPATH\Router\RouteCollection.php on line 1026.
 1 SYSTEMPATH\Router\RouteCollection.php(1026): trigger_error('Passing lowercase HTTP method "get" is deprecated. Use uppercase HTTP method like "GET".', 16384)
 2 APPPATH\Config\Routes.php(28): CodeIgniter\Router\RouteCollection->match([...], 'authenticate', 'Admin::authenticate')
 3 SYSTEMPATH\Router\RouteCollection.php(799): CodeIgniter\Router\RouteCollection->{closure}(Object(CodeIgniter\Router\RouteCollection))
 4 APPPATH\Config\Routes.php(25): CodeIgniter\Router\RouteCollection->group('admin', [...], Object(Closure))
 5 SYSTEMPATH\Router\RouteCollection.php(339): require('C:\\xampp\\htdocs\\myfoodblog\\app\\Config\\Routes.php')
 6 SYSTEMPATH\CodeIgniter.php(818): CodeIgniter\Router\RouteCollection->loadRoutes()
 7 SYSTEMPATH\CodeIgniter.php(441): CodeIgniter\CodeIgniter->tryToRouteIt(null)
 8 SYSTEMPATH\CodeIgniter.php(340): CodeIgniter\CodeIgniter->handleRequest(null, Object(Config\Cache), false)
 9 SYSTEMPATH\Boot.php(417): CodeIgniter\CodeIgniter->run()
10 SYSTEMPATH\Boot.php(68): CodeIgniter\Boot::runCodeIgniter(Object(CodeIgniter\CodeIgniter))
11 FCPATH\index.php(59): CodeIgniter\Boot::bootWeb(Object(Config\Paths))
WARNING - 2026-06-29 05:35:35 --> [DEPRECATED] Passing lowercase HTTP method "post" is deprecated. Use uppercase HTTP method like "POST". in SYSTEMPATH\Router\RouteCollection.php on line 1026.
 1 SYSTEMPATH\Router\RouteCollection.php(1026): trigger_error('Passing lowercase HTTP method "post" is deprecated. Use uppercase HTTP method like "POST".', 16384)
 2 APPPATH\Config\Routes.php(28): CodeIgniter\Router\RouteCollection->match([...], 'authenticate', 'Admin::authenticate')
 3 SYSTEMPATH\Router\RouteCollection.php(799): CodeIgniter\Router\RouteCollection->{closure}(Object(CodeIgniter\Router\RouteCollection))
 4 APPPATH\Config\Routes.php(25): CodeIgniter\Router\RouteCollection->group('admin', [...], Object(Closure))
 5 SYSTEMPATH\Router\RouteCollection.php(339): require('C:\\xampp\\htdocs\\myfoodblog\\app\\Config\\Routes.php')
 6 SYSTEMPATH\CodeIgniter.php(818): CodeIgniter\Router\RouteCollection->loadRoutes()
 7 SYSTEMPATH\CodeIgniter.php(441): CodeIgniter\CodeIgniter->tryToRouteIt(null)
 8 SYSTEMPATH\CodeIgniter.php(340): CodeIgniter\CodeIgniter->handleRequest(null, Object(Config\Cache), false)
 9 SYSTEMPATH\Boot.php(417): CodeIgniter\CodeIgniter->run()
10 SYSTEMPATH\Boot.php(68): CodeIgniter\Boot::runCodeIgniter(Object(CodeIgniter\CodeIgniter))
11 FCPATH\index.php(59): CodeIgniter\Boot::bootWeb(Object(Config\Paths))
WARNING - 2026-06-29 05:35:35 --> [DEPRECATED] Passing lowercase HTTP method "get" is deprecated. Use uppercase HTTP method like "GET". in SYSTEMPATH\Router\RouteCollection.php on line 1026.
 1 SYSTEMPATH\Router\RouteCollection.php(1026): trigger_error('Passing lowercase HTTP method "get" is deprecated. Use uppercase HTTP method like "GET".', 16384)
 2 APPPATH\Config\Routes.php(28): CodeIgniter\Router\RouteCollection->match([...], 'authenticate', 'Admin::authenticate')
 3 SYSTEMPATH\Router\RouteCollection.php(799): CodeIgniter\Router\RouteCollection->{closure}(Object(CodeIgniter\Router\RouteCollection))
 4 APPPATH\Config\Routes.php(25): CodeIgniter\Router\RouteCollection->group('admin', [...], Object(Closure))
 5 SYSTEMPATH\Router\RouteCollection.php(339): require('C:\\xampp\\htdocs\\myfoodblog\\app\\Config\\Routes.php')
 6 SYSTEMPATH\CodeIgniter.php(818): CodeIgniter\Router\RouteCollection->loadRoutes()
 7 SYSTEMPATH\CodeIgniter.php(441): CodeIgniter\CodeIgniter->tryToRouteIt(null)
 8 SYSTEMPATH\CodeIgniter.php(340): CodeIgniter\CodeIgniter->handleRequest(null, Object(Config\Cache), false)
 9 SYSTEMPATH\Boot.php(417): CodeIgniter\CodeIgniter->run()
10 SYSTEMPATH\Boot.php(68): CodeIgniter\Boot::runCodeIgniter(Object(CodeIgniter\CodeIgniter))
11 FCPATH\index.php(59): CodeIgniter\Boot::bootWeb(Object(Config\Paths))
WARNING - 2026-06-29 05:35:35 --> [DEPRECATED] Passing lowercase HTTP method "post" is deprecated. Use uppercase HTTP method like "POST". in SYSTEMPATH\Router\RouteCollection.php on line 1026.
 1 SYSTEMPATH\Router\RouteCollection.php(1026): trigger_error('Passing lowercase HTTP method "post" is deprecated. Use uppercase HTTP method like "POST".', 16384)
 2 APPPATH\Config\Routes.php(28): CodeIgniter\Router\RouteCollection->match([...], 'authenticate', 'Admin::authenticate')
 3 SYSTEMPATH\Router\RouteCollection.php(799): CodeIgniter\Router\RouteCollection->{closure}(Object(CodeIgniter\Router\RouteCollection))
 4 APPPATH\Config\Routes.php(25): CodeIgniter\Router\RouteCollection->group('admin', [...], Object(Closure))
 5 SYSTEMPATH\Router\RouteCollection.php(339): require('C:\\xampp\\htdocs\\myfoodblog\\app\\Config\\Routes.php')
 6 SYSTEMPATH\CodeIgniter.php(818): CodeIgniter\Router\RouteCollection->loadRoutes()
 7 SYSTEMPATH\CodeIgniter.php(441): CodeIgniter\CodeIgniter->tryToRouteIt(null)
 8 SYSTEMPATH\CodeIgniter.php(340): CodeIgniter\CodeIgniter->handleRequest(null, Object(Config\Cache), false)
 9 SYSTEMPATH\Boot.php(417): CodeIgniter\CodeIgniter->run()
10 SYSTEMPATH\Boot.php(68): CodeIgniter\Boot::runCodeIgniter(Object(CodeIgniter\CodeIgniter))
11 FCPATH\index.php(59): CodeIgniter\Boot::bootWeb(Object(Config\Paths))
WARNING - 2026-06-29 05:35:39 --> [DEPRECATED] Passing lowercase HTTP method "get" is deprecated. Use uppercase HTTP method like "GET". in SYSTEMPATH\Router\RouteCollection.php on line 1026.
 1 SYSTEMPATH\Router\RouteCollection.php(1026): trigger_error('Passing lowercase HTTP method "get" is deprecated. Use uppercase HTTP method like "GET".', 16384)
 2 APPPATH\Config\Routes.php(28): CodeIgniter\Router\RouteCollection->match([...], 'authenticate', 'Admin::authenticate')
 3 SYSTEMPATH\Router\RouteCollection.php(799): CodeIgniter\Router\RouteCollection->{closure}(Object(CodeIgniter\Router\RouteCollection))
 4 APPPATH\Config\Routes.php(25): CodeIgniter\Router\RouteCollection->group('admin', [...], Object(Closure))
 5 SYSTEMPATH\Router\RouteCollection.php(339): require('C:\\xampp\\htdocs\\myfoodblog\\app\\Config\\Routes.php')
 6 SYSTEMPATH\CodeIgniter.php(818): CodeIgniter\Router\RouteCollection->loadRoutes()
 7 SYSTEMPATH\CodeIgniter.php(441): CodeIgniter\CodeIgniter->tryToRouteIt(null)
 8 SYSTEMPATH\CodeIgniter.php(340): CodeIgniter\CodeIgniter->handleRequest(null, Object(Config\Cache), false)
 9 SYSTEMPATH\Boot.php(417): CodeIgniter\CodeIgniter->run()
10 SYSTEMPATH\Boot.php(68): CodeIgniter\Boot::runCodeIgniter(Object(CodeIgniter\CodeIgniter))
11 FCPATH\index.php(59): CodeIgniter\Boot::bootWeb(Object(Config\Paths))
WARNING - 2026-06-29 05:35:39 --> [DEPRECATED] Passing lowercase HTTP method "post" is deprecated. Use uppercase HTTP method like "POST". in SYSTEMPATH\Router\RouteCollection.php on line 1026.
 1 SYSTEMPATH\Router\RouteCollection.php(1026): trigger_error('Passing lowercase HTTP method "post" is deprecated. Use uppercase HTTP method like "POST".', 16384)
 2 APPPATH\Config\Routes.php(28): CodeIgniter\Router\RouteCollection->match([...], 'authenticate', 'Admin::authenticate')
 3 SYSTEMPATH\Router\RouteCollection.php(799): CodeIgniter\Router\RouteCollection->{closure}(Object(CodeIgniter\Router\RouteCollection))
 4 APPPATH\Config\Routes.php(25): CodeIgniter\Router\RouteCollection->group('admin', [...], Object(Closure))
 5 SYSTEMPATH\Router\RouteCollection.php(339): require('C:\\xampp\\htdocs\\myfoodblog\\app\\Config\\Routes.php')
 6 SYSTEMPATH\CodeIgniter.php(818): CodeIgniter\Router\RouteCollection->loadRoutes()
 7 SYSTEMPATH\CodeIgniter.php(441): CodeIgniter\CodeIgniter->tryToRouteIt(null)
 8 SYSTEMPATH\CodeIgniter.php(340): CodeIgniter\CodeIgniter->handleRequest(null, Object(Config\Cache), false)
 9 SYSTEMPATH\Boot.php(417): CodeIgniter\CodeIgniter->run()
10 SYSTEMPATH\Boot.php(68): CodeIgniter\Boot::runCodeIgniter(Object(CodeIgniter\CodeIgniter))
11 FCPATH\index.php(59): CodeIgniter\Boot::bootWeb(Object(Config\Paths))
WARNING - 2026-06-29 05:35:39 --> [DEPRECATED] Passing lowercase HTTP method "get" is deprecated. Use uppercase HTTP method like "GET". in SYSTEMPATH\Router\RouteCollection.php on line 1026.
 1 SYSTEMPATH\Router\RouteCollection.php(1026): trigger_error('Passing lowercase HTTP method "get" is deprecated. Use uppercase HTTP method like "GET".', 16384)
 2 APPPATH\Config\Routes.php(28): CodeIgniter\Router\RouteCollection->match([...], 'authenticate', 'Admin::authenticate')
 3 SYSTEMPATH\Router\RouteCollection.php(799): CodeIgniter\Router\RouteCollection->{closure}(Object(CodeIgniter\Router\RouteCollection))
 4 APPPATH\Config\Routes.php(25): CodeIgniter\Router\RouteCollection->group('admin', [...], Object(Closure))
 5 SYSTEMPATH\Router\RouteCollection.php(339): require('C:\\xampp\\htdocs\\myfoodblog\\app\\Config\\Routes.php')
 6 SYSTEMPATH\CodeIgniter.php(818): CodeIgniter\Router\RouteCollection->loadRoutes()
 7 SYSTEMPATH\CodeIgniter.php(441): CodeIgniter\CodeIgniter->tryToRouteIt(null)
 8 SYSTEMPATH\CodeIgniter.php(340): CodeIgniter\CodeIgniter->handleRequest(null, Object(Config\Cache), false)
 9 SYSTEMPATH\Boot.php(417): CodeIgniter\CodeIgniter->run()
10 SYSTEMPATH\Boot.php(68): CodeIgniter\Boot::runCodeIgniter(Object(CodeIgniter\CodeIgniter))
11 FCPATH\index.php(59): CodeIgniter\Boot::bootWeb(Object(Config\Paths))
WARNING - 2026-06-29 05:35:39 --> [DEPRECATED] Passing lowercase HTTP method "post" is deprecated. Use uppercase HTTP method like "POST". in SYSTEMPATH\Router\RouteCollection.php on line 1026.
 1 SYSTEMPATH\Router\RouteCollection.php(1026): trigger_error('Passing lowercase HTTP method "post" is deprecated. Use uppercase HTTP method like "POST".', 16384)
 2 APPPATH\Config\Routes.php(28): CodeIgniter\Router\RouteCollection->match([...], 'authenticate', 'Admin::authenticate')
 3 SYSTEMPATH\Router\RouteCollection.php(799): CodeIgniter\Router\RouteCollection->{closure}(Object(CodeIgniter\Router\RouteCollection))
 4 APPPATH\Config\Routes.php(25): CodeIgniter\Router\RouteCollection->group('admin', [...], Object(Closure))
 5 SYSTEMPATH\Router\RouteCollection.php(339): require('C:\\xampp\\htdocs\\myfoodblog\\app\\Config\\Routes.php')
 6 SYSTEMPATH\CodeIgniter.php(818): CodeIgniter\Router\RouteCollection->loadRoutes()
 7 SYSTEMPATH\CodeIgniter.php(441): CodeIgniter\CodeIgniter->tryToRouteIt(null)
 8 SYSTEMPATH\CodeIgniter.php(340): CodeIgniter\CodeIgniter->handleRequest(null, Object(Config\Cache), false)
 9 SYSTEMPATH\Boot.php(417): CodeIgniter\CodeIgniter->run()
10 SYSTEMPATH\Boot.php(68): CodeIgniter\Boot::runCodeIgniter(Object(CodeIgniter\CodeIgniter))
11 FCPATH\index.php(59): CodeIgniter\Boot::bootWeb(Object(Config\Paths))
WARNING - 2026-06-29 05:35:55 --> [DEPRECATED] Passing lowercase HTTP method "get" is deprecated. Use uppercase HTTP method like "GET". in SYSTEMPATH\Router\RouteCollection.php on line 1026.
 1 SYSTEMPATH\Router\RouteCollection.php(1026): trigger_error('Passing lowercase HTTP method "get" is deprecated. Use uppercase HTTP method like "GET".', 16384)
 2 APPPATH\Config\Routes.php(28): CodeIgniter\Router\RouteCollection->match([...], 'authenticate', 'Admin::authenticate')
 3 SYSTEMPATH\Router\RouteCollection.php(799): CodeIgniter\Router\RouteCollection->{closure}(Object(CodeIgniter\Router\RouteCollection))
 4 APPPATH\Config\Routes.php(25): CodeIgniter\Router\RouteCollection->group('admin', [...], Object(Closure))
 5 SYSTEMPATH\Router\RouteCollection.php(339): require('C:\\xampp\\htdocs\\myfoodblog\\app\\Config\\Routes.php')
 6 SYSTEMPATH\CodeIgniter.php(818): CodeIgniter\Router\RouteCollection->loadRoutes()
 7 SYSTEMPATH\CodeIgniter.php(441): CodeIgniter\CodeIgniter->tryToRouteIt(null)
 8 SYSTEMPATH\CodeIgniter.php(340): CodeIgniter\CodeIgniter->handleRequest(null, Object(Config\Cache), false)
 9 SYSTEMPATH\Boot.php(417): CodeIgniter\CodeIgniter->run()
10 SYSTEMPATH\Boot.php(68): CodeIgniter\Boot::runCodeIgniter(Object(CodeIgniter\CodeIgniter))
11 FCPATH\index.php(59): CodeIgniter\Boot::bootWeb(Object(Config\Paths))
WARNING - 2026-06-29 05:35:55 --> [DEPRECATED] Passing lowercase HTTP method "post" is deprecated. Use uppercase HTTP method like "POST". in SYSTEMPATH\Router\RouteCollection.php on line 1026.
 1 SYSTEMPATH\Router\RouteCollection.php(1026): trigger_error('Passing lowercase HTTP method "post" is deprecated. Use uppercase HTTP method like "POST".', 16384)
 2 APPPATH\Config\Routes.php(28): CodeIgniter\Router\RouteCollection->match([...], 'authenticate', 'Admin::authenticate')
 3 SYSTEMPATH\Router\RouteCollection.php(799): CodeIgniter\Router\RouteCollection->{closure}(Object(CodeIgniter\Router\RouteCollection))
 4 APPPATH\Config\Routes.php(25): CodeIgniter\Router\RouteCollection->group('admin', [...], Object(Closure))
 5 SYSTEMPATH\Router\RouteCollection.php(339): require('C:\\xampp\\htdocs\\myfoodblog\\app\\Config\\Routes.php')
 6 SYSTEMPATH\CodeIgniter.php(818): CodeIgniter\Router\RouteCollection->loadRoutes()
 7 SYSTEMPATH\CodeIgniter.php(441): CodeIgniter\CodeIgniter->tryToRouteIt(null)
 8 SYSTEMPATH\CodeIgniter.php(340): CodeIgniter\CodeIgniter->handleRequest(null, Object(Config\Cache), false)
 9 SYSTEMPATH\Boot.php(417): CodeIgniter\CodeIgniter->run()
10 SYSTEMPATH\Boot.php(68): CodeIgniter\Boot::runCodeIgniter(Object(CodeIgniter\CodeIgniter))
11 FCPATH\index.php(59): CodeIgniter\Boot::bootWeb(Object(Config\Paths))
WARNING - 2026-06-29 05:35:55 --> [DEPRECATED] Passing lowercase HTTP method "get" is deprecated. Use uppercase HTTP method like "GET". in SYSTEMPATH\Router\RouteCollection.php on line 1026.
 1 SYSTEMPATH\Router\RouteCollection.php(1026): trigger_error('Passing lowercase HTTP method "get" is deprecated. Use uppercase HTTP method like "GET".', 16384)
 2 APPPATH\Config\Routes.php(28): CodeIgniter\Router\RouteCollection->match([...], 'authenticate', 'Admin::authenticate')
 3 SYSTEMPATH\Router\RouteCollection.php(799): CodeIgniter\Router\RouteCollection->{closure}(Object(CodeIgniter\Router\RouteCollection))
 4 APPPATH\Config\Routes.php(25): CodeIgniter\Router\RouteCollection->group('admin', [...], Object(Closure))
 5 SYSTEMPATH\Router\RouteCollection.php(339): require('C:\\xampp\\htdocs\\myfoodblog\\app\\Config\\Routes.php')
 6 SYSTEMPATH\CodeIgniter.php(818): CodeIgniter\Router\RouteCollection->loadRoutes()
 7 SYSTEMPATH\CodeIgniter.php(441): CodeIgniter\CodeIgniter->tryToRouteIt(null)
 8 SYSTEMPATH\CodeIgniter.php(340): CodeIgniter\CodeIgniter->handleRequest(null, Object(Config\Cache), false)
 9 SYSTEMPATH\Boot.php(417): CodeIgniter\CodeIgniter->run()
10 SYSTEMPATH\Boot.php(68): CodeIgniter\Boot::runCodeIgniter(Object(CodeIgniter\CodeIgniter))
11 FCPATH\index.php(59): CodeIgniter\Boot::bootWeb(Object(Config\Paths))
WARNING - 2026-06-29 05:35:55 --> [DEPRECATED] Passing lowercase HTTP method "post" is deprecated. Use uppercase HTTP method like "POST". in SYSTEMPATH\Router\RouteCollection.php on line 1026.
 1 SYSTEMPATH\Router\RouteCollection.php(1026): trigger_error('Passing lowercase HTTP method "post" is deprecated. Use uppercase HTTP method like "POST".', 16384)
 2 APPPATH\Config\Routes.php(28): CodeIgniter\Router\RouteCollection->match([...], 'authenticate', 'Admin::authenticate')
 3 SYSTEMPATH\Router\RouteCollection.php(799): CodeIgniter\Router\RouteCollection->{closure}(Object(CodeIgniter\Router\RouteCollection))
 4 APPPATH\Config\Routes.php(25): CodeIgniter\Router\RouteCollection->group('admin', [...], Object(Closure))
 5 SYSTEMPATH\Router\RouteCollection.php(339): require('C:\\xampp\\htdocs\\myfoodblog\\app\\Config\\Routes.php')
 6 SYSTEMPATH\CodeIgniter.php(818): CodeIgniter\Router\RouteCollection->loadRoutes()
 7 SYSTEMPATH\CodeIgniter.php(441): CodeIgniter\CodeIgniter->tryToRouteIt(null)
 8 SYSTEMPATH\CodeIgniter.php(340): CodeIgniter\CodeIgniter->handleRequest(null, Object(Config\Cache), false)
 9 SYSTEMPATH\Boot.php(417): CodeIgniter\CodeIgniter->run()
10 SYSTEMPATH\Boot.php(68): CodeIgniter\Boot::runCodeIgniter(Object(CodeIgniter\CodeIgniter))
11 FCPATH\index.php(59): CodeIgniter\Boot::bootWeb(Object(Config\Paths))
WARNING - 2026-06-29 05:35:55 --> [DEPRECATED] Passing lowercase HTTP method "get" is deprecated. Use uppercase HTTP method like "GET". in SYSTEMPATH\Router\RouteCollection.php on line 1026.
 1 SYSTEMPATH\Router\RouteCollection.php(1026): trigger_error('Passing lowercase HTTP method "get" is deprecated. Use uppercase HTTP method like "GET".', 16384)
 2 APPPATH\Config\Routes.php(28): CodeIgniter\Router\RouteCollection->match([...], 'authenticate', 'Admin::authenticate')
 3 SYSTEMPATH\Router\RouteCollection.php(799): CodeIgniter\Router\RouteCollection->{closure}(Object(CodeIgniter\Router\RouteCollection))
 4 APPPATH\Config\Routes.php(25): CodeIgniter\Router\RouteCollection->group('admin', [...], Object(Closure))
 5 SYSTEMPATH\Router\RouteCollection.php(339): require('C:\\xampp\\htdocs\\myfoodblog\\app\\Config\\Routes.php')
 6 SYSTEMPATH\CodeIgniter.php(818): CodeIgniter\Router\RouteCollection->loadRoutes()
 7 SYSTEMPATH\CodeIgniter.php(441): CodeIgniter\CodeIgniter->tryToRouteIt(null)
 8 SYSTEMPATH\CodeIgniter.php(340): CodeIgniter\CodeIgniter->handleRequest(null, Object(Config\Cache), false)
 9 SYSTEMPATH\Boot.php(417): CodeIgniter\CodeIgniter->run()
10 SYSTEMPATH\Boot.php(68): CodeIgniter\Boot::runCodeIgniter(Object(CodeIgniter\CodeIgniter))
11 FCPATH\index.php(59): CodeIgniter\Boot::bootWeb(Object(Config\Paths))
WARNING - 2026-06-29 05:35:55 --> [DEPRECATED] Passing lowercase HTTP method "post" is deprecated. Use uppercase HTTP method like "POST". in SYSTEMPATH\Router\RouteCollection.php on line 1026.
 1 SYSTEMPATH\Router\RouteCollection.php(1026): trigger_error('Passing lowercase HTTP method "post" is deprecated. Use uppercase HTTP method like "POST".', 16384)
 2 APPPATH\Config\Routes.php(28): CodeIgniter\Router\RouteCollection->match([...], 'authenticate', 'Admin::authenticate')
 3 SYSTEMPATH\Router\RouteCollection.php(799): CodeIgniter\Router\RouteCollection->{closure}(Object(CodeIgniter\Router\RouteCollection))
 4 APPPATH\Config\Routes.php(25): CodeIgniter\Router\RouteCollection->group('admin', [...], Object(Closure))
 5 SYSTEMPATH\Router\RouteCollection.php(339): require('C:\\xampp\\htdocs\\myfoodblog\\app\\Config\\Routes.php')
 6 SYSTEMPATH\CodeIgniter.php(818): CodeIgniter\Router\RouteCollection->loadRoutes()
 7 SYSTEMPATH\CodeIgniter.php(441): CodeIgniter\CodeIgniter->tryToRouteIt(null)
 8 SYSTEMPATH\CodeIgniter.php(340): CodeIgniter\CodeIgniter->handleRequest(null, Object(Config\Cache), false)
 9 SYSTEMPATH\Boot.php(417): CodeIgniter\CodeIgniter->run()
10 SYSTEMPATH\Boot.php(68): CodeIgniter\Boot::runCodeIgniter(Object(CodeIgniter\CodeIgniter))
11 FCPATH\index.php(59): CodeIgniter\Boot::bootWeb(Object(Config\Paths))
WARNING - 2026-06-29 05:36:03 --> [DEPRECATED] Passing lowercase HTTP method "get" is deprecated. Use uppercase HTTP method like "GET". in SYSTEMPATH\Router\RouteCollection.php on line 1026.
 1 SYSTEMPATH\Router\RouteCollection.php(1026): trigger_error('Passing lowercase HTTP method "get" is deprecated. Use uppercase HTTP method like "GET".', 16384)
 2 APPPATH\Config\Routes.php(28): CodeIgniter\Router\RouteCollection->match([...], 'authenticate', 'Admin::authenticate')
 3 SYSTEMPATH\Router\RouteCollection.php(799): CodeIgniter\Router\RouteCollection->{closure}(Object(CodeIgniter\Router\RouteCollection))
 4 APPPATH\Config\Routes.php(25): CodeIgniter\Router\RouteCollection->group('admin', [...], Object(Closure))
 5 SYSTEMPATH\Router\RouteCollection.php(339): require('C:\\xampp\\htdocs\\myfoodblog\\app\\Config\\Routes.php')
 6 SYSTEMPATH\CodeIgniter.php(818): CodeIgniter\Router\RouteCollection->loadRoutes()
 7 SYSTEMPATH\CodeIgniter.php(441): CodeIgniter\CodeIgniter->tryToRouteIt(null)
 8 SYSTEMPATH\CodeIgniter.php(340): CodeIgniter\CodeIgniter->handleRequest(null, Object(Config\Cache), false)
 9 SYSTEMPATH\Boot.php(417): CodeIgniter\CodeIgniter->run()
10 SYSTEMPATH\Boot.php(68): CodeIgniter\Boot::runCodeIgniter(Object(CodeIgniter\CodeIgniter))
11 FCPATH\index.php(59): CodeIgniter\Boot::bootWeb(Object(Config\Paths))
WARNING - 2026-06-29 05:36:03 --> [DEPRECATED] Passing lowercase HTTP method "post" is deprecated. Use uppercase HTTP method like "POST". in SYSTEMPATH\Router\RouteCollection.php on line 1026.
 1 SYSTEMPATH\Router\RouteCollection.php(1026): trigger_error('Passing lowercase HTTP method "post" is deprecated. Use uppercase HTTP method like "POST".', 16384)
 2 APPPATH\Config\Routes.php(28): CodeIgniter\Router\RouteCollection->match([...], 'authenticate', 'Admin::authenticate')
 3 SYSTEMPATH\Router\RouteCollection.php(799): CodeIgniter\Router\RouteCollection->{closure}(Object(CodeIgniter\Router\RouteCollection))
 4 APPPATH\Config\Routes.php(25): CodeIgniter\Router\RouteCollection->group('admin', [...], Object(Closure))
 5 SYSTEMPATH\Router\RouteCollection.php(339): require('C:\\xampp\\htdocs\\myfoodblog\\app\\Config\\Routes.php')
 6 SYSTEMPATH\CodeIgniter.php(818): CodeIgniter\Router\RouteCollection->loadRoutes()
 7 SYSTEMPATH\CodeIgniter.php(441): CodeIgniter\CodeIgniter->tryToRouteIt(null)
 8 SYSTEMPATH\CodeIgniter.php(340): CodeIgniter\CodeIgniter->handleRequest(null, Object(Config\Cache), false)
 9 SYSTEMPATH\Boot.php(417): CodeIgniter\CodeIgniter->run()
10 SYSTEMPATH\Boot.php(68): CodeIgniter\Boot::runCodeIgniter(Object(CodeIgniter\CodeIgniter))
11 FCPATH\index.php(59): CodeIgniter\Boot::bootWeb(Object(Config\Paths))
WARNING - 2026-06-29 05:36:03 --> [DEPRECATED] Passing lowercase HTTP method "get" is deprecated. Use uppercase HTTP method like "GET". in SYSTEMPATH\Router\RouteCollection.php on line 1026.
 1 SYSTEMPATH\Router\RouteCollection.php(1026): trigger_error('Passing lowercase HTTP method "get" is deprecated. Use uppercase HTTP method like "GET".', 16384)
 2 APPPATH\Config\Routes.php(28): CodeIgniter\Router\RouteCollection->match([...], 'authenticate', 'Admin::authenticate')
 3 SYSTEMPATH\Router\RouteCollection.php(799): CodeIgniter\Router\RouteCollection->{closure}(Object(CodeIgniter\Router\RouteCollection))
 4 APPPATH\Config\Routes.php(25): CodeIgniter\Router\RouteCollection->group('admin', [...], Object(Closure))
 5 SYSTEMPATH\Router\RouteCollection.php(339): require('C:\\xampp\\htdocs\\myfoodblog\\app\\Config\\Routes.php')
 6 SYSTEMPATH\CodeIgniter.php(818): CodeIgniter\Router\RouteCollection->loadRoutes()
 7 SYSTEMPATH\CodeIgniter.php(441): CodeIgniter\CodeIgniter->tryToRouteIt(null)
 8 SYSTEMPATH\CodeIgniter.php(340): CodeIgniter\CodeIgniter->handleRequest(null, Object(Config\Cache), false)
 9 SYSTEMPATH\Boot.php(417): CodeIgniter\CodeIgniter->run()
10 SYSTEMPATH\Boot.php(68): CodeIgniter\Boot::runCodeIgniter(Object(CodeIgniter\CodeIgniter))
11 FCPATH\index.php(59): CodeIgniter\Boot::bootWeb(Object(Config\Paths))
WARNING - 2026-06-29 05:36:03 --> [DEPRECATED] Passing lowercase HTTP method "post" is deprecated. Use uppercase HTTP method like "POST". in SYSTEMPATH\Router\RouteCollection.php on line 1026.
 1 SYSTEMPATH\Router\RouteCollection.php(1026): trigger_error('Passing lowercase HTTP method "post" is deprecated. Use uppercase HTTP method like "POST".', 16384)
 2 APPPATH\Config\Routes.php(28): CodeIgniter\Router\RouteCollection->match([...], 'authenticate', 'Admin::authenticate')
 3 SYSTEMPATH\Router\RouteCollection.php(799): CodeIgniter\Router\RouteCollection->{closure}(Object(CodeIgniter\Router\RouteCollection))
 4 APPPATH\Config\Routes.php(25): CodeIgniter\Router\RouteCollection->group('admin', [...], Object(Closure))
 5 SYSTEMPATH\Router\RouteCollection.php(339): require('C:\\xampp\\htdocs\\myfoodblog\\app\\Config\\Routes.php')
 6 SYSTEMPATH\CodeIgniter.php(818): CodeIgniter\Router\RouteCollection->loadRoutes()
 7 SYSTEMPATH\CodeIgniter.php(441): CodeIgniter\CodeIgniter->tryToRouteIt(null)
 8 SYSTEMPATH\CodeIgniter.php(340): CodeIgniter\CodeIgniter->handleRequest(null, Object(Config\Cache), false)
 9 SYSTEMPATH\Boot.php(417): CodeIgniter\CodeIgniter->run()
10 SYSTEMPATH\Boot.php(68): CodeIgniter\Boot::runCodeIgniter(Object(CodeIgniter\CodeIgniter))
11 FCPATH\index.php(59): CodeIgniter\Boot::bootWeb(Object(Config\Paths))
WARNING - 2026-06-29 05:36:09 --> [DEPRECATED] Passing lowercase HTTP method "get" is deprecated. Use uppercase HTTP method like "GET". in SYSTEMPATH\Router\RouteCollection.php on line 1026.
 1 SYSTEMPATH\Router\RouteCollection.php(1026): trigger_error('Passing lowercase HTTP method "get" is deprecated. Use uppercase HTTP method like "GET".', 16384)
 2 APPPATH\Config\Routes.php(28): CodeIgniter\Router\RouteCollection->match([...], 'authenticate', 'Admin::authenticate')
 3 SYSTEMPATH\Router\RouteCollection.php(799): CodeIgniter\Router\RouteCollection->{closure}(Object(CodeIgniter\Router\RouteCollection))
 4 APPPATH\Config\Routes.php(25): CodeIgniter\Router\RouteCollection->group('admin', [...], Object(Closure))
 5 SYSTEMPATH\Router\RouteCollection.php(339): require('C:\\xampp\\htdocs\\myfoodblog\\app\\Config\\Routes.php')
 6 SYSTEMPATH\CodeIgniter.php(818): CodeIgniter\Router\RouteCollection->loadRoutes()
 7 SYSTEMPATH\CodeIgniter.php(441): CodeIgniter\CodeIgniter->tryToRouteIt(null)
 8 SYSTEMPATH\CodeIgniter.php(340): CodeIgniter\CodeIgniter->handleRequest(null, Object(Config\Cache), false)
 9 SYSTEMPATH\Boot.php(417): CodeIgniter\CodeIgniter->run()
10 SYSTEMPATH\Boot.php(68): CodeIgniter\Boot::runCodeIgniter(Object(CodeIgniter\CodeIgniter))
11 FCPATH\index.php(59): CodeIgniter\Boot::bootWeb(Object(Config\Paths))
WARNING - 2026-06-29 05:36:09 --> [DEPRECATED] Passing lowercase HTTP method "post" is deprecated. Use uppercase HTTP method like "POST". in SYSTEMPATH\Router\RouteCollection.php on line 1026.
 1 SYSTEMPATH\Router\RouteCollection.php(1026): trigger_error('Passing lowercase HTTP method "post" is deprecated. Use uppercase HTTP method like "POST".', 16384)
 2 APPPATH\Config\Routes.php(28): CodeIgniter\Router\RouteCollection->match([...], 'authenticate', 'Admin::authenticate')
 3 SYSTEMPATH\Router\RouteCollection.php(799): CodeIgniter\Router\RouteCollection->{closure}(Object(CodeIgniter\Router\RouteCollection))
 4 APPPATH\Config\Routes.php(25): CodeIgniter\Router\RouteCollection->group('admin', [...], Object(Closure))
 5 SYSTEMPATH\Router\RouteCollection.php(339): require('C:\\xampp\\htdocs\\myfoodblog\\app\\Config\\Routes.php')
 6 SYSTEMPATH\CodeIgniter.php(818): CodeIgniter\Router\RouteCollection->loadRoutes()
 7 SYSTEMPATH\CodeIgniter.php(441): CodeIgniter\CodeIgniter->tryToRouteIt(null)
 8 SYSTEMPATH\CodeIgniter.php(340): CodeIgniter\CodeIgniter->handleRequest(null, Object(Config\Cache), false)
 9 SYSTEMPATH\Boot.php(417): CodeIgniter\CodeIgniter->run()
10 SYSTEMPATH\Boot.php(68): CodeIgniter\Boot::runCodeIgniter(Object(CodeIgniter\CodeIgniter))
11 FCPATH\index.php(59): CodeIgniter\Boot::bootWeb(Object(Config\Paths))
WARNING - 2026-06-29 05:36:09 --> [DEPRECATED] Passing lowercase HTTP method "get" is deprecated. Use uppercase HTTP method like "GET". in SYSTEMPATH\Router\RouteCollection.php on line 1026.
 1 SYSTEMPATH\Router\RouteCollection.php(1026): trigger_error('Passing lowercase HTTP method "get" is deprecated. Use uppercase HTTP method like "GET".', 16384)
 2 APPPATH\Config\Routes.php(28): CodeIgniter\Router\RouteCollection->match([...], 'authenticate', 'Admin::authenticate')
 3 SYSTEMPATH\Router\RouteCollection.php(799): CodeIgniter\Router\RouteCollection->{closure}(Object(CodeIgniter\Router\RouteCollection))
 4 APPPATH\Config\Routes.php(25): CodeIgniter\Router\RouteCollection->group('admin', [...], Object(Closure))
 5 SYSTEMPATH\Router\RouteCollection.php(339): require('C:\\xampp\\htdocs\\myfoodblog\\app\\Config\\Routes.php')
 6 SYSTEMPATH\CodeIgniter.php(818): CodeIgniter\Router\RouteCollection->loadRoutes()
 7 SYSTEMPATH\CodeIgniter.php(441): CodeIgniter\CodeIgniter->tryToRouteIt(null)
 8 SYSTEMPATH\CodeIgniter.php(340): CodeIgniter\CodeIgniter->handleRequest(null, Object(Config\Cache), false)
 9 SYSTEMPATH\Boot.php(417): CodeIgniter\CodeIgniter->run()
10 SYSTEMPATH\Boot.php(68): CodeIgniter\Boot::runCodeIgniter(Object(CodeIgniter\CodeIgniter))
11 FCPATH\index.php(59): CodeIgniter\Boot::bootWeb(Object(Config\Paths))
WARNING - 2026-06-29 05:36:09 --> [DEPRECATED] Passing lowercase HTTP method "post" is deprecated. Use uppercase HTTP method like "POST". in SYSTEMPATH\Router\RouteCollection.php on line 1026.
 1 SYSTEMPATH\Router\RouteCollection.php(1026): trigger_error('Passing lowercase HTTP method "post" is deprecated. Use uppercase HTTP method like "POST".', 16384)
 2 APPPATH\Config\Routes.php(28): CodeIgniter\Router\RouteCollection->match([...], 'authenticate', 'Admin::authenticate')
 3 SYSTEMPATH\Router\RouteCollection.php(799): CodeIgniter\Router\RouteCollection->{closure}(Object(CodeIgniter\Router\RouteCollection))
 4 APPPATH\Config\Routes.php(25): CodeIgniter\Router\RouteCollection->group('admin', [...], Object(Closure))
 5 SYSTEMPATH\Router\RouteCollection.php(339): require('C:\\xampp\\htdocs\\myfoodblog\\app\\Config\\Routes.php')
 6 SYSTEMPATH\CodeIgniter.php(818): CodeIgniter\Router\RouteCollection->loadRoutes()
 7 SYSTEMPATH\CodeIgniter.php(441): CodeIgniter\CodeIgniter->tryToRouteIt(null)
 8 SYSTEMPATH\CodeIgniter.php(340): CodeIgniter\CodeIgniter->handleRequest(null, Object(Config\Cache), false)
 9 SYSTEMPATH\Boot.php(417): CodeIgniter\CodeIgniter->run()
10 SYSTEMPATH\Boot.php(68): CodeIgniter\Boot::runCodeIgniter(Object(CodeIgniter\CodeIgniter))
11 FCPATH\index.php(59): CodeIgniter\Boot::bootWeb(Object(Config\Paths))
WARNING - 2026-06-29 05:36:09 --> [DEPRECATED] Passing lowercase HTTP method "get" is deprecated. Use uppercase HTTP method like "GET". in SYSTEMPATH\Router\RouteCollection.php on line 1026.
 1 SYSTEMPATH\Router\RouteCollection.php(1026): trigger_error('Passing lowercase HTTP method "get" is deprecated. Use uppercase HTTP method like "GET".', 16384)
 2 APPPATH\Config\Routes.php(28): CodeIgniter\Router\RouteCollection->match([...], 'authenticate', 'Admin::authenticate')
 3 SYSTEMPATH\Router\RouteCollection.php(799): CodeIgniter\Router\RouteCollection->{closure}(Object(CodeIgniter\Router\RouteCollection))
 4 APPPATH\Config\Routes.php(25): CodeIgniter\Router\RouteCollection->group('admin', [...], Object(Closure))
 5 SYSTEMPATH\Router\RouteCollection.php(339): require('C:\\xampp\\htdocs\\myfoodblog\\app\\Config\\Routes.php')
 6 SYSTEMPATH\CodeIgniter.php(818): CodeIgniter\Router\RouteCollection->loadRoutes()
 7 SYSTEMPATH\CodeIgniter.php(441): CodeIgniter\CodeIgniter->tryToRouteIt(null)
 8 SYSTEMPATH\CodeIgniter.php(340): CodeIgniter\CodeIgniter->handleRequest(null, Object(Config\Cache), false)
 9 SYSTEMPATH\Boot.php(417): CodeIgniter\CodeIgniter->run()
10 SYSTEMPATH\Boot.php(68): CodeIgniter\Boot::runCodeIgniter(Object(CodeIgniter\CodeIgniter))
11 FCPATH\index.php(59): CodeIgniter\Boot::bootWeb(Object(Config\Paths))
WARNING - 2026-06-29 05:36:09 --> [DEPRECATED] Passing lowercase HTTP method "post" is deprecated. Use uppercase HTTP method like "POST". in SYSTEMPATH\Router\RouteCollection.php on line 1026.
 1 SYSTEMPATH\Router\RouteCollection.php(1026): trigger_error('Passing lowercase HTTP method "post" is deprecated. Use uppercase HTTP method like "POST".', 16384)
 2 APPPATH\Config\Routes.php(28): CodeIgniter\Router\RouteCollection->match([...], 'authenticate', 'Admin::authenticate')
 3 SYSTEMPATH\Router\RouteCollection.php(799): CodeIgniter\Router\RouteCollection->{closure}(Object(CodeIgniter\Router\RouteCollection))
 4 APPPATH\Config\Routes.php(25): CodeIgniter\Router\RouteCollection->group('admin', [...], Object(Closure))
 5 SYSTEMPATH\Router\RouteCollection.php(339): require('C:\\xampp\\htdocs\\myfoodblog\\app\\Config\\Routes.php')
 6 SYSTEMPATH\CodeIgniter.php(818): CodeIgniter\Router\RouteCollection->loadRoutes()
 7 SYSTEMPATH\CodeIgniter.php(441): CodeIgniter\CodeIgniter->tryToRouteIt(null)
 8 SYSTEMPATH\CodeIgniter.php(340): CodeIgniter\CodeIgniter->handleRequest(null, Object(Config\Cache), false)
 9 SYSTEMPATH\Boot.php(417): CodeIgniter\CodeIgniter->run()
10 SYSTEMPATH\Boot.php(68): CodeIgniter\Boot::runCodeIgniter(Object(CodeIgniter\CodeIgniter))
11 FCPATH\index.php(59): CodeIgniter\Boot::bootWeb(Object(Config\Paths))
WARNING - 2026-06-29 05:36:32 --> [DEPRECATED] Passing lowercase HTTP method "get" is deprecated. Use uppercase HTTP method like "GET". in SYSTEMPATH\Router\RouteCollection.php on line 1026.
 1 SYSTEMPATH\Router\RouteCollection.php(1026): trigger_error('Passing lowercase HTTP method "get" is deprecated. Use uppercase HTTP method like "GET".', 16384)
 2 APPPATH\Config\Routes.php(28): CodeIgniter\Router\RouteCollection->match([...], 'authenticate', 'Admin::authenticate')
 3 SYSTEMPATH\Router\RouteCollection.php(799): CodeIgniter\Router\RouteCollection->{closure}(Object(CodeIgniter\Router\RouteCollection))
 4 APPPATH\Config\Routes.php(25): CodeIgniter\Router\RouteCollection->group('admin', [...], Object(Closure))
 5 SYSTEMPATH\Router\RouteCollection.php(339): require('C:\\xampp\\htdocs\\myfoodblog\\app\\Config\\Routes.php')
 6 SYSTEMPATH\CodeIgniter.php(818): CodeIgniter\Router\RouteCollection->loadRoutes()
 7 SYSTEMPATH\CodeIgniter.php(441): CodeIgniter\CodeIgniter->tryToRouteIt(null)
 8 SYSTEMPATH\CodeIgniter.php(340): CodeIgniter\CodeIgniter->handleRequest(null, Object(Config\Cache), false)
 9 SYSTEMPATH\Boot.php(417): CodeIgniter\CodeIgniter->run()
10 SYSTEMPATH\Boot.php(68): CodeIgniter\Boot::runCodeIgniter(Object(CodeIgniter\CodeIgniter))
11 FCPATH\index.php(59): CodeIgniter\Boot::bootWeb(Object(Config\Paths))
WARNING - 2026-06-29 05:36:32 --> [DEPRECATED] Passing lowercase HTTP method "post" is deprecated. Use uppercase HTTP method like "POST". in SYSTEMPATH\Router\RouteCollection.php on line 1026.
 1 SYSTEMPATH\Router\RouteCollection.php(1026): trigger_error('Passing lowercase HTTP method "post" is deprecated. Use uppercase HTTP method like "POST".', 16384)
 2 APPPATH\Config\Routes.php(28): CodeIgniter\Router\RouteCollection->match([...], 'authenticate', 'Admin::authenticate')
 3 SYSTEMPATH\Router\RouteCollection.php(799): CodeIgniter\Router\RouteCollection->{closure}(Object(CodeIgniter\Router\RouteCollection))
 4 APPPATH\Config\Routes.php(25): CodeIgniter\Router\RouteCollection->group('admin', [...], Object(Closure))
 5 SYSTEMPATH\Router\RouteCollection.php(339): require('C:\\xampp\\htdocs\\myfoodblog\\app\\Config\\Routes.php')
 6 SYSTEMPATH\CodeIgniter.php(818): CodeIgniter\Router\RouteCollection->loadRoutes()
 7 SYSTEMPATH\CodeIgniter.php(441): CodeIgniter\CodeIgniter->tryToRouteIt(null)
 8 SYSTEMPATH\CodeIgniter.php(340): CodeIgniter\CodeIgniter->handleRequest(null, Object(Config\Cache), false)
 9 SYSTEMPATH\Boot.php(417): CodeIgniter\CodeIgniter->run()
10 SYSTEMPATH\Boot.php(68): CodeIgniter\Boot::runCodeIgniter(Object(CodeIgniter\CodeIgniter))
11 FCPATH\index.php(59): CodeIgniter\Boot::bootWeb(Object(Config\Paths))
WARNING - 2026-06-29 05:36:32 --> [DEPRECATED] Passing lowercase HTTP method "get" is deprecated. Use uppercase HTTP method like "GET". in SYSTEMPATH\Router\RouteCollection.php on line 1026.
 1 SYSTEMPATH\Router\RouteCollection.php(1026): trigger_error('Passing lowercase HTTP method "get" is deprecated. Use uppercase HTTP method like "GET".', 16384)
 2 APPPATH\Config\Routes.php(28): CodeIgniter\Router\RouteCollection->match([...], 'authenticate', 'Admin::authenticate')
 3 SYSTEMPATH\Router\RouteCollection.php(799): CodeIgniter\Router\RouteCollection->{closure}(Object(CodeIgniter\Router\RouteCollection))
 4 APPPATH\Config\Routes.php(25): CodeIgniter\Router\RouteCollection->group('admin', [...], Object(Closure))
 5 SYSTEMPATH\Router\RouteCollection.php(339): require('C:\\xampp\\htdocs\\myfoodblog\\app\\Config\\Routes.php')
 6 SYSTEMPATH\CodeIgniter.php(818): CodeIgniter\Router\RouteCollection->loadRoutes()
 7 SYSTEMPATH\CodeIgniter.php(441): CodeIgniter\CodeIgniter->tryToRouteIt(null)
 8 SYSTEMPATH\CodeIgniter.php(340): CodeIgniter\CodeIgniter->handleRequest(null, Object(Config\Cache), false)
 9 SYSTEMPATH\Boot.php(417): CodeIgniter\CodeIgniter->run()
10 SYSTEMPATH\Boot.php(68): CodeIgniter\Boot::runCodeIgniter(Object(CodeIgniter\CodeIgniter))
11 FCPATH\index.php(59): CodeIgniter\Boot::bootWeb(Object(Config\Paths))
WARNING - 2026-06-29 05:36:32 --> [DEPRECATED] Passing lowercase HTTP method "post" is deprecated. Use uppercase HTTP method like "POST". in SYSTEMPATH\Router\RouteCollection.php on line 1026.
 1 SYSTEMPATH\Router\RouteCollection.php(1026): trigger_error('Passing lowercase HTTP method "post" is deprecated. Use uppercase HTTP method like "POST".', 16384)
 2 APPPATH\Config\Routes.php(28): CodeIgniter\Router\RouteCollection->match([...], 'authenticate', 'Admin::authenticate')
 3 SYSTEMPATH\Router\RouteCollection.php(799): CodeIgniter\Router\RouteCollection->{closure}(Object(CodeIgniter\Router\RouteCollection))
 4 APPPATH\Config\Routes.php(25): CodeIgniter\Router\RouteCollection->group('admin', [...], Object(Closure))
 5 SYSTEMPATH\Router\RouteCollection.php(339): require('C:\\xampp\\htdocs\\myfoodblog\\app\\Config\\Routes.php')
 6 SYSTEMPATH\CodeIgniter.php(818): CodeIgniter\Router\RouteCollection->loadRoutes()
 7 SYSTEMPATH\CodeIgniter.php(441): CodeIgniter\CodeIgniter->tryToRouteIt(null)
 8 SYSTEMPATH\CodeIgniter.php(340): CodeIgniter\CodeIgniter->handleRequest(null, Object(Config\Cache), false)
 9 SYSTEMPATH\Boot.php(417): CodeIgniter\CodeIgniter->run()
10 SYSTEMPATH\Boot.php(68): CodeIgniter\Boot::runCodeIgniter(Object(CodeIgniter\CodeIgniter))
11 FCPATH\index.php(59): CodeIgniter\Boot::bootWeb(Object(Config\Paths))
WARNING - 2026-06-29 05:36:37 --> [DEPRECATED] Passing lowercase HTTP method "get" is deprecated. Use uppercase HTTP method like "GET". in SYSTEMPATH\Router\RouteCollection.php on line 1026.
 1 SYSTEMPATH\Router\RouteCollection.php(1026): trigger_error('Passing lowercase HTTP method "get" is deprecated. Use uppercase HTTP method like "GET".', 16384)
 2 APPPATH\Config\Routes.php(28): CodeIgniter\Router\RouteCollection->match([...], 'authenticate', 'Admin::authenticate')
 3 SYSTEMPATH\Router\RouteCollection.php(799): CodeIgniter\Router\RouteCollection->{closure}(Object(CodeIgniter\Router\RouteCollection))
 4 APPPATH\Config\Routes.php(25): CodeIgniter\Router\RouteCollection->group('admin', [...], Object(Closure))
 5 SYSTEMPATH\Router\RouteCollection.php(339): require('C:\\xampp\\htdocs\\myfoodblog\\app\\Config\\Routes.php')
 6 SYSTEMPATH\CodeIgniter.php(818): CodeIgniter\Router\RouteCollection->loadRoutes()
 7 SYSTEMPATH\CodeIgniter.php(441): CodeIgniter\CodeIgniter->tryToRouteIt(null)
 8 SYSTEMPATH\CodeIgniter.php(340): CodeIgniter\CodeIgniter->handleRequest(null, Object(Config\Cache), false)
 9 SYSTEMPATH\Boot.php(417): CodeIgniter\CodeIgniter->run()
10 SYSTEMPATH\Boot.php(68): CodeIgniter\Boot::runCodeIgniter(Object(CodeIgniter\CodeIgniter))
11 FCPATH\index.php(59): CodeIgniter\Boot::bootWeb(Object(Config\Paths))
WARNING - 2026-06-29 05:36:37 --> [DEPRECATED] Passing lowercase HTTP method "post" is deprecated. Use uppercase HTTP method like "POST". in SYSTEMPATH\Router\RouteCollection.php on line 1026.
 1 SYSTEMPATH\Router\RouteCollection.php(1026): trigger_error('Passing lowercase HTTP method "post" is deprecated. Use uppercase HTTP method like "POST".', 16384)
 2 APPPATH\Config\Routes.php(28): CodeIgniter\Router\RouteCollection->match([...], 'authenticate', 'Admin::authenticate')
 3 SYSTEMPATH\Router\RouteCollection.php(799): CodeIgniter\Router\RouteCollection->{closure}(Object(CodeIgniter\Router\RouteCollection))
 4 APPPATH\Config\Routes.php(25): CodeIgniter\Router\RouteCollection->group('admin', [...], Object(Closure))
 5 SYSTEMPATH\Router\RouteCollection.php(339): require('C:\\xampp\\htdocs\\myfoodblog\\app\\Config\\Routes.php')
 6 SYSTEMPATH\CodeIgniter.php(818): CodeIgniter\Router\RouteCollection->loadRoutes()
 7 SYSTEMPATH\CodeIgniter.php(441): CodeIgniter\CodeIgniter->tryToRouteIt(null)
 8 SYSTEMPATH\CodeIgniter.php(340): CodeIgniter\CodeIgniter->handleRequest(null, Object(Config\Cache), false)
 9 SYSTEMPATH\Boot.php(417): CodeIgniter\CodeIgniter->run()
10 SYSTEMPATH\Boot.php(68): CodeIgniter\Boot::runCodeIgniter(Object(CodeIgniter\CodeIgniter))
11 FCPATH\index.php(59): CodeIgniter\Boot::bootWeb(Object(Config\Paths))
WARNING - 2026-06-29 05:36:37 --> [DEPRECATED] Passing lowercase HTTP method "get" is deprecated. Use uppercase HTTP method like "GET". in SYSTEMPATH\Router\RouteCollection.php on line 1026.
 1 SYSTEMPATH\Router\RouteCollection.php(1026): trigger_error('Passing lowercase HTTP method "get" is deprecated. Use uppercase HTTP method like "GET".', 16384)
 2 APPPATH\Config\Routes.php(28): CodeIgniter\Router\RouteCollection->match([...], 'authenticate', 'Admin::authenticate')
 3 SYSTEMPATH\Router\RouteCollection.php(799): CodeIgniter\Router\RouteCollection->{closure}(Object(CodeIgniter\Router\RouteCollection))
 4 APPPATH\Config\Routes.php(25): CodeIgniter\Router\RouteCollection->group('admin', [...], Object(Closure))
 5 SYSTEMPATH\Router\RouteCollection.php(339): require('C:\\xampp\\htdocs\\myfoodblog\\app\\Config\\Routes.php')
 6 SYSTEMPATH\CodeIgniter.php(818): CodeIgniter\Router\RouteCollection->loadRoutes()
 7 SYSTEMPATH\CodeIgniter.php(441): CodeIgniter\CodeIgniter->tryToRouteIt(null)
 8 SYSTEMPATH\CodeIgniter.php(340): CodeIgniter\CodeIgniter->handleRequest(null, Object(Config\Cache), false)
 9 SYSTEMPATH\Boot.php(417): CodeIgniter\CodeIgniter->run()
10 SYSTEMPATH\Boot.php(68): CodeIgniter\Boot::runCodeIgniter(Object(CodeIgniter\CodeIgniter))
11 FCPATH\index.php(59): CodeIgniter\Boot::bootWeb(Object(Config\Paths))
WARNING - 2026-06-29 05:36:37 --> [DEPRECATED] Passing lowercase HTTP method "post" is deprecated. Use uppercase HTTP method like "POST". in SYSTEMPATH\Router\RouteCollection.php on line 1026.
 1 SYSTEMPATH\Router\RouteCollection.php(1026): trigger_error('Passing lowercase HTTP method "post" is deprecated. Use uppercase HTTP method like "POST".', 16384)
 2 APPPATH\Config\Routes.php(28): CodeIgniter\Router\RouteCollection->match([...], 'authenticate', 'Admin::authenticate')
 3 SYSTEMPATH\Router\RouteCollection.php(799): CodeIgniter\Router\RouteCollection->{closure}(Object(CodeIgniter\Router\RouteCollection))
 4 APPPATH\Config\Routes.php(25): CodeIgniter\Router\RouteCollection->group('admin', [...], Object(Closure))
 5 SYSTEMPATH\Router\RouteCollection.php(339): require('C:\\xampp\\htdocs\\myfoodblog\\app\\Config\\Routes.php')
 6 SYSTEMPATH\CodeIgniter.php(818): CodeIgniter\Router\RouteCollection->loadRoutes()
 7 SYSTEMPATH\CodeIgniter.php(441): CodeIgniter\CodeIgniter->tryToRouteIt(null)
 8 SYSTEMPATH\CodeIgniter.php(340): CodeIgniter\CodeIgniter->handleRequest(null, Object(Config\Cache), false)
 9 SYSTEMPATH\Boot.php(417): CodeIgniter\CodeIgniter->run()
10 SYSTEMPATH\Boot.php(68): CodeIgniter\Boot::runCodeIgniter(Object(CodeIgniter\CodeIgniter))
11 FCPATH\index.php(59): CodeIgniter\Boot::bootWeb(Object(Config\Paths))
WARNING - 2026-06-29 05:36:40 --> [DEPRECATED] Passing lowercase HTTP method "get" is deprecated. Use uppercase HTTP method like "GET". in SYSTEMPATH\Router\RouteCollection.php on line 1026.
 1 SYSTEMPATH\Router\RouteCollection.php(1026): trigger_error('Passing lowercase HTTP method "get" is deprecated. Use uppercase HTTP method like "GET".', 16384)
 2 APPPATH\Config\Routes.php(28): CodeIgniter\Router\RouteCollection->match([...], 'authenticate', 'Admin::authenticate')
 3 SYSTEMPATH\Router\RouteCollection.php(799): CodeIgniter\Router\RouteCollection->{closure}(Object(CodeIgniter\Router\RouteCollection))
 4 APPPATH\Config\Routes.php(25): CodeIgniter\Router\RouteCollection->group('admin', [...], Object(Closure))
 5 SYSTEMPATH\Router\RouteCollection.php(339): require('C:\\xampp\\htdocs\\myfoodblog\\app\\Config\\Routes.php')
 6 SYSTEMPATH\CodeIgniter.php(818): CodeIgniter\Router\RouteCollection->loadRoutes()
 7 SYSTEMPATH\CodeIgniter.php(441): CodeIgniter\CodeIgniter->tryToRouteIt(null)
 8 SYSTEMPATH\CodeIgniter.php(340): CodeIgniter\CodeIgniter->handleRequest(null, Object(Config\Cache), false)
 9 SYSTEMPATH\Boot.php(417): CodeIgniter\CodeIgniter->run()
10 SYSTEMPATH\Boot.php(68): CodeIgniter\Boot::runCodeIgniter(Object(CodeIgniter\CodeIgniter))
11 FCPATH\index.php(59): CodeIgniter\Boot::bootWeb(Object(Config\Paths))
WARNING - 2026-06-29 05:36:40 --> [DEPRECATED] Passing lowercase HTTP method "post" is deprecated. Use uppercase HTTP method like "POST". in SYSTEMPATH\Router\RouteCollection.php on line 1026.
 1 SYSTEMPATH\Router\RouteCollection.php(1026): trigger_error('Passing lowercase HTTP method "post" is deprecated. Use uppercase HTTP method like "POST".', 16384)
 2 APPPATH\Config\Routes.php(28): CodeIgniter\Router\RouteCollection->match([...], 'authenticate', 'Admin::authenticate')
 3 SYSTEMPATH\Router\RouteCollection.php(799): CodeIgniter\Router\RouteCollection->{closure}(Object(CodeIgniter\Router\RouteCollection))
 4 APPPATH\Config\Routes.php(25): CodeIgniter\Router\RouteCollection->group('admin', [...], Object(Closure))
 5 SYSTEMPATH\Router\RouteCollection.php(339): require('C:\\xampp\\htdocs\\myfoodblog\\app\\Config\\Routes.php')
 6 SYSTEMPATH\CodeIgniter.php(818): CodeIgniter\Router\RouteCollection->loadRoutes()
 7 SYSTEMPATH\CodeIgniter.php(441): CodeIgniter\CodeIgniter->tryToRouteIt(null)
 8 SYSTEMPATH\CodeIgniter.php(340): CodeIgniter\CodeIgniter->handleRequest(null, Object(Config\Cache), false)
 9 SYSTEMPATH\Boot.php(417): CodeIgniter\CodeIgniter->run()
10 SYSTEMPATH\Boot.php(68): CodeIgniter\Boot::runCodeIgniter(Object(CodeIgniter\CodeIgniter))
11 FCPATH\index.php(59): CodeIgniter\Boot::bootWeb(Object(Config\Paths))
WARNING - 2026-06-29 05:36:41 --> [DEPRECATED] Passing lowercase HTTP method "get" is deprecated. Use uppercase HTTP method like "GET". in SYSTEMPATH\Router\RouteCollection.php on line 1026.
 1 SYSTEMPATH\Router\RouteCollection.php(1026): trigger_error('Passing lowercase HTTP method "get" is deprecated. Use uppercase HTTP method like "GET".', 16384)
 2 APPPATH\Config\Routes.php(28): CodeIgniter\Router\RouteCollection->match([...], 'authenticate', 'Admin::authenticate')
 3 SYSTEMPATH\Router\RouteCollection.php(799): CodeIgniter\Router\RouteCollection->{closure}(Object(CodeIgniter\Router\RouteCollection))
 4 APPPATH\Config\Routes.php(25): CodeIgniter\Router\RouteCollection->group('admin', [...], Object(Closure))
 5 SYSTEMPATH\Router\RouteCollection.php(339): require('C:\\xampp\\htdocs\\myfoodblog\\app\\Config\\Routes.php')
 6 SYSTEMPATH\CodeIgniter.php(818): CodeIgniter\Router\RouteCollection->loadRoutes()
 7 SYSTEMPATH\CodeIgniter.php(441): CodeIgniter\CodeIgniter->tryToRouteIt(null)
 8 SYSTEMPATH\CodeIgniter.php(340): CodeIgniter\CodeIgniter->handleRequest(null, Object(Config\Cache), false)
 9 SYSTEMPATH\Boot.php(417): CodeIgniter\CodeIgniter->run()
10 SYSTEMPATH\Boot.php(68): CodeIgniter\Boot::runCodeIgniter(Object(CodeIgniter\CodeIgniter))
11 FCPATH\index.php(59): CodeIgniter\Boot::bootWeb(Object(Config\Paths))
WARNING - 2026-06-29 05:36:41 --> [DEPRECATED] Passing lowercase HTTP method "post" is deprecated. Use uppercase HTTP method like "POST". in SYSTEMPATH\Router\RouteCollection.php on line 1026.
 1 SYSTEMPATH\Router\RouteCollection.php(1026): trigger_error('Passing lowercase HTTP method "post" is deprecated. Use uppercase HTTP method like "POST".', 16384)
 2 APPPATH\Config\Routes.php(28): CodeIgniter\Router\RouteCollection->match([...], 'authenticate', 'Admin::authenticate')
 3 SYSTEMPATH\Router\RouteCollection.php(799): CodeIgniter\Router\RouteCollection->{closure}(Object(CodeIgniter\Router\RouteCollection))
 4 APPPATH\Config\Routes.php(25): CodeIgniter\Router\RouteCollection->group('admin', [...], Object(Closure))
 5 SYSTEMPATH\Router\RouteCollection.php(339): require('C:\\xampp\\htdocs\\myfoodblog\\app\\Config\\Routes.php')
 6 SYSTEMPATH\CodeIgniter.php(818): CodeIgniter\Router\RouteCollection->loadRoutes()
 7 SYSTEMPATH\CodeIgniter.php(441): CodeIgniter\CodeIgniter->tryToRouteIt(null)
 8 SYSTEMPATH\CodeIgniter.php(340): CodeIgniter\CodeIgniter->handleRequest(null, Object(Config\Cache), false)
 9 SYSTEMPATH\Boot.php(417): CodeIgniter\CodeIgniter->run()
10 SYSTEMPATH\Boot.php(68): CodeIgniter\Boot::runCodeIgniter(Object(CodeIgniter\CodeIgniter))
11 FCPATH\index.php(59): CodeIgniter\Boot::bootWeb(Object(Config\Paths))
WARNING - 2026-06-29 05:36:57 --> [DEPRECATED] Passing lowercase HTTP method "get" is deprecated. Use uppercase HTTP method like "GET". in SYSTEMPATH\Router\RouteCollection.php on line 1026.
 1 SYSTEMPATH\Router\RouteCollection.php(1026): trigger_error('Passing lowercase HTTP method "get" is deprecated. Use uppercase HTTP method like "GET".', 16384)
 2 APPPATH\Config\Routes.php(28): CodeIgniter\Router\RouteCollection->match([...], 'authenticate', 'Admin::authenticate')
 3 SYSTEMPATH\Router\RouteCollection.php(799): CodeIgniter\Router\RouteCollection->{closure}(Object(CodeIgniter\Router\RouteCollection))
 4 APPPATH\Config\Routes.php(25): CodeIgniter\Router\RouteCollection->group('admin', [...], Object(Closure))
 5 SYSTEMPATH\Router\RouteCollection.php(339): require('C:\\xampp\\htdocs\\myfoodblog\\app\\Config\\Routes.php')
 6 SYSTEMPATH\CodeIgniter.php(818): CodeIgniter\Router\RouteCollection->loadRoutes()
 7 SYSTEMPATH\CodeIgniter.php(441): CodeIgniter\CodeIgniter->tryToRouteIt(null)
 8 SYSTEMPATH\CodeIgniter.php(340): CodeIgniter\CodeIgniter->handleRequest(null, Object(Config\Cache), false)
 9 SYSTEMPATH\Boot.php(417): CodeIgniter\CodeIgniter->run()
10 SYSTEMPATH\Boot.php(68): CodeIgniter\Boot::runCodeIgniter(Object(CodeIgniter\CodeIgniter))
11 FCPATH\index.php(59): CodeIgniter\Boot::bootWeb(Object(Config\Paths))
WARNING - 2026-06-29 05:36:57 --> [DEPRECATED] Passing lowercase HTTP method "post" is deprecated. Use uppercase HTTP method like "POST". in SYSTEMPATH\Router\RouteCollection.php on line 1026.
 1 SYSTEMPATH\Router\RouteCollection.php(1026): trigger_error('Passing lowercase HTTP method "post" is deprecated. Use uppercase HTTP method like "POST".', 16384)
 2 APPPATH\Config\Routes.php(28): CodeIgniter\Router\RouteCollection->match([...], 'authenticate', 'Admin::authenticate')
 3 SYSTEMPATH\Router\RouteCollection.php(799): CodeIgniter\Router\RouteCollection->{closure}(Object(CodeIgniter\Router\RouteCollection))
 4 APPPATH\Config\Routes.php(25): CodeIgniter\Router\RouteCollection->group('admin', [...], Object(Closure))
 5 SYSTEMPATH\Router\RouteCollection.php(339): require('C:\\xampp\\htdocs\\myfoodblog\\app\\Config\\Routes.php')
 6 SYSTEMPATH\CodeIgniter.php(818): CodeIgniter\Router\RouteCollection->loadRoutes()
 7 SYSTEMPATH\CodeIgniter.php(441): CodeIgniter\CodeIgniter->tryToRouteIt(null)
 8 SYSTEMPATH\CodeIgniter.php(340): CodeIgniter\CodeIgniter->handleRequest(null, Object(Config\Cache), false)
 9 SYSTEMPATH\Boot.php(417): CodeIgniter\CodeIgniter->run()
10 SYSTEMPATH\Boot.php(68): CodeIgniter\Boot::runCodeIgniter(Object(CodeIgniter\CodeIgniter))
11 FCPATH\index.php(59): CodeIgniter\Boot::bootWeb(Object(Config\Paths))
DEBUG - 2026-06-29 05:36:58 --> Session: Class initialized using 'CodeIgniter\Session\Handlers\FileHandler' driver.
WARNING - 2026-06-29 05:36:58 --> [DEPRECATED] Passing lowercase HTTP method "get" is deprecated. Use uppercase HTTP method like "GET". in SYSTEMPATH\Router\RouteCollection.php on line 1026.
 1 SYSTEMPATH\Router\RouteCollection.php(1026): trigger_error('Passing lowercase HTTP method "get" is deprecated. Use uppercase HTTP method like "GET".', 16384)
 2 APPPATH\Config\Routes.php(28): CodeIgniter\Router\RouteCollection->match([...], 'authenticate', 'Admin::authenticate')
 3 SYSTEMPATH\Router\RouteCollection.php(799): CodeIgniter\Router\RouteCollection->{closure}(Object(CodeIgniter\Router\RouteCollection))
 4 APPPATH\Config\Routes.php(25): CodeIgniter\Router\RouteCollection->group('admin', [...], Object(Closure))
 5 SYSTEMPATH\Router\RouteCollection.php(339): require('C:\\xampp\\htdocs\\myfoodblog\\app\\Config\\Routes.php')
 6 SYSTEMPATH\CodeIgniter.php(818): CodeIgniter\Router\RouteCollection->loadRoutes()
 7 SYSTEMPATH\CodeIgniter.php(441): CodeIgniter\CodeIgniter->tryToRouteIt(null)
 8 SYSTEMPATH\CodeIgniter.php(340): CodeIgniter\CodeIgniter->handleRequest(null, Object(Config\Cache), false)
 9 SYSTEMPATH\Boot.php(417): CodeIgniter\CodeIgniter->run()
10 SYSTEMPATH\Boot.php(68): CodeIgniter\Boot::runCodeIgniter(Object(CodeIgniter\CodeIgniter))
11 FCPATH\index.php(59): CodeIgniter\Boot::bootWeb(Object(Config\Paths))
WARNING - 2026-06-29 05:36:58 --> [DEPRECATED] Passing lowercase HTTP method "post" is deprecated. Use uppercase HTTP method like "POST". in SYSTEMPATH\Router\RouteCollection.php on line 1026.
 1 SYSTEMPATH\Router\RouteCollection.php(1026): trigger_error('Passing lowercase HTTP method "post" is deprecated. Use uppercase HTTP method like "POST".', 16384)
 2 APPPATH\Config\Routes.php(28): CodeIgniter\Router\RouteCollection->match([...], 'authenticate', 'Admin::authenticate')
 3 SYSTEMPATH\Router\RouteCollection.php(799): CodeIgniter\Router\RouteCollection->{closure}(Object(CodeIgniter\Router\RouteCollection))
 4 APPPATH\Config\Routes.php(25): CodeIgniter\Router\RouteCollection->group('admin', [...], Object(Closure))
 5 SYSTEMPATH\Router\RouteCollection.php(339): require('C:\\xampp\\htdocs\\myfoodblog\\app\\Config\\Routes.php')
 6 SYSTEMPATH\CodeIgniter.php(818): CodeIgniter\Router\RouteCollection->loadRoutes()
 7 SYSTEMPATH\CodeIgniter.php(441): CodeIgniter\CodeIgniter->tryToRouteIt(null)
 8 SYSTEMPATH\CodeIgniter.php(340): CodeIgniter\CodeIgniter->handleRequest(null, Object(Config\Cache), false)
 9 SYSTEMPATH\Boot.php(417): CodeIgniter\CodeIgniter->run()
10 SYSTEMPATH\Boot.php(68): CodeIgniter\Boot::runCodeIgniter(Object(CodeIgniter\CodeIgniter))
11 FCPATH\index.php(59): CodeIgniter\Boot::bootWeb(Object(Config\Paths))
DEBUG - 2026-06-29 05:36:58 --> Session: Class initialized using 'CodeIgniter\Session\Handlers\FileHandler' driver.
WARNING - 2026-06-29 05:36:58 --> [DEPRECATED] Passing lowercase HTTP method "get" is deprecated. Use uppercase HTTP method like "GET". in SYSTEMPATH\Router\RouteCollection.php on line 1026.
 1 SYSTEMPATH\Router\RouteCollection.php(1026): trigger_error('Passing lowercase HTTP method "get" is deprecated. Use uppercase HTTP method like "GET".', 16384)
 2 APPPATH\Config\Routes.php(28): CodeIgniter\Router\RouteCollection->match([...], 'authenticate', 'Admin::authenticate')
 3 SYSTEMPATH\Router\RouteCollection.php(799): CodeIgniter\Router\RouteCollection->{closure}(Object(CodeIgniter\Router\RouteCollection))
 4 APPPATH\Config\Routes.php(25): CodeIgniter\Router\RouteCollection->group('admin', [...], Object(Closure))
 5 SYSTEMPATH\Router\RouteCollection.php(339): require('C:\\xampp\\htdocs\\myfoodblog\\app\\Config\\Routes.php')
 6 SYSTEMPATH\CodeIgniter.php(818): CodeIgniter\Router\RouteCollection->loadRoutes()
 7 SYSTEMPATH\CodeIgniter.php(441): CodeIgniter\CodeIgniter->tryToRouteIt(null)
 8 SYSTEMPATH\CodeIgniter.php(340): CodeIgniter\CodeIgniter->handleRequest(null, Object(Config\Cache), false)
 9 SYSTEMPATH\Boot.php(417): CodeIgniter\CodeIgniter->run()
10 SYSTEMPATH\Boot.php(68): CodeIgniter\Boot::runCodeIgniter(Object(CodeIgniter\CodeIgniter))
11 FCPATH\index.php(59): CodeIgniter\Boot::bootWeb(Object(Config\Paths))
WARNING - 2026-06-29 05:36:58 --> [DEPRECATED] Passing lowercase HTTP method "get" is deprecated. Use uppercase HTTP method like "GET". in SYSTEMPATH\Router\RouteCollection.php on line 1026.
 1 SYSTEMPATH\Router\RouteCollection.php(1026): trigger_error('Passing lowercase HTTP method "get" is deprecated. Use uppercase HTTP method like "GET".', 16384)
 2 APPPATH\Config\Routes.php(28): CodeIgniter\Router\RouteCollection->match([...], 'authenticate', 'Admin::authenticate')
 3 SYSTEMPATH\Router\RouteCollection.php(799): CodeIgniter\Router\RouteCollection->{closure}(Object(CodeIgniter\Router\RouteCollection))
 4 APPPATH\Config\Routes.php(25): CodeIgniter\Router\RouteCollection->group('admin', [...], Object(Closure))
 5 SYSTEMPATH\Router\RouteCollection.php(339): require('C:\\xampp\\htdocs\\myfoodblog\\app\\Config\\Routes.php')
 6 SYSTEMPATH\CodeIgniter.php(818): CodeIgniter\Router\RouteCollection->loadRoutes()
 7 SYSTEMPATH\CodeIgniter.php(441): CodeIgniter\CodeIgniter->tryToRouteIt(null)
 8 SYSTEMPATH\CodeIgniter.php(340): CodeIgniter\CodeIgniter->handleRequest(null, Object(Config\Cache), false)
 9 SYSTEMPATH\Boot.php(417): CodeIgniter\CodeIgniter->run()
10 SYSTEMPATH\Boot.php(68): CodeIgniter\Boot::runCodeIgniter(Object(CodeIgniter\CodeIgniter))
11 FCPATH\index.php(59): CodeIgniter\Boot::bootWeb(Object(Config\Paths))
WARNING - 2026-06-29 05:36:58 --> [DEPRECATED] Passing lowercase HTTP method "post" is deprecated. Use uppercase HTTP method like "POST". in SYSTEMPATH\Router\RouteCollection.php on line 1026.
 1 SYSTEMPATH\Router\RouteCollection.php(1026): trigger_error('Passing lowercase HTTP method "post" is deprecated. Use uppercase HTTP method like "POST".', 16384)
 2 APPPATH\Config\Routes.php(28): CodeIgniter\Router\RouteCollection->match([...], 'authenticate', 'Admin::authenticate')
 3 SYSTEMPATH\Router\RouteCollection.php(799): CodeIgniter\Router\RouteCollection->{closure}(Object(CodeIgniter\Router\RouteCollection))
 4 APPPATH\Config\Routes.php(25): CodeIgniter\Router\RouteCollection->group('admin', [...], Object(Closure))
 5 SYSTEMPATH\Router\RouteCollection.php(339): require('C:\\xampp\\htdocs\\myfoodblog\\app\\Config\\Routes.php')
 6 SYSTEMPATH\CodeIgniter.php(818): CodeIgniter\Router\RouteCollection->loadRoutes()
 7 SYSTEMPATH\CodeIgniter.php(441): CodeIgniter\CodeIgniter->tryToRouteIt(null)
 8 SYSTEMPATH\CodeIgniter.php(340): CodeIgniter\CodeIgniter->handleRequest(null, Object(Config\Cache), false)
 9 SYSTEMPATH\Boot.php(417): CodeIgniter\CodeIgniter->run()
10 SYSTEMPATH\Boot.php(68): CodeIgniter\Boot::runCodeIgniter(Object(CodeIgniter\CodeIgniter))
11 FCPATH\index.php(59): CodeIgniter\Boot::bootWeb(Object(Config\Paths))
WARNING - 2026-06-29 05:36:58 --> [DEPRECATED] Passing lowercase HTTP method "post" is deprecated. Use uppercase HTTP method like "POST". in SYSTEMPATH\Router\RouteCollection.php on line 1026.
 1 SYSTEMPATH\Router\RouteCollection.php(1026): trigger_error('Passing lowercase HTTP method "post" is deprecated. Use uppercase HTTP method like "POST".', 16384)
 2 APPPATH\Config\Routes.php(28): CodeIgniter\Router\RouteCollection->match([...], 'authenticate', 'Admin::authenticate')
 3 SYSTEMPATH\Router\RouteCollection.php(799): CodeIgniter\Router\RouteCollection->{closure}(Object(CodeIgniter\Router\RouteCollection))
 4 APPPATH\Config\Routes.php(25): CodeIgniter\Router\RouteCollection->group('admin', [...], Object(Closure))
 5 SYSTEMPATH\Router\RouteCollection.php(339): require('C:\\xampp\\htdocs\\myfoodblog\\app\\Config\\Routes.php')
 6 SYSTEMPATH\CodeIgniter.php(818): CodeIgniter\Router\RouteCollection->loadRoutes()
 7 SYSTEMPATH\CodeIgniter.php(441): CodeIgniter\CodeIgniter->tryToRouteIt(null)
 8 SYSTEMPATH\CodeIgniter.php(340): CodeIgniter\CodeIgniter->handleRequest(null, Object(Config\Cache), false)
 9 SYSTEMPATH\Boot.php(417): CodeIgniter\CodeIgniter->run()
10 SYSTEMPATH\Boot.php(68): CodeIgniter\Boot::runCodeIgniter(Object(CodeIgniter\CodeIgniter))
11 FCPATH\index.php(59): CodeIgniter\Boot::bootWeb(Object(Config\Paths))
WARNING - 2026-06-29 05:37:23 --> [DEPRECATED] Passing lowercase HTTP method "get" is deprecated. Use uppercase HTTP method like "GET". in SYSTEMPATH\Router\RouteCollection.php on line 1026.
 1 SYSTEMPATH\Router\RouteCollection.php(1026): trigger_error('Passing lowercase HTTP method "get" is deprecated. Use uppercase HTTP method like "GET".', 16384)
 2 APPPATH\Config\Routes.php(28): CodeIgniter\Router\RouteCollection->match([...], 'authenticate', 'Admin::authenticate')
 3 SYSTEMPATH\Router\RouteCollection.php(799): CodeIgniter\Router\RouteCollection->{closure}(Object(CodeIgniter\Router\RouteCollection))
 4 APPPATH\Config\Routes.php(25): CodeIgniter\Router\RouteCollection->group('admin', [...], Object(Closure))
 5 SYSTEMPATH\Router\RouteCollection.php(339): require('C:\\xampp\\htdocs\\myfoodblog\\app\\Config\\Routes.php')
 6 SYSTEMPATH\CodeIgniter.php(818): CodeIgniter\Router\RouteCollection->loadRoutes()
 7 SYSTEMPATH\CodeIgniter.php(441): CodeIgniter\CodeIgniter->tryToRouteIt(null)
 8 SYSTEMPATH\CodeIgniter.php(340): CodeIgniter\CodeIgniter->handleRequest(null, Object(Config\Cache), false)
 9 SYSTEMPATH\Boot.php(417): CodeIgniter\CodeIgniter->run()
10 SYSTEMPATH\Boot.php(68): CodeIgniter\Boot::runCodeIgniter(Object(CodeIgniter\CodeIgniter))
11 FCPATH\index.php(59): CodeIgniter\Boot::bootWeb(Object(Config\Paths))
WARNING - 2026-06-29 05:37:23 --> [DEPRECATED] Passing lowercase HTTP method "post" is deprecated. Use uppercase HTTP method like "POST". in SYSTEMPATH\Router\RouteCollection.php on line 1026.
 1 SYSTEMPATH\Router\RouteCollection.php(1026): trigger_error('Passing lowercase HTTP method "post" is deprecated. Use uppercase HTTP method like "POST".', 16384)
 2 APPPATH\Config\Routes.php(28): CodeIgniter\Router\RouteCollection->match([...], 'authenticate', 'Admin::authenticate')
 3 SYSTEMPATH\Router\RouteCollection.php(799): CodeIgniter\Router\RouteCollection->{closure}(Object(CodeIgniter\Router\RouteCollection))
 4 APPPATH\Config\Routes.php(25): CodeIgniter\Router\RouteCollection->group('admin', [...], Object(Closure))
 5 SYSTEMPATH\Router\RouteCollection.php(339): require('C:\\xampp\\htdocs\\myfoodblog\\app\\Config\\Routes.php')
 6 SYSTEMPATH\CodeIgniter.php(818): CodeIgniter\Router\RouteCollection->loadRoutes()
 7 SYSTEMPATH\CodeIgniter.php(441): CodeIgniter\CodeIgniter->tryToRouteIt(null)
 8 SYSTEMPATH\CodeIgniter.php(340): CodeIgniter\CodeIgniter->handleRequest(null, Object(Config\Cache), false)
 9 SYSTEMPATH\Boot.php(417): CodeIgniter\CodeIgniter->run()
10 SYSTEMPATH\Boot.php(68): CodeIgniter\Boot::runCodeIgniter(Object(CodeIgniter\CodeIgniter))
11 FCPATH\index.php(59): CodeIgniter\Boot::bootWeb(Object(Config\Paths))
DEBUG - 2026-06-29 05:37:23 --> Session: Class initialized using 'CodeIgniter\Session\Handlers\FileHandler' driver.
WARNING - 2026-06-29 05:37:23 --> [DEPRECATED] Passing lowercase HTTP method "get" is deprecated. Use uppercase HTTP method like "GET". in SYSTEMPATH\Router\RouteCollection.php on line 1026.
 1 SYSTEMPATH\Router\RouteCollection.php(1026): trigger_error('Passing lowercase HTTP method "get" is deprecated. Use uppercase HTTP method like "GET".', 16384)
 2 APPPATH\Config\Routes.php(28): CodeIgniter\Router\RouteCollection->match([...], 'authenticate', 'Admin::authenticate')
 3 SYSTEMPATH\Router\RouteCollection.php(799): CodeIgniter\Router\RouteCollection->{closure}(Object(CodeIgniter\Router\RouteCollection))
 4 APPPATH\Config\Routes.php(25): CodeIgniter\Router\RouteCollection->group('admin', [...], Object(Closure))
 5 SYSTEMPATH\Router\RouteCollection.php(339): require('C:\\xampp\\htdocs\\myfoodblog\\app\\Config\\Routes.php')
 6 SYSTEMPATH\CodeIgniter.php(818): CodeIgniter\Router\RouteCollection->loadRoutes()
 7 SYSTEMPATH\CodeIgniter.php(441): CodeIgniter\CodeIgniter->tryToRouteIt(null)
 8 SYSTEMPATH\CodeIgniter.php(340): CodeIgniter\CodeIgniter->handleRequest(null, Object(Config\Cache), false)
 9 SYSTEMPATH\Boot.php(417): CodeIgniter\CodeIgniter->run()
10 SYSTEMPATH\Boot.php(68): CodeIgniter\Boot::runCodeIgniter(Object(CodeIgniter\CodeIgniter))
11 FCPATH\index.php(59): CodeIgniter\Boot::bootWeb(Object(Config\Paths))
WARNING - 2026-06-29 05:37:23 --> [DEPRECATED] Passing lowercase HTTP method "post" is deprecated. Use uppercase HTTP method like "POST". in SYSTEMPATH\Router\RouteCollection.php on line 1026.
 1 SYSTEMPATH\Router\RouteCollection.php(1026): trigger_error('Passing lowercase HTTP method "post" is deprecated. Use uppercase HTTP method like "POST".', 16384)
 2 APPPATH\Config\Routes.php(28): CodeIgniter\Router\RouteCollection->match([...], 'authenticate', 'Admin::authenticate')
 3 SYSTEMPATH\Router\RouteCollection.php(799): CodeIgniter\Router\RouteCollection->{closure}(Object(CodeIgniter\Router\RouteCollection))
 4 APPPATH\Config\Routes.php(25): CodeIgniter\Router\RouteCollection->group('admin', [...], Object(Closure))
 5 SYSTEMPATH\Router\RouteCollection.php(339): require('C:\\xampp\\htdocs\\myfoodblog\\app\\Config\\Routes.php')
 6 SYSTEMPATH\CodeIgniter.php(818): CodeIgniter\Router\RouteCollection->loadRoutes()
 7 SYSTEMPATH\CodeIgniter.php(441): CodeIgniter\CodeIgniter->tryToRouteIt(null)
 8 SYSTEMPATH\CodeIgniter.php(340): CodeIgniter\CodeIgniter->handleRequest(null, Object(Config\Cache), false)
 9 SYSTEMPATH\Boot.php(417): CodeIgniter\CodeIgniter->run()
10 SYSTEMPATH\Boot.php(68): CodeIgniter\Boot::runCodeIgniter(Object(CodeIgniter\CodeIgniter))
11 FCPATH\index.php(59): CodeIgniter\Boot::bootWeb(Object(Config\Paths))
WARNING - 2026-06-29 05:37:23 --> [DEPRECATED] Passing lowercase HTTP method "get" is deprecated. Use uppercase HTTP method like "GET". in SYSTEMPATH\Router\RouteCollection.php on line 1026.
 1 SYSTEMPATH\Router\RouteCollection.php(1026): trigger_error('Passing lowercase HTTP method "get" is deprecated. Use uppercase HTTP method like "GET".', 16384)
 2 APPPATH\Config\Routes.php(28): CodeIgniter\Router\RouteCollection->match([...], 'authenticate', 'Admin::authenticate')
 3 SYSTEMPATH\Router\RouteCollection.php(799): CodeIgniter\Router\RouteCollection->{closure}(Object(CodeIgniter\Router\RouteCollection))
 4 APPPATH\Config\Routes.php(25): CodeIgniter\Router\RouteCollection->group('admin', [...], Object(Closure))
 5 SYSTEMPATH\Router\RouteCollection.php(339): require('C:\\xampp\\htdocs\\myfoodblog\\app\\Config\\Routes.php')
 6 SYSTEMPATH\CodeIgniter.php(818): CodeIgniter\Router\RouteCollection->loadRoutes()
 7 SYSTEMPATH\CodeIgniter.php(441): CodeIgniter\CodeIgniter->tryToRouteIt(null)
 8 SYSTEMPATH\CodeIgniter.php(340): CodeIgniter\CodeIgniter->handleRequest(null, Object(Config\Cache), false)
 9 SYSTEMPATH\Boot.php(417): CodeIgniter\CodeIgniter->run()
10 SYSTEMPATH\Boot.php(68): CodeIgniter\Boot::runCodeIgniter(Object(CodeIgniter\CodeIgniter))
11 FCPATH\index.php(59): CodeIgniter\Boot::bootWeb(Object(Config\Paths))
WARNING - 2026-06-29 05:37:23 --> [DEPRECATED] Passing lowercase HTTP method "post" is deprecated. Use uppercase HTTP method like "POST". in SYSTEMPATH\Router\RouteCollection.php on line 1026.
 1 SYSTEMPATH\Router\RouteCollection.php(1026): trigger_error('Passing lowercase HTTP method "post" is deprecated. Use uppercase HTTP method like "POST".', 16384)
 2 APPPATH\Config\Routes.php(28): CodeIgniter\Router\RouteCollection->match([...], 'authenticate', 'Admin::authenticate')
 3 SYSTEMPATH\Router\RouteCollection.php(799): CodeIgniter\Router\RouteCollection->{closure}(Object(CodeIgniter\Router\RouteCollection))
 4 APPPATH\Config\Routes.php(25): CodeIgniter\Router\RouteCollection->group('admin', [...], Object(Closure))
 5 SYSTEMPATH\Router\RouteCollection.php(339): require('C:\\xampp\\htdocs\\myfoodblog\\app\\Config\\Routes.php')
 6 SYSTEMPATH\CodeIgniter.php(818): CodeIgniter\Router\RouteCollection->loadRoutes()
 7 SYSTEMPATH\CodeIgniter.php(441): CodeIgniter\CodeIgniter->tryToRouteIt(null)
 8 SYSTEMPATH\CodeIgniter.php(340): CodeIgniter\CodeIgniter->handleRequest(null, Object(Config\Cache), false)
 9 SYSTEMPATH\Boot.php(417): CodeIgniter\CodeIgniter->run()
10 SYSTEMPATH\Boot.php(68): CodeIgniter\Boot::runCodeIgniter(Object(CodeIgniter\CodeIgniter))
11 FCPATH\index.php(59): CodeIgniter\Boot::bootWeb(Object(Config\Paths))
WARNING - 2026-06-29 05:37:51 --> [DEPRECATED] Passing lowercase HTTP method "get" is deprecated. Use uppercase HTTP method like "GET". in SYSTEMPATH\Router\RouteCollection.php on line 1026.
 1 SYSTEMPATH\Router\RouteCollection.php(1026): trigger_error('Passing lowercase HTTP method "get" is deprecated. Use uppercase HTTP method like "GET".', 16384)
 2 APPPATH\Config\Routes.php(28): CodeIgniter\Router\RouteCollection->match([...], 'authenticate', 'Admin::authenticate')
 3 SYSTEMPATH\Router\RouteCollection.php(799): CodeIgniter\Router\RouteCollection->{closure}(Object(CodeIgniter\Router\RouteCollection))
 4 APPPATH\Config\Routes.php(25): CodeIgniter\Router\RouteCollection->group('admin', [...], Object(Closure))
 5 SYSTEMPATH\Router\RouteCollection.php(339): require('C:\\xampp\\htdocs\\myfoodblog\\app\\Config\\Routes.php')
 6 SYSTEMPATH\CodeIgniter.php(818): CodeIgniter\Router\RouteCollection->loadRoutes()
 7 SYSTEMPATH\CodeIgniter.php(441): CodeIgniter\CodeIgniter->tryToRouteIt(null)
 8 SYSTEMPATH\CodeIgniter.php(340): CodeIgniter\CodeIgniter->handleRequest(null, Object(Config\Cache), false)
 9 SYSTEMPATH\Boot.php(417): CodeIgniter\CodeIgniter->run()
10 SYSTEMPATH\Boot.php(68): CodeIgniter\Boot::runCodeIgniter(Object(CodeIgniter\CodeIgniter))
11 FCPATH\index.php(59): CodeIgniter\Boot::bootWeb(Object(Config\Paths))
WARNING - 2026-06-29 05:37:51 --> [DEPRECATED] Passing lowercase HTTP method "post" is deprecated. Use uppercase HTTP method like "POST". in SYSTEMPATH\Router\RouteCollection.php on line 1026.
 1 SYSTEMPATH\Router\RouteCollection.php(1026): trigger_error('Passing lowercase HTTP method "post" is deprecated. Use uppercase HTTP method like "POST".', 16384)
 2 APPPATH\Config\Routes.php(28): CodeIgniter\Router\RouteCollection->match([...], 'authenticate', 'Admin::authenticate')
 3 SYSTEMPATH\Router\RouteCollection.php(799): CodeIgniter\Router\RouteCollection->{closure}(Object(CodeIgniter\Router\RouteCollection))
 4 APPPATH\Config\Routes.php(25): CodeIgniter\Router\RouteCollection->group('admin', [...], Object(Closure))
 5 SYSTEMPATH\Router\RouteCollection.php(339): require('C:\\xampp\\htdocs\\myfoodblog\\app\\Config\\Routes.php')
 6 SYSTEMPATH\CodeIgniter.php(818): CodeIgniter\Router\RouteCollection->loadRoutes()
 7 SYSTEMPATH\CodeIgniter.php(441): CodeIgniter\CodeIgniter->tryToRouteIt(null)
 8 SYSTEMPATH\CodeIgniter.php(340): CodeIgniter\CodeIgniter->handleRequest(null, Object(Config\Cache), false)
 9 SYSTEMPATH\Boot.php(417): CodeIgniter\CodeIgniter->run()
10 SYSTEMPATH\Boot.php(68): CodeIgniter\Boot::runCodeIgniter(Object(CodeIgniter\CodeIgniter))
11 FCPATH\index.php(59): CodeIgniter\Boot::bootWeb(Object(Config\Paths))
DEBUG - 2026-06-29 05:37:51 --> Session: Class initialized using 'CodeIgniter\Session\Handlers\FileHandler' driver.
WARNING - 2026-06-29 05:37:52 --> [DEPRECATED] Passing lowercase HTTP method "get" is deprecated. Use uppercase HTTP method like "GET". in SYSTEMPATH\Router\RouteCollection.php on line 1026.
 1 SYSTEMPATH\Router\RouteCollection.php(1026): trigger_error('Passing lowercase HTTP method "get" is deprecated. Use uppercase HTTP method like "GET".', 16384)
 2 APPPATH\Config\Routes.php(28): CodeIgniter\Router\RouteCollection->match([...], 'authenticate', 'Admin::authenticate')
 3 SYSTEMPATH\Router\RouteCollection.php(799): CodeIgniter\Router\RouteCollection->{closure}(Object(CodeIgniter\Router\RouteCollection))
 4 APPPATH\Config\Routes.php(25): CodeIgniter\Router\RouteCollection->group('admin', [...], Object(Closure))
 5 SYSTEMPATH\Router\RouteCollection.php(339): require('C:\\xampp\\htdocs\\myfoodblog\\app\\Config\\Routes.php')
 6 SYSTEMPATH\CodeIgniter.php(818): CodeIgniter\Router\RouteCollection->loadRoutes()
 7 SYSTEMPATH\CodeIgniter.php(441): CodeIgniter\CodeIgniter->tryToRouteIt(null)
 8 SYSTEMPATH\CodeIgniter.php(340): CodeIgniter\CodeIgniter->handleRequest(null, Object(Config\Cache), false)
 9 SYSTEMPATH\Boot.php(417): CodeIgniter\CodeIgniter->run()
10 SYSTEMPATH\Boot.php(68): CodeIgniter\Boot::runCodeIgniter(Object(CodeIgniter\CodeIgniter))
11 FCPATH\index.php(59): CodeIgniter\Boot::bootWeb(Object(Config\Paths))
WARNING - 2026-06-29 05:37:52 --> [DEPRECATED] Passing lowercase HTTP method "post" is deprecated. Use uppercase HTTP method like "POST". in SYSTEMPATH\Router\RouteCollection.php on line 1026.
 1 SYSTEMPATH\Router\RouteCollection.php(1026): trigger_error('Passing lowercase HTTP method "post" is deprecated. Use uppercase HTTP method like "POST".', 16384)
 2 APPPATH\Config\Routes.php(28): CodeIgniter\Router\RouteCollection->match([...], 'authenticate', 'Admin::authenticate')
 3 SYSTEMPATH\Router\RouteCollection.php(799): CodeIgniter\Router\RouteCollection->{closure}(Object(CodeIgniter\Router\RouteCollection))
 4 APPPATH\Config\Routes.php(25): CodeIgniter\Router\RouteCollection->group('admin', [...], Object(Closure))
 5 SYSTEMPATH\Router\RouteCollection.php(339): require('C:\\xampp\\htdocs\\myfoodblog\\app\\Config\\Routes.php')
 6 SYSTEMPATH\CodeIgniter.php(818): CodeIgniter\Router\RouteCollection->loadRoutes()
 7 SYSTEMPATH\CodeIgniter.php(441): CodeIgniter\CodeIgniter->tryToRouteIt(null)
 8 SYSTEMPATH\CodeIgniter.php(340): CodeIgniter\CodeIgniter->handleRequest(null, Object(Config\Cache), false)
 9 SYSTEMPATH\Boot.php(417): CodeIgniter\CodeIgniter->run()
10 SYSTEMPATH\Boot.php(68): CodeIgniter\Boot::runCodeIgniter(Object(CodeIgniter\CodeIgniter))
11 FCPATH\index.php(59): CodeIgniter\Boot::bootWeb(Object(Config\Paths))
WARNING - 2026-06-29 05:37:52 --> [DEPRECATED] Passing lowercase HTTP method "get" is deprecated. Use uppercase HTTP method like "GET". in SYSTEMPATH\Router\RouteCollection.php on line 1026.
 1 SYSTEMPATH\Router\RouteCollection.php(1026): trigger_error('Passing lowercase HTTP method "get" is deprecated. Use uppercase HTTP method like "GET".', 16384)
 2 APPPATH\Config\Routes.php(28): CodeIgniter\Router\RouteCollection->match([...], 'authenticate', 'Admin::authenticate')
 3 SYSTEMPATH\Router\RouteCollection.php(799): CodeIgniter\Router\RouteCollection->{closure}(Object(CodeIgniter\Router\RouteCollection))
 4 APPPATH\Config\Routes.php(25): CodeIgniter\Router\RouteCollection->group('admin', [...], Object(Closure))
 5 SYSTEMPATH\Router\RouteCollection.php(339): require('C:\\xampp\\htdocs\\myfoodblog\\app\\Config\\Routes.php')
 6 SYSTEMPATH\CodeIgniter.php(818): CodeIgniter\Router\RouteCollection->loadRoutes()
 7 SYSTEMPATH\CodeIgniter.php(441): CodeIgniter\CodeIgniter->tryToRouteIt(null)
 8 SYSTEMPATH\CodeIgniter.php(340): CodeIgniter\CodeIgniter->handleRequest(null, Object(Config\Cache), false)
 9 SYSTEMPATH\Boot.php(417): CodeIgniter\CodeIgniter->run()
10 SYSTEMPATH\Boot.php(68): CodeIgniter\Boot::runCodeIgniter(Object(CodeIgniter\CodeIgniter))
11 FCPATH\index.php(59): CodeIgniter\Boot::bootWeb(Object(Config\Paths))
WARNING - 2026-06-29 05:37:52 --> [DEPRECATED] Passing lowercase HTTP method "post" is deprecated. Use uppercase HTTP method like "POST". in SYSTEMPATH\Router\RouteCollection.php on line 1026.
 1 SYSTEMPATH\Router\RouteCollection.php(1026): trigger_error('Passing lowercase HTTP method "post" is deprecated. Use uppercase HTTP method like "POST".', 16384)
 2 APPPATH\Config\Routes.php(28): CodeIgniter\Router\RouteCollection->match([...], 'authenticate', 'Admin::authenticate')
 3 SYSTEMPATH\Router\RouteCollection.php(799): CodeIgniter\Router\RouteCollection->{closure}(Object(CodeIgniter\Router\RouteCollection))
 4 APPPATH\Config\Routes.php(25): CodeIgniter\Router\RouteCollection->group('admin', [...], Object(Closure))
 5 SYSTEMPATH\Router\RouteCollection.php(339): require('C:\\xampp\\htdocs\\myfoodblog\\app\\Config\\Routes.php')
 6 SYSTEMPATH\CodeIgniter.php(818): CodeIgniter\Router\RouteCollection->loadRoutes()
 7 SYSTEMPATH\CodeIgniter.php(441): CodeIgniter\CodeIgniter->tryToRouteIt(null)
 8 SYSTEMPATH\CodeIgniter.php(340): CodeIgniter\CodeIgniter->handleRequest(null, Object(Config\Cache), false)
 9 SYSTEMPATH\Boot.php(417): CodeIgniter\CodeIgniter->run()
10 SYSTEMPATH\Boot.php(68): CodeIgniter\Boot::runCodeIgniter(Object(CodeIgniter\CodeIgniter))
11 FCPATH\index.php(59): CodeIgniter\Boot::bootWeb(Object(Config\Paths))
WARNING - 2026-06-29 05:38:04 --> [DEPRECATED] Passing lowercase HTTP method "get" is deprecated. Use uppercase HTTP method like "GET". in SYSTEMPATH\Router\RouteCollection.php on line 1026.
 1 SYSTEMPATH\Router\RouteCollection.php(1026): trigger_error('Passing lowercase HTTP method "get" is deprecated. Use uppercase HTTP method like "GET".', 16384)
 2 APPPATH\Config\Routes.php(28): CodeIgniter\Router\RouteCollection->match([...], 'authenticate', 'Admin::authenticate')
 3 SYSTEMPATH\Router\RouteCollection.php(799): CodeIgniter\Router\RouteCollection->{closure}(Object(CodeIgniter\Router\RouteCollection))
 4 APPPATH\Config\Routes.php(25): CodeIgniter\Router\RouteCollection->group('admin', [...], Object(Closure))
 5 SYSTEMPATH\Router\RouteCollection.php(339): require('C:\\xampp\\htdocs\\myfoodblog\\app\\Config\\Routes.php')
 6 SYSTEMPATH\CodeIgniter.php(818): CodeIgniter\Router\RouteCollection->loadRoutes()
 7 SYSTEMPATH\CodeIgniter.php(441): CodeIgniter\CodeIgniter->tryToRouteIt(null)
 8 SYSTEMPATH\CodeIgniter.php(340): CodeIgniter\CodeIgniter->handleRequest(null, Object(Config\Cache), false)
 9 SYSTEMPATH\Boot.php(417): CodeIgniter\CodeIgniter->run()
10 SYSTEMPATH\Boot.php(68): CodeIgniter\Boot::runCodeIgniter(Object(CodeIgniter\CodeIgniter))
11 FCPATH\index.php(59): CodeIgniter\Boot::bootWeb(Object(Config\Paths))
WARNING - 2026-06-29 05:38:04 --> [DEPRECATED] Passing lowercase HTTP method "post" is deprecated. Use uppercase HTTP method like "POST". in SYSTEMPATH\Router\RouteCollection.php on line 1026.
 1 SYSTEMPATH\Router\RouteCollection.php(1026): trigger_error('Passing lowercase HTTP method "post" is deprecated. Use uppercase HTTP method like "POST".', 16384)
 2 APPPATH\Config\Routes.php(28): CodeIgniter\Router\RouteCollection->match([...], 'authenticate', 'Admin::authenticate')
 3 SYSTEMPATH\Router\RouteCollection.php(799): CodeIgniter\Router\RouteCollection->{closure}(Object(CodeIgniter\Router\RouteCollection))
 4 APPPATH\Config\Routes.php(25): CodeIgniter\Router\RouteCollection->group('admin', [...], Object(Closure))
 5 SYSTEMPATH\Router\RouteCollection.php(339): require('C:\\xampp\\htdocs\\myfoodblog\\app\\Config\\Routes.php')
 6 SYSTEMPATH\CodeIgniter.php(818): CodeIgniter\Router\RouteCollection->loadRoutes()
 7 SYSTEMPATH\CodeIgniter.php(441): CodeIgniter\CodeIgniter->tryToRouteIt(null)
 8 SYSTEMPATH\CodeIgniter.php(340): CodeIgniter\CodeIgniter->handleRequest(null, Object(Config\Cache), false)
 9 SYSTEMPATH\Boot.php(417): CodeIgniter\CodeIgniter->run()
10 SYSTEMPATH\Boot.php(68): CodeIgniter\Boot::runCodeIgniter(Object(CodeIgniter\CodeIgniter))
11 FCPATH\index.php(59): CodeIgniter\Boot::bootWeb(Object(Config\Paths))
DEBUG - 2026-06-29 05:38:04 --> Session: Class initialized using 'CodeIgniter\Session\Handlers\FileHandler' driver.
WARNING - 2026-06-29 05:38:04 --> [DEPRECATED] Passing lowercase HTTP method "get" is deprecated. Use uppercase HTTP method like "GET". in SYSTEMPATH\Router\RouteCollection.php on line 1026.
 1 SYSTEMPATH\Router\RouteCollection.php(1026): trigger_error('Passing lowercase HTTP method "get" is deprecated. Use uppercase HTTP method like "GET".', 16384)
 2 APPPATH\Config\Routes.php(28): CodeIgniter\Router\RouteCollection->match([...], 'authenticate', 'Admin::authenticate')
 3 SYSTEMPATH\Router\RouteCollection.php(799): CodeIgniter\Router\RouteCollection->{closure}(Object(CodeIgniter\Router\RouteCollection))
 4 APPPATH\Config\Routes.php(25): CodeIgniter\Router\RouteCollection->group('admin', [...], Object(Closure))
 5 SYSTEMPATH\Router\RouteCollection.php(339): require('C:\\xampp\\htdocs\\myfoodblog\\app\\Config\\Routes.php')
 6 SYSTEMPATH\CodeIgniter.php(818): CodeIgniter\Router\RouteCollection->loadRoutes()
 7 SYSTEMPATH\CodeIgniter.php(441): CodeIgniter\CodeIgniter->tryToRouteIt(null)
 8 SYSTEMPATH\CodeIgniter.php(340): CodeIgniter\CodeIgniter->handleRequest(null, Object(Config\Cache), false)
 9 SYSTEMPATH\Boot.php(417): CodeIgniter\CodeIgniter->run()
10 SYSTEMPATH\Boot.php(68): CodeIgniter\Boot::runCodeIgniter(Object(CodeIgniter\CodeIgniter))
11 FCPATH\index.php(59): CodeIgniter\Boot::bootWeb(Object(Config\Paths))
WARNING - 2026-06-29 05:38:04 --> [DEPRECATED] Passing lowercase HTTP method "post" is deprecated. Use uppercase HTTP method like "POST". in SYSTEMPATH\Router\RouteCollection.php on line 1026.
 1 SYSTEMPATH\Router\RouteCollection.php(1026): trigger_error('Passing lowercase HTTP method "post" is deprecated. Use uppercase HTTP method like "POST".', 16384)
 2 APPPATH\Config\Routes.php(28): CodeIgniter\Router\RouteCollection->match([...], 'authenticate', 'Admin::authenticate')
 3 SYSTEMPATH\Router\RouteCollection.php(799): CodeIgniter\Router\RouteCollection->{closure}(Object(CodeIgniter\Router\RouteCollection))
 4 APPPATH\Config\Routes.php(25): CodeIgniter\Router\RouteCollection->group('admin', [...], Object(Closure))
 5 SYSTEMPATH\Router\RouteCollection.php(339): require('C:\\xampp\\htdocs\\myfoodblog\\app\\Config\\Routes.php')
 6 SYSTEMPATH\CodeIgniter.php(818): CodeIgniter\Router\RouteCollection->loadRoutes()
 7 SYSTEMPATH\CodeIgniter.php(441): CodeIgniter\CodeIgniter->tryToRouteIt(null)
 8 SYSTEMPATH\CodeIgniter.php(340): CodeIgniter\CodeIgniter->handleRequest(null, Object(Config\Cache), false)
 9 SYSTEMPATH\Boot.php(417): CodeIgniter\CodeIgniter->run()
10 SYSTEMPATH\Boot.php(68): CodeIgniter\Boot::runCodeIgniter(Object(CodeIgniter\CodeIgniter))
11 FCPATH\index.php(59): CodeIgniter\Boot::bootWeb(Object(Config\Paths))
WARNING - 2026-06-29 05:38:04 --> [DEPRECATED] Passing lowercase HTTP method "get" is deprecated. Use uppercase HTTP method like "GET". in SYSTEMPATH\Router\RouteCollection.php on line 1026.
 1 SYSTEMPATH\Router\RouteCollection.php(1026): trigger_error('Passing lowercase HTTP method "get" is deprecated. Use uppercase HTTP method like "GET".', 16384)
 2 APPPATH\Config\Routes.php(28): CodeIgniter\Router\RouteCollection->match([...], 'authenticate', 'Admin::authenticate')
 3 SYSTEMPATH\Router\RouteCollection.php(799): CodeIgniter\Router\RouteCollection->{closure}(Object(CodeIgniter\Router\RouteCollection))
 4 APPPATH\Config\Routes.php(25): CodeIgniter\Router\RouteCollection->group('admin', [...], Object(Closure))
 5 SYSTEMPATH\Router\RouteCollection.php(339): require('C:\\xampp\\htdocs\\myfoodblog\\app\\Config\\Routes.php')
 6 SYSTEMPATH\CodeIgniter.php(818): CodeIgniter\Router\RouteCollection->loadRoutes()
 7 SYSTEMPATH\CodeIgniter.php(441): CodeIgniter\CodeIgniter->tryToRouteIt(null)
 8 SYSTEMPATH\CodeIgniter.php(340): CodeIgniter\CodeIgniter->handleRequest(null, Object(Config\Cache), false)
 9 SYSTEMPATH\Boot.php(417): CodeIgniter\CodeIgniter->run()
10 SYSTEMPATH\Boot.php(68): CodeIgniter\Boot::runCodeIgniter(Object(CodeIgniter\CodeIgniter))
11 FCPATH\index.php(59): CodeIgniter\Boot::bootWeb(Object(Config\Paths))
WARNING - 2026-06-29 05:38:04 --> [DEPRECATED] Passing lowercase HTTP method "post" is deprecated. Use uppercase HTTP method like "POST". in SYSTEMPATH\Router\RouteCollection.php on line 1026.
 1 SYSTEMPATH\Router\RouteCollection.php(1026): trigger_error('Passing lowercase HTTP method "post" is deprecated. Use uppercase HTTP method like "POST".', 16384)
 2 APPPATH\Config\Routes.php(28): CodeIgniter\Router\RouteCollection->match([...], 'authenticate', 'Admin::authenticate')
 3 SYSTEMPATH\Router\RouteCollection.php(799): CodeIgniter\Router\RouteCollection->{closure}(Object(CodeIgniter\Router\RouteCollection))
 4 APPPATH\Config\Routes.php(25): CodeIgniter\Router\RouteCollection->group('admin', [...], Object(Closure))
 5 SYSTEMPATH\Router\RouteCollection.php(339): require('C:\\xampp\\htdocs\\myfoodblog\\app\\Config\\Routes.php')
 6 SYSTEMPATH\CodeIgniter.php(818): CodeIgniter\Router\RouteCollection->loadRoutes()
 7 SYSTEMPATH\CodeIgniter.php(441): CodeIgniter\CodeIgniter->tryToRouteIt(null)
 8 SYSTEMPATH\CodeIgniter.php(340): CodeIgniter\CodeIgniter->handleRequest(null, Object(Config\Cache), false)
 9 SYSTEMPATH\Boot.php(417): CodeIgniter\CodeIgniter->run()
10 SYSTEMPATH\Boot.php(68): CodeIgniter\Boot::runCodeIgniter(Object(CodeIgniter\CodeIgniter))
11 FCPATH\index.php(59): CodeIgniter\Boot::bootWeb(Object(Config\Paths))
WARNING - 2026-06-29 05:52:11 --> [DEPRECATED] Passing lowercase HTTP method "get" is deprecated. Use uppercase HTTP method like "GET". in SYSTEMPATH\Router\RouteCollection.php on line 1026.
 1 SYSTEMPATH\Router\RouteCollection.php(1026): trigger_error('Passing lowercase HTTP method "get" is deprecated. Use uppercase HTTP method like "GET".', 16384)
 2 APPPATH\Config\Routes.php(28): CodeIgniter\Router\RouteCollection->match([...], 'authenticate', 'Admin::authenticate')
 3 SYSTEMPATH\Router\RouteCollection.php(799): CodeIgniter\Router\RouteCollection->{closure}(Object(CodeIgniter\Router\RouteCollection))
 4 APPPATH\Config\Routes.php(25): CodeIgniter\Router\RouteCollection->group('admin', [...], Object(Closure))
 5 SYSTEMPATH\Router\RouteCollection.php(339): require('C:\\xampp\\htdocs\\myfoodblog\\app\\Config\\Routes.php')
 6 SYSTEMPATH\CodeIgniter.php(818): CodeIgniter\Router\RouteCollection->loadRoutes()
 7 SYSTEMPATH\CodeIgniter.php(441): CodeIgniter\CodeIgniter->tryToRouteIt(null)
 8 SYSTEMPATH\CodeIgniter.php(340): CodeIgniter\CodeIgniter->handleRequest(null, Object(Config\Cache), false)
 9 SYSTEMPATH\Boot.php(417): CodeIgniter\CodeIgniter->run()
10 SYSTEMPATH\Boot.php(68): CodeIgniter\Boot::runCodeIgniter(Object(CodeIgniter\CodeIgniter))
11 FCPATH\index.php(59): CodeIgniter\Boot::bootWeb(Object(Config\Paths))
WARNING - 2026-06-29 05:52:11 --> [DEPRECATED] Passing lowercase HTTP method "post" is deprecated. Use uppercase HTTP method like "POST". in SYSTEMPATH\Router\RouteCollection.php on line 1026.
 1 SYSTEMPATH\Router\RouteCollection.php(1026): trigger_error('Passing lowercase HTTP method "post" is deprecated. Use uppercase HTTP method like "POST".', 16384)
 2 APPPATH\Config\Routes.php(28): CodeIgniter\Router\RouteCollection->match([...], 'authenticate', 'Admin::authenticate')
 3 SYSTEMPATH\Router\RouteCollection.php(799): CodeIgniter\Router\RouteCollection->{closure}(Object(CodeIgniter\Router\RouteCollection))
 4 APPPATH\Config\Routes.php(25): CodeIgniter\Router\RouteCollection->group('admin', [...], Object(Closure))
 5 SYSTEMPATH\Router\RouteCollection.php(339): require('C:\\xampp\\htdocs\\myfoodblog\\app\\Config\\Routes.php')
 6 SYSTEMPATH\CodeIgniter.php(818): CodeIgniter\Router\RouteCollection->loadRoutes()
 7 SYSTEMPATH\CodeIgniter.php(441): CodeIgniter\CodeIgniter->tryToRouteIt(null)
 8 SYSTEMPATH\CodeIgniter.php(340): CodeIgniter\CodeIgniter->handleRequest(null, Object(Config\Cache), false)
 9 SYSTEMPATH\Boot.php(417): CodeIgniter\CodeIgniter->run()
10 SYSTEMPATH\Boot.php(68): CodeIgniter\Boot::runCodeIgniter(Object(CodeIgniter\CodeIgniter))
11 FCPATH\index.php(59): CodeIgniter\Boot::bootWeb(Object(Config\Paths))
DEBUG - 2026-06-29 05:52:11 --> Session: Class initialized using 'CodeIgniter\Session\Handlers\FileHandler' driver.
WARNING - 2026-06-29 05:52:11 --> [DEPRECATED] Passing lowercase HTTP method "get" is deprecated. Use uppercase HTTP method like "GET". in SYSTEMPATH\Router\RouteCollection.php on line 1026.
 1 SYSTEMPATH\Router\RouteCollection.php(1026): trigger_error('Passing lowercase HTTP method "get" is deprecated. Use uppercase HTTP method like "GET".', 16384)
 2 APPPATH\Config\Routes.php(28): CodeIgniter\Router\RouteCollection->match([...], 'authenticate', 'Admin::authenticate')
 3 SYSTEMPATH\Router\RouteCollection.php(799): CodeIgniter\Router\RouteCollection->{closure}(Object(CodeIgniter\Router\RouteCollection))
 4 APPPATH\Config\Routes.php(25): CodeIgniter\Router\RouteCollection->group('admin', [...], Object(Closure))
 5 SYSTEMPATH\Router\RouteCollection.php(339): require('C:\\xampp\\htdocs\\myfoodblog\\app\\Config\\Routes.php')
 6 SYSTEMPATH\CodeIgniter.php(818): CodeIgniter\Router\RouteCollection->loadRoutes()
 7 SYSTEMPATH\CodeIgniter.php(441): CodeIgniter\CodeIgniter->tryToRouteIt(null)
 8 SYSTEMPATH\CodeIgniter.php(340): CodeIgniter\CodeIgniter->handleRequest(null, Object(Config\Cache), false)
 9 SYSTEMPATH\Boot.php(417): CodeIgniter\CodeIgniter->run()
10 SYSTEMPATH\Boot.php(68): CodeIgniter\Boot::runCodeIgniter(Object(CodeIgniter\CodeIgniter))
11 FCPATH\index.php(59): CodeIgniter\Boot::bootWeb(Object(Config\Paths))
WARNING - 2026-06-29 05:52:11 --> [DEPRECATED] Passing lowercase HTTP method "post" is deprecated. Use uppercase HTTP method like "POST". in SYSTEMPATH\Router\RouteCollection.php on line 1026.
 1 SYSTEMPATH\Router\RouteCollection.php(1026): trigger_error('Passing lowercase HTTP method "post" is deprecated. Use uppercase HTTP method like "POST".', 16384)
 2 APPPATH\Config\Routes.php(28): CodeIgniter\Router\RouteCollection->match([...], 'authenticate', 'Admin::authenticate')
 3 SYSTEMPATH\Router\RouteCollection.php(799): CodeIgniter\Router\RouteCollection->{closure}(Object(CodeIgniter\Router\RouteCollection))
 4 APPPATH\Config\Routes.php(25): CodeIgniter\Router\RouteCollection->group('admin', [...], Object(Closure))
 5 SYSTEMPATH\Router\RouteCollection.php(339): require('C:\\xampp\\htdocs\\myfoodblog\\app\\Config\\Routes.php')
 6 SYSTEMPATH\CodeIgniter.php(818): CodeIgniter\Router\RouteCollection->loadRoutes()
 7 SYSTEMPATH\CodeIgniter.php(441): CodeIgniter\CodeIgniter->tryToRouteIt(null)
 8 SYSTEMPATH\CodeIgniter.php(340): CodeIgniter\CodeIgniter->handleRequest(null, Object(Config\Cache), false)
 9 SYSTEMPATH\Boot.php(417): CodeIgniter\CodeIgniter->run()
10 SYSTEMPATH\Boot.php(68): CodeIgniter\Boot::runCodeIgniter(Object(CodeIgniter\CodeIgniter))
11 FCPATH\index.php(59): CodeIgniter\Boot::bootWeb(Object(Config\Paths))
WARNING - 2026-06-29 05:52:12 --> [DEPRECATED] Passing lowercase HTTP method "get" is deprecated. Use uppercase HTTP method like "GET". in SYSTEMPATH\Router\RouteCollection.php on line 1026.
 1 SYSTEMPATH\Router\RouteCollection.php(1026): trigger_error('Passing lowercase HTTP method "get" is deprecated. Use uppercase HTTP method like "GET".', 16384)
 2 APPPATH\Config\Routes.php(28): CodeIgniter\Router\RouteCollection->match([...], 'authenticate', 'Admin::authenticate')
 3 SYSTEMPATH\Router\RouteCollection.php(799): CodeIgniter\Router\RouteCollection->{closure}(Object(CodeIgniter\Router\RouteCollection))
 4 APPPATH\Config\Routes.php(25): CodeIgniter\Router\RouteCollection->group('admin', [...], Object(Closure))
 5 SYSTEMPATH\Router\RouteCollection.php(339): require('C:\\xampp\\htdocs\\myfoodblog\\app\\Config\\Routes.php')
 6 SYSTEMPATH\CodeIgniter.php(818): CodeIgniter\Router\RouteCollection->loadRoutes()
 7 SYSTEMPATH\CodeIgniter.php(441): CodeIgniter\CodeIgniter->tryToRouteIt(null)
 8 SYSTEMPATH\CodeIgniter.php(340): CodeIgniter\CodeIgniter->handleRequest(null, Object(Config\Cache), false)
 9 SYSTEMPATH\Boot.php(417): CodeIgniter\CodeIgniter->run()
10 SYSTEMPATH\Boot.php(68): CodeIgniter\Boot::runCodeIgniter(Object(CodeIgniter\CodeIgniter))
11 FCPATH\index.php(59): CodeIgniter\Boot::bootWeb(Object(Config\Paths))
WARNING - 2026-06-29 05:52:12 --> [DEPRECATED] Passing lowercase HTTP method "post" is deprecated. Use uppercase HTTP method like "POST". in SYSTEMPATH\Router\RouteCollection.php on line 1026.
 1 SYSTEMPATH\Router\RouteCollection.php(1026): trigger_error('Passing lowercase HTTP method "post" is deprecated. Use uppercase HTTP method like "POST".', 16384)
 2 APPPATH\Config\Routes.php(28): CodeIgniter\Router\RouteCollection->match([...], 'authenticate', 'Admin::authenticate')
 3 SYSTEMPATH\Router\RouteCollection.php(799): CodeIgniter\Router\RouteCollection->{closure}(Object(CodeIgniter\Router\RouteCollection))
 4 APPPATH\Config\Routes.php(25): CodeIgniter\Router\RouteCollection->group('admin', [...], Object(Closure))
 5 SYSTEMPATH\Router\RouteCollection.php(339): require('C:\\xampp\\htdocs\\myfoodblog\\app\\Config\\Routes.php')
 6 SYSTEMPATH\CodeIgniter.php(818): CodeIgniter\Router\RouteCollection->loadRoutes()
 7 SYSTEMPATH\CodeIgniter.php(441): CodeIgniter\CodeIgniter->tryToRouteIt(null)
 8 SYSTEMPATH\CodeIgniter.php(340): CodeIgniter\CodeIgniter->handleRequest(null, Object(Config\Cache), false)
 9 SYSTEMPATH\Boot.php(417): CodeIgniter\CodeIgniter->run()
10 SYSTEMPATH\Boot.php(68): CodeIgniter\Boot::runCodeIgniter(Object(CodeIgniter\CodeIgniter))
11 FCPATH\index.php(59): CodeIgniter\Boot::bootWeb(Object(Config\Paths))
WARNING - 2026-06-29 05:52:15 --> [DEPRECATED] Passing lowercase HTTP method "get" is deprecated. Use uppercase HTTP method like "GET". in SYSTEMPATH\Router\RouteCollection.php on line 1026.
 1 SYSTEMPATH\Router\RouteCollection.php(1026): trigger_error('Passing lowercase HTTP method "get" is deprecated. Use uppercase HTTP method like "GET".', 16384)
 2 APPPATH\Config\Routes.php(28): CodeIgniter\Router\RouteCollection->match([...], 'authenticate', 'Admin::authenticate')
 3 SYSTEMPATH\Router\RouteCollection.php(799): CodeIgniter\Router\RouteCollection->{closure}(Object(CodeIgniter\Router\RouteCollection))
 4 APPPATH\Config\Routes.php(25): CodeIgniter\Router\RouteCollection->group('admin', [...], Object(Closure))
 5 SYSTEMPATH\Router\RouteCollection.php(339): require('C:\\xampp\\htdocs\\myfoodblog\\app\\Config\\Routes.php')
 6 SYSTEMPATH\CodeIgniter.php(818): CodeIgniter\Router\RouteCollection->loadRoutes()
 7 SYSTEMPATH\CodeIgniter.php(441): CodeIgniter\CodeIgniter->tryToRouteIt(null)
 8 SYSTEMPATH\CodeIgniter.php(340): CodeIgniter\CodeIgniter->handleRequest(null, Object(Config\Cache), false)
 9 SYSTEMPATH\Boot.php(417): CodeIgniter\CodeIgniter->run()
10 SYSTEMPATH\Boot.php(68): CodeIgniter\Boot::runCodeIgniter(Object(CodeIgniter\CodeIgniter))
11 FCPATH\index.php(59): CodeIgniter\Boot::bootWeb(Object(Config\Paths))
WARNING - 2026-06-29 05:52:15 --> [DEPRECATED] Passing lowercase HTTP method "post" is deprecated. Use uppercase HTTP method like "POST". in SYSTEMPATH\Router\RouteCollection.php on line 1026.
 1 SYSTEMPATH\Router\RouteCollection.php(1026): trigger_error('Passing lowercase HTTP method "post" is deprecated. Use uppercase HTTP method like "POST".', 16384)
 2 APPPATH\Config\Routes.php(28): CodeIgniter\Router\RouteCollection->match([...], 'authenticate', 'Admin::authenticate')
 3 SYSTEMPATH\Router\RouteCollection.php(799): CodeIgniter\Router\RouteCollection->{closure}(Object(CodeIgniter\Router\RouteCollection))
 4 APPPATH\Config\Routes.php(25): CodeIgniter\Router\RouteCollection->group('admin', [...], Object(Closure))
 5 SYSTEMPATH\Router\RouteCollection.php(339): require('C:\\xampp\\htdocs\\myfoodblog\\app\\Config\\Routes.php')
 6 SYSTEMPATH\CodeIgniter.php(818): CodeIgniter\Router\RouteCollection->loadRoutes()
 7 SYSTEMPATH\CodeIgniter.php(441): CodeIgniter\CodeIgniter->tryToRouteIt(null)
 8 SYSTEMPATH\CodeIgniter.php(340): CodeIgniter\CodeIgniter->handleRequest(null, Object(Config\Cache), false)
 9 SYSTEMPATH\Boot.php(417): CodeIgniter\CodeIgniter->run()
10 SYSTEMPATH\Boot.php(68): CodeIgniter\Boot::runCodeIgniter(Object(CodeIgniter\CodeIgniter))
11 FCPATH\index.php(59): CodeIgniter\Boot::bootWeb(Object(Config\Paths))
DEBUG - 2026-06-29 05:52:15 --> Session: Class initialized using 'CodeIgniter\Session\Handlers\FileHandler' driver.
WARNING - 2026-06-29 05:52:15 --> [DEPRECATED] Passing lowercase HTTP method "get" is deprecated. Use uppercase HTTP method like "GET". in SYSTEMPATH\Router\RouteCollection.php on line 1026.
 1 SYSTEMPATH\Router\RouteCollection.php(1026): trigger_error('Passing lowercase HTTP method "get" is deprecated. Use uppercase HTTP method like "GET".', 16384)
 2 APPPATH\Config\Routes.php(28): CodeIgniter\Router\RouteCollection->match([...], 'authenticate', 'Admin::authenticate')
 3 SYSTEMPATH\Router\RouteCollection.php(799): CodeIgniter\Router\RouteCollection->{closure}(Object(CodeIgniter\Router\RouteCollection))
 4 APPPATH\Config\Routes.php(25): CodeIgniter\Router\RouteCollection->group('admin', [...], Object(Closure))
 5 SYSTEMPATH\Router\RouteCollection.php(339): require('C:\\xampp\\htdocs\\myfoodblog\\app\\Config\\Routes.php')
 6 SYSTEMPATH\CodeIgniter.php(818): CodeIgniter\Router\RouteCollection->loadRoutes()
 7 SYSTEMPATH\CodeIgniter.php(441): CodeIgniter\CodeIgniter->tryToRouteIt(null)
 8 SYSTEMPATH\CodeIgniter.php(340): CodeIgniter\CodeIgniter->handleRequest(null, Object(Config\Cache), false)
 9 SYSTEMPATH\Boot.php(417): CodeIgniter\CodeIgniter->run()
10 SYSTEMPATH\Boot.php(68): CodeIgniter\Boot::runCodeIgniter(Object(CodeIgniter\CodeIgniter))
11 FCPATH\index.php(59): CodeIgniter\Boot::bootWeb(Object(Config\Paths))
WARNING - 2026-06-29 05:52:15 --> [DEPRECATED] Passing lowercase HTTP method "get" is deprecated. Use uppercase HTTP method like "GET". in SYSTEMPATH\Router\RouteCollection.php on line 1026.
 1 SYSTEMPATH\Router\RouteCollection.php(1026): trigger_error('Passing lowercase HTTP method "get" is deprecated. Use uppercase HTTP method like "GET".', 16384)
 2 APPPATH\Config\Routes.php(28): CodeIgniter\Router\RouteCollection->match([...], 'authenticate', 'Admin::authenticate')
 3 SYSTEMPATH\Router\RouteCollection.php(799): CodeIgniter\Router\RouteCollection->{closure}(Object(CodeIgniter\Router\RouteCollection))
 4 APPPATH\Config\Routes.php(25): CodeIgniter\Router\RouteCollection->group('admin', [...], Object(Closure))
 5 SYSTEMPATH\Router\RouteCollection.php(339): require('C:\\xampp\\htdocs\\myfoodblog\\app\\Config\\Routes.php')
 6 SYSTEMPATH\CodeIgniter.php(818): CodeIgniter\Router\RouteCollection->loadRoutes()
 7 SYSTEMPATH\CodeIgniter.php(441): CodeIgniter\CodeIgniter->tryToRouteIt(null)
 8 SYSTEMPATH\CodeIgniter.php(340): CodeIgniter\CodeIgniter->handleRequest(null, Object(Config\Cache), false)
 9 SYSTEMPATH\Boot.php(417): CodeIgniter\CodeIgniter->run()
10 SYSTEMPATH\Boot.php(68): CodeIgniter\Boot::runCodeIgniter(Object(CodeIgniter\CodeIgniter))
11 FCPATH\index.php(59): CodeIgniter\Boot::bootWeb(Object(Config\Paths))
WARNING - 2026-06-29 05:52:15 --> [DEPRECATED] Passing lowercase HTTP method "post" is deprecated. Use uppercase HTTP method like "POST". in SYSTEMPATH\Router\RouteCollection.php on line 1026.
 1 SYSTEMPATH\Router\RouteCollection.php(1026): trigger_error('Passing lowercase HTTP method "post" is deprecated. Use uppercase HTTP method like "POST".', 16384)
 2 APPPATH\Config\Routes.php(28): CodeIgniter\Router\RouteCollection->match([...], 'authenticate', 'Admin::authenticate')
 3 SYSTEMPATH\Router\RouteCollection.php(799): CodeIgniter\Router\RouteCollection->{closure}(Object(CodeIgniter\Router\RouteCollection))
 4 APPPATH\Config\Routes.php(25): CodeIgniter\Router\RouteCollection->group('admin', [...], Object(Closure))
 5 SYSTEMPATH\Router\RouteCollection.php(339): require('C:\\xampp\\htdocs\\myfoodblog\\app\\Config\\Routes.php')
 6 SYSTEMPATH\CodeIgniter.php(818): CodeIgniter\Router\RouteCollection->loadRoutes()
 7 SYSTEMPATH\CodeIgniter.php(441): CodeIgniter\CodeIgniter->tryToRouteIt(null)
 8 SYSTEMPATH\CodeIgniter.php(340): CodeIgniter\CodeIgniter->handleRequest(null, Object(Config\Cache), false)
 9 SYSTEMPATH\Boot.php(417): CodeIgniter\CodeIgniter->run()
10 SYSTEMPATH\Boot.php(68): CodeIgniter\Boot::runCodeIgniter(Object(CodeIgniter\CodeIgniter))
11 FCPATH\index.php(59): CodeIgniter\Boot::bootWeb(Object(Config\Paths))
WARNING - 2026-06-29 05:52:15 --> [DEPRECATED] Passing lowercase HTTP method "post" is deprecated. Use uppercase HTTP method like "POST". in SYSTEMPATH\Router\RouteCollection.php on line 1026.
 1 SYSTEMPATH\Router\RouteCollection.php(1026): trigger_error('Passing lowercase HTTP method "post" is deprecated. Use uppercase HTTP method like "POST".', 16384)
 2 APPPATH\Config\Routes.php(28): CodeIgniter\Router\RouteCollection->match([...], 'authenticate', 'Admin::authenticate')
 3 SYSTEMPATH\Router\RouteCollection.php(799): CodeIgniter\Router\RouteCollection->{closure}(Object(CodeIgniter\Router\RouteCollection))
 4 APPPATH\Config\Routes.php(25): CodeIgniter\Router\RouteCollection->group('admin', [...], Object(Closure))
 5 SYSTEMPATH\Router\RouteCollection.php(339): require('C:\\xampp\\htdocs\\myfoodblog\\app\\Config\\Routes.php')
 6 SYSTEMPATH\CodeIgniter.php(818): CodeIgniter\Router\RouteCollection->loadRoutes()
 7 SYSTEMPATH\CodeIgniter.php(441): CodeIgniter\CodeIgniter->tryToRouteIt(null)
 8 SYSTEMPATH\CodeIgniter.php(340): CodeIgniter\CodeIgniter->handleRequest(null, Object(Config\Cache), false)
 9 SYSTEMPATH\Boot.php(417): CodeIgniter\CodeIgniter->run()
10 SYSTEMPATH\Boot.php(68): CodeIgniter\Boot::runCodeIgniter(Object(CodeIgniter\CodeIgniter))
11 FCPATH\index.php(59): CodeIgniter\Boot::bootWeb(Object(Config\Paths))
WARNING - 2026-06-29 05:52:17 --> [DEPRECATED] Passing lowercase HTTP method "get" is deprecated. Use uppercase HTTP method like "GET". in SYSTEMPATH\Router\RouteCollection.php on line 1026.
 1 SYSTEMPATH\Router\RouteCollection.php(1026): trigger_error('Passing lowercase HTTP method "get" is deprecated. Use uppercase HTTP method like "GET".', 16384)
 2 APPPATH\Config\Routes.php(28): CodeIgniter\Router\RouteCollection->match([...], 'authenticate', 'Admin::authenticate')
 3 SYSTEMPATH\Router\RouteCollection.php(799): CodeIgniter\Router\RouteCollection->{closure}(Object(CodeIgniter\Router\RouteCollection))
 4 APPPATH\Config\Routes.php(25): CodeIgniter\Router\RouteCollection->group('admin', [...], Object(Closure))
 5 SYSTEMPATH\Router\RouteCollection.php(339): require('C:\\xampp\\htdocs\\myfoodblog\\app\\Config\\Routes.php')
 6 SYSTEMPATH\CodeIgniter.php(818): CodeIgniter\Router\RouteCollection->loadRoutes()
 7 SYSTEMPATH\CodeIgniter.php(441): CodeIgniter\CodeIgniter->tryToRouteIt(null)
 8 SYSTEMPATH\CodeIgniter.php(340): CodeIgniter\CodeIgniter->handleRequest(null, Object(Config\Cache), false)
 9 SYSTEMPATH\Boot.php(417): CodeIgniter\CodeIgniter->run()
10 SYSTEMPATH\Boot.php(68): CodeIgniter\Boot::runCodeIgniter(Object(CodeIgniter\CodeIgniter))
11 FCPATH\index.php(59): CodeIgniter\Boot::bootWeb(Object(Config\Paths))
WARNING - 2026-06-29 05:52:17 --> [DEPRECATED] Passing lowercase HTTP method "post" is deprecated. Use uppercase HTTP method like "POST". in SYSTEMPATH\Router\RouteCollection.php on line 1026.
 1 SYSTEMPATH\Router\RouteCollection.php(1026): trigger_error('Passing lowercase HTTP method "post" is deprecated. Use uppercase HTTP method like "POST".', 16384)
 2 APPPATH\Config\Routes.php(28): CodeIgniter\Router\RouteCollection->match([...], 'authenticate', 'Admin::authenticate')
 3 SYSTEMPATH\Router\RouteCollection.php(799): CodeIgniter\Router\RouteCollection->{closure}(Object(CodeIgniter\Router\RouteCollection))
 4 APPPATH\Config\Routes.php(25): CodeIgniter\Router\RouteCollection->group('admin', [...], Object(Closure))
 5 SYSTEMPATH\Router\RouteCollection.php(339): require('C:\\xampp\\htdocs\\myfoodblog\\app\\Config\\Routes.php')
 6 SYSTEMPATH\CodeIgniter.php(818): CodeIgniter\Router\RouteCollection->loadRoutes()
 7 SYSTEMPATH\CodeIgniter.php(441): CodeIgniter\CodeIgniter->tryToRouteIt(null)
 8 SYSTEMPATH\CodeIgniter.php(340): CodeIgniter\CodeIgniter->handleRequest(null, Object(Config\Cache), false)
 9 SYSTEMPATH\Boot.php(417): CodeIgniter\CodeIgniter->run()
10 SYSTEMPATH\Boot.php(68): CodeIgniter\Boot::runCodeIgniter(Object(CodeIgniter\CodeIgniter))
11 FCPATH\index.php(59): CodeIgniter\Boot::bootWeb(Object(Config\Paths))
DEBUG - 2026-06-29 05:52:17 --> Session: Class initialized using 'CodeIgniter\Session\Handlers\FileHandler' driver.
WARNING - 2026-06-29 05:52:17 --> [DEPRECATED] Passing lowercase HTTP method "get" is deprecated. Use uppercase HTTP method like "GET". in SYSTEMPATH\Router\RouteCollection.php on line 1026.
 1 SYSTEMPATH\Router\RouteCollection.php(1026): trigger_error('Passing lowercase HTTP method "get" is deprecated. Use uppercase HTTP method like "GET".', 16384)
 2 APPPATH\Config\Routes.php(28): CodeIgniter\Router\RouteCollection->match([...], 'authenticate', 'Admin::authenticate')
 3 SYSTEMPATH\Router\RouteCollection.php(799): CodeIgniter\Router\RouteCollection->{closure}(Object(CodeIgniter\Router\RouteCollection))
 4 APPPATH\Config\Routes.php(25): CodeIgniter\Router\RouteCollection->group('admin', [...], Object(Closure))
 5 SYSTEMPATH\Router\RouteCollection.php(339): require('C:\\xampp\\htdocs\\myfoodblog\\app\\Config\\Routes.php')
 6 SYSTEMPATH\CodeIgniter.php(818): CodeIgniter\Router\RouteCollection->loadRoutes()
 7 SYSTEMPATH\CodeIgniter.php(441): CodeIgniter\CodeIgniter->tryToRouteIt(null)
 8 SYSTEMPATH\CodeIgniter.php(340): CodeIgniter\CodeIgniter->handleRequest(null, Object(Config\Cache), false)
 9 SYSTEMPATH\Boot.php(417): CodeIgniter\CodeIgniter->run()
10 SYSTEMPATH\Boot.php(68): CodeIgniter\Boot::runCodeIgniter(Object(CodeIgniter\CodeIgniter))
11 FCPATH\index.php(59): CodeIgniter\Boot::bootWeb(Object(Config\Paths))
WARNING - 2026-06-29 05:52:17 --> [DEPRECATED] Passing lowercase HTTP method "post" is deprecated. Use uppercase HTTP method like "POST". in SYSTEMPATH\Router\RouteCollection.php on line 1026.
 1 SYSTEMPATH\Router\RouteCollection.php(1026): trigger_error('Passing lowercase HTTP method "post" is deprecated. Use uppercase HTTP method like "POST".', 16384)
 2 APPPATH\Config\Routes.php(28): CodeIgniter\Router\RouteCollection->match([...], 'authenticate', 'Admin::authenticate')
 3 SYSTEMPATH\Router\RouteCollection.php(799): CodeIgniter\Router\RouteCollection->{closure}(Object(CodeIgniter\Router\RouteCollection))
 4 APPPATH\Config\Routes.php(25): CodeIgniter\Router\RouteCollection->group('admin', [...], Object(Closure))
 5 SYSTEMPATH\Router\RouteCollection.php(339): require('C:\\xampp\\htdocs\\myfoodblog\\app\\Config\\Routes.php')
 6 SYSTEMPATH\CodeIgniter.php(818): CodeIgniter\Router\RouteCollection->loadRoutes()
 7 SYSTEMPATH\CodeIgniter.php(441): CodeIgniter\CodeIgniter->tryToRouteIt(null)
 8 SYSTEMPATH\CodeIgniter.php(340): CodeIgniter\CodeIgniter->handleRequest(null, Object(Config\Cache), false)
 9 SYSTEMPATH\Boot.php(417): CodeIgniter\CodeIgniter->run()
10 SYSTEMPATH\Boot.php(68): CodeIgniter\Boot::runCodeIgniter(Object(CodeIgniter\CodeIgniter))
11 FCPATH\index.php(59): CodeIgniter\Boot::bootWeb(Object(Config\Paths))
WARNING - 2026-06-29 05:52:17 --> [DEPRECATED] Passing lowercase HTTP method "get" is deprecated. Use uppercase HTTP method like "GET". in SYSTEMPATH\Router\RouteCollection.php on line 1026.
 1 SYSTEMPATH\Router\RouteCollection.php(1026): trigger_error('Passing lowercase HTTP method "get" is deprecated. Use uppercase HTTP method like "GET".', 16384)
 2 APPPATH\Config\Routes.php(28): CodeIgniter\Router\RouteCollection->match([...], 'authenticate', 'Admin::authenticate')
 3 SYSTEMPATH\Router\RouteCollection.php(799): CodeIgniter\Router\RouteCollection->{closure}(Object(CodeIgniter\Router\RouteCollection))
 4 APPPATH\Config\Routes.php(25): CodeIgniter\Router\RouteCollection->group('admin', [...], Object(Closure))
 5 SYSTEMPATH\Router\RouteCollection.php(339): require('C:\\xampp\\htdocs\\myfoodblog\\app\\Config\\Routes.php')
 6 SYSTEMPATH\CodeIgniter.php(818): CodeIgniter\Router\RouteCollection->loadRoutes()
 7 SYSTEMPATH\CodeIgniter.php(441): CodeIgniter\CodeIgniter->tryToRouteIt(null)
 8 SYSTEMPATH\CodeIgniter.php(340): CodeIgniter\CodeIgniter->handleRequest(null, Object(Config\Cache), false)
 9 SYSTEMPATH\Boot.php(417): CodeIgniter\CodeIgniter->run()
10 SYSTEMPATH\Boot.php(68): CodeIgniter\Boot::runCodeIgniter(Object(CodeIgniter\CodeIgniter))
11 FCPATH\index.php(59): CodeIgniter\Boot::bootWeb(Object(Config\Paths))
WARNING - 2026-06-29 05:52:17 --> [DEPRECATED] Passing lowercase HTTP method "post" is deprecated. Use uppercase HTTP method like "POST". in SYSTEMPATH\Router\RouteCollection.php on line 1026.
 1 SYSTEMPATH\Router\RouteCollection.php(1026): trigger_error('Passing lowercase HTTP method "post" is deprecated. Use uppercase HTTP method like "POST".', 16384)
 2 APPPATH\Config\Routes.php(28): CodeIgniter\Router\RouteCollection->match([...], 'authenticate', 'Admin::authenticate')
 3 SYSTEMPATH\Router\RouteCollection.php(799): CodeIgniter\Router\RouteCollection->{closure}(Object(CodeIgniter\Router\RouteCollection))
 4 APPPATH\Config\Routes.php(25): CodeIgniter\Router\RouteCollection->group('admin', [...], Object(Closure))
 5 SYSTEMPATH\Router\RouteCollection.php(339): require('C:\\xampp\\htdocs\\myfoodblog\\app\\Config\\Routes.php')
 6 SYSTEMPATH\CodeIgniter.php(818): CodeIgniter\Router\RouteCollection->loadRoutes()
 7 SYSTEMPATH\CodeIgniter.php(441): CodeIgniter\CodeIgniter->tryToRouteIt(null)
 8 SYSTEMPATH\CodeIgniter.php(340): CodeIgniter\CodeIgniter->handleRequest(null, Object(Config\Cache), false)
 9 SYSTEMPATH\Boot.php(417): CodeIgniter\CodeIgniter->run()
10 SYSTEMPATH\Boot.php(68): CodeIgniter\Boot::runCodeIgniter(Object(CodeIgniter\CodeIgniter))
11 FCPATH\index.php(59): CodeIgniter\Boot::bootWeb(Object(Config\Paths))
WARNING - 2026-06-29 05:58:32 --> [DEPRECATED] Passing lowercase HTTP method "get" is deprecated. Use uppercase HTTP method like "GET". in SYSTEMPATH\Router\RouteCollection.php on line 1026.
 1 SYSTEMPATH\Router\RouteCollection.php(1026): trigger_error('Passing lowercase HTTP method "get" is deprecated. Use uppercase HTTP method like "GET".', 16384)
 2 APPPATH\Config\Routes.php(28): CodeIgniter\Router\RouteCollection->match([...], 'authenticate', 'Admin::authenticate')
 3 SYSTEMPATH\Router\RouteCollection.php(799): CodeIgniter\Router\RouteCollection->{closure}(Object(CodeIgniter\Router\RouteCollection))
 4 APPPATH\Config\Routes.php(25): CodeIgniter\Router\RouteCollection->group('admin', [...], Object(Closure))
 5 SYSTEMPATH\Router\RouteCollection.php(339): require('C:\\xampp\\htdocs\\myfoodblog\\app\\Config\\Routes.php')
 6 SYSTEMPATH\CodeIgniter.php(818): CodeIgniter\Router\RouteCollection->loadRoutes()
 7 SYSTEMPATH\CodeIgniter.php(441): CodeIgniter\CodeIgniter->tryToRouteIt(null)
 8 SYSTEMPATH\CodeIgniter.php(340): CodeIgniter\CodeIgniter->handleRequest(null, Object(Config\Cache), false)
 9 SYSTEMPATH\Boot.php(417): CodeIgniter\CodeIgniter->run()
10 SYSTEMPATH\Boot.php(68): CodeIgniter\Boot::runCodeIgniter(Object(CodeIgniter\CodeIgniter))
11 FCPATH\index.php(59): CodeIgniter\Boot::bootWeb(Object(Config\Paths))
WARNING - 2026-06-29 05:58:32 --> [DEPRECATED] Passing lowercase HTTP method "post" is deprecated. Use uppercase HTTP method like "POST". in SYSTEMPATH\Router\RouteCollection.php on line 1026.
 1 SYSTEMPATH\Router\RouteCollection.php(1026): trigger_error('Passing lowercase HTTP method "post" is deprecated. Use uppercase HTTP method like "POST".', 16384)
 2 APPPATH\Config\Routes.php(28): CodeIgniter\Router\RouteCollection->match([...], 'authenticate', 'Admin::authenticate')
 3 SYSTEMPATH\Router\RouteCollection.php(799): CodeIgniter\Router\RouteCollection->{closure}(Object(CodeIgniter\Router\RouteCollection))
 4 APPPATH\Config\Routes.php(25): CodeIgniter\Router\RouteCollection->group('admin', [...], Object(Closure))
 5 SYSTEMPATH\Router\RouteCollection.php(339): require('C:\\xampp\\htdocs\\myfoodblog\\app\\Config\\Routes.php')
 6 SYSTEMPATH\CodeIgniter.php(818): CodeIgniter\Router\RouteCollection->loadRoutes()
 7 SYSTEMPATH\CodeIgniter.php(441): CodeIgniter\CodeIgniter->tryToRouteIt(null)
 8 SYSTEMPATH\CodeIgniter.php(340): CodeIgniter\CodeIgniter->handleRequest(null, Object(Config\Cache), false)
 9 SYSTEMPATH\Boot.php(417): CodeIgniter\CodeIgniter->run()
10 SYSTEMPATH\Boot.php(68): CodeIgniter\Boot::runCodeIgniter(Object(CodeIgniter\CodeIgniter))
11 FCPATH\index.php(59): CodeIgniter\Boot::bootWeb(Object(Config\Paths))
DEBUG - 2026-06-29 05:58:32 --> Session: Class initialized using 'CodeIgniter\Session\Handlers\FileHandler' driver.
WARNING - 2026-06-29 05:58:32 --> [DEPRECATED] Passing lowercase HTTP method "get" is deprecated. Use uppercase HTTP method like "GET". in SYSTEMPATH\Router\RouteCollection.php on line 1026.
 1 SYSTEMPATH\Router\RouteCollection.php(1026): trigger_error('Passing lowercase HTTP method "get" is deprecated. Use uppercase HTTP method like "GET".', 16384)
 2 APPPATH\Config\Routes.php(28): CodeIgniter\Router\RouteCollection->match([...], 'authenticate', 'Admin::authenticate')
 3 SYSTEMPATH\Router\RouteCollection.php(799): CodeIgniter\Router\RouteCollection->{closure}(Object(CodeIgniter\Router\RouteCollection))
 4 APPPATH\Config\Routes.php(25): CodeIgniter\Router\RouteCollection->group('admin', [...], Object(Closure))
 5 SYSTEMPATH\Router\RouteCollection.php(339): require('C:\\xampp\\htdocs\\myfoodblog\\app\\Config\\Routes.php')
 6 SYSTEMPATH\CodeIgniter.php(818): CodeIgniter\Router\RouteCollection->loadRoutes()
 7 SYSTEMPATH\CodeIgniter.php(441): CodeIgniter\CodeIgniter->tryToRouteIt(null)
 8 SYSTEMPATH\CodeIgniter.php(340): CodeIgniter\CodeIgniter->handleRequest(null, Object(Config\Cache), false)
 9 SYSTEMPATH\Boot.php(417): CodeIgniter\CodeIgniter->run()
10 SYSTEMPATH\Boot.php(68): CodeIgniter\Boot::runCodeIgniter(Object(CodeIgniter\CodeIgniter))
11 FCPATH\index.php(59): CodeIgniter\Boot::bootWeb(Object(Config\Paths))
WARNING - 2026-06-29 05:58:32 --> [DEPRECATED] Passing lowercase HTTP method "post" is deprecated. Use uppercase HTTP method like "POST". in SYSTEMPATH\Router\RouteCollection.php on line 1026.
 1 SYSTEMPATH\Router\RouteCollection.php(1026): trigger_error('Passing lowercase HTTP method "post" is deprecated. Use uppercase HTTP method like "POST".', 16384)
 2 APPPATH\Config\Routes.php(28): CodeIgniter\Router\RouteCollection->match([...], 'authenticate', 'Admin::authenticate')
 3 SYSTEMPATH\Router\RouteCollection.php(799): CodeIgniter\Router\RouteCollection->{closure}(Object(CodeIgniter\Router\RouteCollection))
 4 APPPATH\Config\Routes.php(25): CodeIgniter\Router\RouteCollection->group('admin', [...], Object(Closure))
 5 SYSTEMPATH\Router\RouteCollection.php(339): require('C:\\xampp\\htdocs\\myfoodblog\\app\\Config\\Routes.php')
 6 SYSTEMPATH\CodeIgniter.php(818): CodeIgniter\Router\RouteCollection->loadRoutes()
 7 SYSTEMPATH\CodeIgniter.php(441): CodeIgniter\CodeIgniter->tryToRouteIt(null)
 8 SYSTEMPATH\CodeIgniter.php(340): CodeIgniter\CodeIgniter->handleRequest(null, Object(Config\Cache), false)
 9 SYSTEMPATH\Boot.php(417): CodeIgniter\CodeIgniter->run()
10 SYSTEMPATH\Boot.php(68): CodeIgniter\Boot::runCodeIgniter(Object(CodeIgniter\CodeIgniter))
11 FCPATH\index.php(59): CodeIgniter\Boot::bootWeb(Object(Config\Paths))
WARNING - 2026-06-29 05:58:33 --> [DEPRECATED] Passing lowercase HTTP method "get" is deprecated. Use uppercase HTTP method like "GET". in SYSTEMPATH\Router\RouteCollection.php on line 1026.
 1 SYSTEMPATH\Router\RouteCollection.php(1026): trigger_error('Passing lowercase HTTP method "get" is deprecated. Use uppercase HTTP method like "GET".', 16384)
 2 APPPATH\Config\Routes.php(28): CodeIgniter\Router\RouteCollection->match([...], 'authenticate', 'Admin::authenticate')
 3 SYSTEMPATH\Router\RouteCollection.php(799): CodeIgniter\Router\RouteCollection->{closure}(Object(CodeIgniter\Router\RouteCollection))
 4 APPPATH\Config\Routes.php(25): CodeIgniter\Router\RouteCollection->group('admin', [...], Object(Closure))
 5 SYSTEMPATH\Router\RouteCollection.php(339): require('C:\\xampp\\htdocs\\myfoodblog\\app\\Config\\Routes.php')
 6 SYSTEMPATH\CodeIgniter.php(818): CodeIgniter\Router\RouteCollection->loadRoutes()
 7 SYSTEMPATH\CodeIgniter.php(441): CodeIgniter\CodeIgniter->tryToRouteIt(null)
 8 SYSTEMPATH\CodeIgniter.php(340): CodeIgniter\CodeIgniter->handleRequest(null, Object(Config\Cache), false)
 9 SYSTEMPATH\Boot.php(417): CodeIgniter\CodeIgniter->run()
10 SYSTEMPATH\Boot.php(68): CodeIgniter\Boot::runCodeIgniter(Object(CodeIgniter\CodeIgniter))
11 FCPATH\index.php(59): CodeIgniter\Boot::bootWeb(Object(Config\Paths))
WARNING - 2026-06-29 05:58:33 --> [DEPRECATED] Passing lowercase HTTP method "post" is deprecated. Use uppercase HTTP method like "POST". in SYSTEMPATH\Router\RouteCollection.php on line 1026.
 1 SYSTEMPATH\Router\RouteCollection.php(1026): trigger_error('Passing lowercase HTTP method "post" is deprecated. Use uppercase HTTP method like "POST".', 16384)
 2 APPPATH\Config\Routes.php(28): CodeIgniter\Router\RouteCollection->match([...], 'authenticate', 'Admin::authenticate')
 3 SYSTEMPATH\Router\RouteCollection.php(799): CodeIgniter\Router\RouteCollection->{closure}(Object(CodeIgniter\Router\RouteCollection))
 4 APPPATH\Config\Routes.php(25): CodeIgniter\Router\RouteCollection->group('admin', [...], Object(Closure))
 5 SYSTEMPATH\Router\RouteCollection.php(339): require('C:\\xampp\\htdocs\\myfoodblog\\app\\Config\\Routes.php')
 6 SYSTEMPATH\CodeIgniter.php(818): CodeIgniter\Router\RouteCollection->loadRoutes()
 7 SYSTEMPATH\CodeIgniter.php(441): CodeIgniter\CodeIgniter->tryToRouteIt(null)
 8 SYSTEMPATH\CodeIgniter.php(340): CodeIgniter\CodeIgniter->handleRequest(null, Object(Config\Cache), false)
 9 SYSTEMPATH\Boot.php(417): CodeIgniter\CodeIgniter->run()
10 SYSTEMPATH\Boot.php(68): CodeIgniter\Boot::runCodeIgniter(Object(CodeIgniter\CodeIgniter))
11 FCPATH\index.php(59): CodeIgniter\Boot::bootWeb(Object(Config\Paths))
WARNING - 2026-06-29 05:58:35 --> [DEPRECATED] Passing lowercase HTTP method "get" is deprecated. Use uppercase HTTP method like "GET". in SYSTEMPATH\Router\RouteCollection.php on line 1026.
 1 SYSTEMPATH\Router\RouteCollection.php(1026): trigger_error('Passing lowercase HTTP method "get" is deprecated. Use uppercase HTTP method like "GET".', 16384)
 2 APPPATH\Config\Routes.php(28): CodeIgniter\Router\RouteCollection->match([...], 'authenticate', 'Admin::authenticate')
 3 SYSTEMPATH\Router\RouteCollection.php(799): CodeIgniter\Router\RouteCollection->{closure}(Object(CodeIgniter\Router\RouteCollection))
 4 APPPATH\Config\Routes.php(25): CodeIgniter\Router\RouteCollection->group('admin', [...], Object(Closure))
 5 SYSTEMPATH\Router\RouteCollection.php(339): require('C:\\xampp\\htdocs\\myfoodblog\\app\\Config\\Routes.php')
 6 SYSTEMPATH\CodeIgniter.php(818): CodeIgniter\Router\RouteCollection->loadRoutes()
 7 SYSTEMPATH\CodeIgniter.php(441): CodeIgniter\CodeIgniter->tryToRouteIt(null)
 8 SYSTEMPATH\CodeIgniter.php(340): CodeIgniter\CodeIgniter->handleRequest(null, Object(Config\Cache), false)
 9 SYSTEMPATH\Boot.php(417): CodeIgniter\CodeIgniter->run()
10 SYSTEMPATH\Boot.php(68): CodeIgniter\Boot::runCodeIgniter(Object(CodeIgniter\CodeIgniter))
11 FCPATH\index.php(59): CodeIgniter\Boot::bootWeb(Object(Config\Paths))
WARNING - 2026-06-29 05:58:35 --> [DEPRECATED] Passing lowercase HTTP method "post" is deprecated. Use uppercase HTTP method like "POST". in SYSTEMPATH\Router\RouteCollection.php on line 1026.
 1 SYSTEMPATH\Router\RouteCollection.php(1026): trigger_error('Passing lowercase HTTP method "post" is deprecated. Use uppercase HTTP method like "POST".', 16384)
 2 APPPATH\Config\Routes.php(28): CodeIgniter\Router\RouteCollection->match([...], 'authenticate', 'Admin::authenticate')
 3 SYSTEMPATH\Router\RouteCollection.php(799): CodeIgniter\Router\RouteCollection->{closure}(Object(CodeIgniter\Router\RouteCollection))
 4 APPPATH\Config\Routes.php(25): CodeIgniter\Router\RouteCollection->group('admin', [...], Object(Closure))
 5 SYSTEMPATH\Router\RouteCollection.php(339): require('C:\\xampp\\htdocs\\myfoodblog\\app\\Config\\Routes.php')
 6 SYSTEMPATH\CodeIgniter.php(818): CodeIgniter\Router\RouteCollection->loadRoutes()
 7 SYSTEMPATH\CodeIgniter.php(441): CodeIgniter\CodeIgniter->tryToRouteIt(null)
 8 SYSTEMPATH\CodeIgniter.php(340): CodeIgniter\CodeIgniter->handleRequest(null, Object(Config\Cache), false)
 9 SYSTEMPATH\Boot.php(417): CodeIgniter\CodeIgniter->run()
10 SYSTEMPATH\Boot.php(68): CodeIgniter\Boot::runCodeIgniter(Object(CodeIgniter\CodeIgniter))
11 FCPATH\index.php(59): CodeIgniter\Boot::bootWeb(Object(Config\Paths))
DEBUG - 2026-06-29 05:58:35 --> Session: Class initialized using 'CodeIgniter\Session\Handlers\FileHandler' driver.
CRITICAL - 2026-06-29 05:58:35 --> CodeIgniter\View\Exceptions\ViewException: Invalid file: "admin/recipe/edit/view.php"
[Method: GET, Route: admin/recipe/edit/view/1]
in SYSTEMPATH\Exceptions\FrameworkException.php on line 39.
 1 SYSTEMPATH\View\View.php(228): CodeIgniter\Exceptions\FrameworkException::forInvalidFile('admin/recipe/edit/view.php')
 2 SYSTEMPATH\Common.php(1250): CodeIgniter\View\View->render('admin/recipe/edit/view', [], true)
 3 APPPATH\Controllers\Admin.php(312): view('admin/recipe/edit/view', [...])
 4 SYSTEMPATH\CodeIgniter.php(951): App\Controllers\Admin->viewEditRecipe('1')
 5 SYSTEMPATH\CodeIgniter.php(497): CodeIgniter\CodeIgniter->runController(Object(App\Controllers\Admin))
 6 SYSTEMPATH\CodeIgniter.php(340): CodeIgniter\CodeIgniter->handleRequest(null, Object(Config\Cache), false)
 7 SYSTEMPATH\Boot.php(417): CodeIgniter\CodeIgniter->run()
 8 SYSTEMPATH\Boot.php(68): CodeIgniter\Boot::runCodeIgniter(Object(CodeIgniter\CodeIgniter))
 9 FCPATH\index.php(59): CodeIgniter\Boot::bootWeb(Object(Config\Paths))
WARNING - 2026-06-29 05:58:39 --> [DEPRECATED] Passing lowercase HTTP method "get" is deprecated. Use uppercase HTTP method like "GET". in SYSTEMPATH\Router\RouteCollection.php on line 1026.
 1 SYSTEMPATH\Router\RouteCollection.php(1026): trigger_error('Passing lowercase HTTP method "get" is deprecated. Use uppercase HTTP method like "GET".', 16384)
 2 APPPATH\Config\Routes.php(28): CodeIgniter\Router\RouteCollection->match([...], 'authenticate', 'Admin::authenticate')
 3 SYSTEMPATH\Router\RouteCollection.php(799): CodeIgniter\Router\RouteCollection->{closure}(Object(CodeIgniter\Router\RouteCollection))
 4 APPPATH\Config\Routes.php(25): CodeIgniter\Router\RouteCollection->group('admin', [...], Object(Closure))
 5 SYSTEMPATH\Router\RouteCollection.php(339): require('C:\\xampp\\htdocs\\myfoodblog\\app\\Config\\Routes.php')
 6 SYSTEMPATH\CodeIgniter.php(818): CodeIgniter\Router\RouteCollection->loadRoutes()
 7 SYSTEMPATH\CodeIgniter.php(441): CodeIgniter\CodeIgniter->tryToRouteIt(null)
 8 SYSTEMPATH\CodeIgniter.php(340): CodeIgniter\CodeIgniter->handleRequest(null, Object(Config\Cache), false)
 9 SYSTEMPATH\Boot.php(417): CodeIgniter\CodeIgniter->run()
10 SYSTEMPATH\Boot.php(68): CodeIgniter\Boot::runCodeIgniter(Object(CodeIgniter\CodeIgniter))
11 FCPATH\index.php(59): CodeIgniter\Boot::bootWeb(Object(Config\Paths))
WARNING - 2026-06-29 05:58:39 --> [DEPRECATED] Passing lowercase HTTP method "post" is deprecated. Use uppercase HTTP method like "POST". in SYSTEMPATH\Router\RouteCollection.php on line 1026.
 1 SYSTEMPATH\Router\RouteCollection.php(1026): trigger_error('Passing lowercase HTTP method "post" is deprecated. Use uppercase HTTP method like "POST".', 16384)
 2 APPPATH\Config\Routes.php(28): CodeIgniter\Router\RouteCollection->match([...], 'authenticate', 'Admin::authenticate')
 3 SYSTEMPATH\Router\RouteCollection.php(799): CodeIgniter\Router\RouteCollection->{closure}(Object(CodeIgniter\Router\RouteCollection))
 4 APPPATH\Config\Routes.php(25): CodeIgniter\Router\RouteCollection->group('admin', [...], Object(Closure))
 5 SYSTEMPATH\Router\RouteCollection.php(339): require('C:\\xampp\\htdocs\\myfoodblog\\app\\Config\\Routes.php')
 6 SYSTEMPATH\CodeIgniter.php(818): CodeIgniter\Router\RouteCollection->loadRoutes()
 7 SYSTEMPATH\CodeIgniter.php(441): CodeIgniter\CodeIgniter->tryToRouteIt(null)
 8 SYSTEMPATH\CodeIgniter.php(340): CodeIgniter\CodeIgniter->handleRequest(null, Object(Config\Cache), false)
 9 SYSTEMPATH\Boot.php(417): CodeIgniter\CodeIgniter->run()
10 SYSTEMPATH\Boot.php(68): CodeIgniter\Boot::runCodeIgniter(Object(CodeIgniter\CodeIgniter))
11 FCPATH\index.php(59): CodeIgniter\Boot::bootWeb(Object(Config\Paths))
DEBUG - 2026-06-29 05:58:39 --> Session: Class initialized using 'CodeIgniter\Session\Handlers\FileHandler' driver.
WARNING - 2026-06-29 05:58:40 --> [DEPRECATED] Passing lowercase HTTP method "get" is deprecated. Use uppercase HTTP method like "GET". in SYSTEMPATH\Router\RouteCollection.php on line 1026.
 1 SYSTEMPATH\Router\RouteCollection.php(1026): trigger_error('Passing lowercase HTTP method "get" is deprecated. Use uppercase HTTP method like "GET".', 16384)
 2 APPPATH\Config\Routes.php(28): CodeIgniter\Router\RouteCollection->match([...], 'authenticate', 'Admin::authenticate')
 3 SYSTEMPATH\Router\RouteCollection.php(799): CodeIgniter\Router\RouteCollection->{closure}(Object(CodeIgniter\Router\RouteCollection))
 4 APPPATH\Config\Routes.php(25): CodeIgniter\Router\RouteCollection->group('admin', [...], Object(Closure))
 5 SYSTEMPATH\Router\RouteCollection.php(339): require('C:\\xampp\\htdocs\\myfoodblog\\app\\Config\\Routes.php')
 6 SYSTEMPATH\CodeIgniter.php(818): CodeIgniter\Router\RouteCollection->loadRoutes()
 7 SYSTEMPATH\CodeIgniter.php(441): CodeIgniter\CodeIgniter->tryToRouteIt(null)
 8 SYSTEMPATH\CodeIgniter.php(340): CodeIgniter\CodeIgniter->handleRequest(null, Object(Config\Cache), false)
 9 SYSTEMPATH\Boot.php(417): CodeIgniter\CodeIgniter->run()
10 SYSTEMPATH\Boot.php(68): CodeIgniter\Boot::runCodeIgniter(Object(CodeIgniter\CodeIgniter))
11 FCPATH\index.php(59): CodeIgniter\Boot::bootWeb(Object(Config\Paths))
WARNING - 2026-06-29 05:58:40 --> [DEPRECATED] Passing lowercase HTTP method "get" is deprecated. Use uppercase HTTP method like "GET". in SYSTEMPATH\Router\RouteCollection.php on line 1026.
 1 SYSTEMPATH\Router\RouteCollection.php(1026): trigger_error('Passing lowercase HTTP method "get" is deprecated. Use uppercase HTTP method like "GET".', 16384)
 2 APPPATH\Config\Routes.php(28): CodeIgniter\Router\RouteCollection->match([...], 'authenticate', 'Admin::authenticate')
 3 SYSTEMPATH\Router\RouteCollection.php(799): CodeIgniter\Router\RouteCollection->{closure}(Object(CodeIgniter\Router\RouteCollection))
 4 APPPATH\Config\Routes.php(25): CodeIgniter\Router\RouteCollection->group('admin', [...], Object(Closure))
 5 SYSTEMPATH\Router\RouteCollection.php(339): require('C:\\xampp\\htdocs\\myfoodblog\\app\\Config\\Routes.php')
 6 SYSTEMPATH\CodeIgniter.php(818): CodeIgniter\Router\RouteCollection->loadRoutes()
 7 SYSTEMPATH\CodeIgniter.php(441): CodeIgniter\CodeIgniter->tryToRouteIt(null)
 8 SYSTEMPATH\CodeIgniter.php(340): CodeIgniter\CodeIgniter->handleRequest(null, Object(Config\Cache), false)
 9 SYSTEMPATH\Boot.php(417): CodeIgniter\CodeIgniter->run()
10 SYSTEMPATH\Boot.php(68): CodeIgniter\Boot::runCodeIgniter(Object(CodeIgniter\CodeIgniter))
11 FCPATH\index.php(59): CodeIgniter\Boot::bootWeb(Object(Config\Paths))
WARNING - 2026-06-29 05:58:40 --> [DEPRECATED] Passing lowercase HTTP method "post" is deprecated. Use uppercase HTTP method like "POST". in SYSTEMPATH\Router\RouteCollection.php on line 1026.
 1 SYSTEMPATH\Router\RouteCollection.php(1026): trigger_error('Passing lowercase HTTP method "post" is deprecated. Use uppercase HTTP method like "POST".', 16384)
 2 APPPATH\Config\Routes.php(28): CodeIgniter\Router\RouteCollection->match([...], 'authenticate', 'Admin::authenticate')
 3 SYSTEMPATH\Router\RouteCollection.php(799): CodeIgniter\Router\RouteCollection->{closure}(Object(CodeIgniter\Router\RouteCollection))
 4 APPPATH\Config\Routes.php(25): CodeIgniter\Router\RouteCollection->group('admin', [...], Object(Closure))
 5 SYSTEMPATH\Router\RouteCollection.php(339): require('C:\\xampp\\htdocs\\myfoodblog\\app\\Config\\Routes.php')
 6 SYSTEMPATH\CodeIgniter.php(818): CodeIgniter\Router\RouteCollection->loadRoutes()
 7 SYSTEMPATH\CodeIgniter.php(441): CodeIgniter\CodeIgniter->tryToRouteIt(null)
 8 SYSTEMPATH\CodeIgniter.php(340): CodeIgniter\CodeIgniter->handleRequest(null, Object(Config\Cache), false)
 9 SYSTEMPATH\Boot.php(417): CodeIgniter\CodeIgniter->run()
10 SYSTEMPATH\Boot.php(68): CodeIgniter\Boot::runCodeIgniter(Object(CodeIgniter\CodeIgniter))
11 FCPATH\index.php(59): CodeIgniter\Boot::bootWeb(Object(Config\Paths))
WARNING - 2026-06-29 05:58:40 --> [DEPRECATED] Passing lowercase HTTP method "post" is deprecated. Use uppercase HTTP method like "POST". in SYSTEMPATH\Router\RouteCollection.php on line 1026.
 1 SYSTEMPATH\Router\RouteCollection.php(1026): trigger_error('Passing lowercase HTTP method "post" is deprecated. Use uppercase HTTP method like "POST".', 16384)
 2 APPPATH\Config\Routes.php(28): CodeIgniter\Router\RouteCollection->match([...], 'authenticate', 'Admin::authenticate')
 3 SYSTEMPATH\Router\RouteCollection.php(799): CodeIgniter\Router\RouteCollection->{closure}(Object(CodeIgniter\Router\RouteCollection))
 4 APPPATH\Config\Routes.php(25): CodeIgniter\Router\RouteCollection->group('admin', [...], Object(Closure))
 5 SYSTEMPATH\Router\RouteCollection.php(339): require('C:\\xampp\\htdocs\\myfoodblog\\app\\Config\\Routes.php')
 6 SYSTEMPATH\CodeIgniter.php(818): CodeIgniter\Router\RouteCollection->loadRoutes()
 7 SYSTEMPATH\CodeIgniter.php(441): CodeIgniter\CodeIgniter->tryToRouteIt(null)
 8 SYSTEMPATH\CodeIgniter.php(340): CodeIgniter\CodeIgniter->handleRequest(null, Object(Config\Cache), false)
 9 SYSTEMPATH\Boot.php(417): CodeIgniter\CodeIgniter->run()
10 SYSTEMPATH\Boot.php(68): CodeIgniter\Boot::runCodeIgniter(Object(CodeIgniter\CodeIgniter))
11 FCPATH\index.php(59): CodeIgniter\Boot::bootWeb(Object(Config\Paths))
WARNING - 2026-06-29 05:58:55 --> [DEPRECATED] Passing lowercase HTTP method "get" is deprecated. Use uppercase HTTP method like "GET". in SYSTEMPATH\Router\RouteCollection.php on line 1026.
 1 SYSTEMPATH\Router\RouteCollection.php(1026): trigger_error('Passing lowercase HTTP method "get" is deprecated. Use uppercase HTTP method like "GET".', 16384)
 2 APPPATH\Config\Routes.php(28): CodeIgniter\Router\RouteCollection->match([...], 'authenticate', 'Admin::authenticate')
 3 SYSTEMPATH\Router\RouteCollection.php(799): CodeIgniter\Router\RouteCollection->{closure}(Object(CodeIgniter\Router\RouteCollection))
 4 APPPATH\Config\Routes.php(25): CodeIgniter\Router\RouteCollection->group('admin', [...], Object(Closure))
 5 SYSTEMPATH\Router\RouteCollection.php(339): require('C:\\xampp\\htdocs\\myfoodblog\\app\\Config\\Routes.php')
 6 SYSTEMPATH\CodeIgniter.php(818): CodeIgniter\Router\RouteCollection->loadRoutes()
 7 SYSTEMPATH\CodeIgniter.php(441): CodeIgniter\CodeIgniter->tryToRouteIt(null)
 8 SYSTEMPATH\CodeIgniter.php(340): CodeIgniter\CodeIgniter->handleRequest(null, Object(Config\Cache), false)
 9 SYSTEMPATH\Boot.php(417): CodeIgniter\CodeIgniter->run()
10 SYSTEMPATH\Boot.php(68): CodeIgniter\Boot::runCodeIgniter(Object(CodeIgniter\CodeIgniter))
11 FCPATH\index.php(59): CodeIgniter\Boot::bootWeb(Object(Config\Paths))
WARNING - 2026-06-29 05:58:55 --> [DEPRECATED] Passing lowercase HTTP method "post" is deprecated. Use uppercase HTTP method like "POST". in SYSTEMPATH\Router\RouteCollection.php on line 1026.
 1 SYSTEMPATH\Router\RouteCollection.php(1026): trigger_error('Passing lowercase HTTP method "post" is deprecated. Use uppercase HTTP method like "POST".', 16384)
 2 APPPATH\Config\Routes.php(28): CodeIgniter\Router\RouteCollection->match([...], 'authenticate', 'Admin::authenticate')
 3 SYSTEMPATH\Router\RouteCollection.php(799): CodeIgniter\Router\RouteCollection->{closure}(Object(CodeIgniter\Router\RouteCollection))
 4 APPPATH\Config\Routes.php(25): CodeIgniter\Router\RouteCollection->group('admin', [...], Object(Closure))
 5 SYSTEMPATH\Router\RouteCollection.php(339): require('C:\\xampp\\htdocs\\myfoodblog\\app\\Config\\Routes.php')
 6 SYSTEMPATH\CodeIgniter.php(818): CodeIgniter\Router\RouteCollection->loadRoutes()
 7 SYSTEMPATH\CodeIgniter.php(441): CodeIgniter\CodeIgniter->tryToRouteIt(null)
 8 SYSTEMPATH\CodeIgniter.php(340): CodeIgniter\CodeIgniter->handleRequest(null, Object(Config\Cache), false)
 9 SYSTEMPATH\Boot.php(417): CodeIgniter\CodeIgniter->run()
10 SYSTEMPATH\Boot.php(68): CodeIgniter\Boot::runCodeIgniter(Object(CodeIgniter\CodeIgniter))
11 FCPATH\index.php(59): CodeIgniter\Boot::bootWeb(Object(Config\Paths))
DEBUG - 2026-06-29 05:58:55 --> Session: Class initialized using 'CodeIgniter\Session\Handlers\FileHandler' driver.
CRITICAL - 2026-06-29 05:58:55 --> CodeIgniter\View\Exceptions\ViewException: Invalid file: "admin/recipe/edit/view.php"
[Method: GET, Route: admin/recipe/edit/view/1]
in SYSTEMPATH\Exceptions\FrameworkException.php on line 39.
 1 SYSTEMPATH\View\View.php(228): CodeIgniter\Exceptions\FrameworkException::forInvalidFile('admin/recipe/edit/view.php')
 2 SYSTEMPATH\Common.php(1250): CodeIgniter\View\View->render('admin/recipe/edit/view', [], true)
 3 APPPATH\Controllers\Admin.php(312): view('admin/recipe/edit/view', [...])
 4 SYSTEMPATH\CodeIgniter.php(951): App\Controllers\Admin->viewEditRecipe('1')
 5 SYSTEMPATH\CodeIgniter.php(497): CodeIgniter\CodeIgniter->runController(Object(App\Controllers\Admin))
 6 SYSTEMPATH\CodeIgniter.php(340): CodeIgniter\CodeIgniter->handleRequest(null, Object(Config\Cache), false)
 7 SYSTEMPATH\Boot.php(417): CodeIgniter\CodeIgniter->run()
 8 SYSTEMPATH\Boot.php(68): CodeIgniter\Boot::runCodeIgniter(Object(CodeIgniter\CodeIgniter))
 9 FCPATH\index.php(59): CodeIgniter\Boot::bootWeb(Object(Config\Paths))
WARNING - 2026-06-29 05:59:47 --> [DEPRECATED] Passing lowercase HTTP method "get" is deprecated. Use uppercase HTTP method like "GET". in SYSTEMPATH\Router\RouteCollection.php on line 1026.
 1 SYSTEMPATH\Router\RouteCollection.php(1026): trigger_error('Passing lowercase HTTP method "get" is deprecated. Use uppercase HTTP method like "GET".', 16384)
 2 APPPATH\Config\Routes.php(28): CodeIgniter\Router\RouteCollection->match([...], 'authenticate', 'Admin::authenticate')
 3 SYSTEMPATH\Router\RouteCollection.php(799): CodeIgniter\Router\RouteCollection->{closure}(Object(CodeIgniter\Router\RouteCollection))
 4 APPPATH\Config\Routes.php(25): CodeIgniter\Router\RouteCollection->group('admin', [...], Object(Closure))
 5 SYSTEMPATH\Router\RouteCollection.php(339): require('C:\\xampp\\htdocs\\myfoodblog\\app\\Config\\Routes.php')
 6 SYSTEMPATH\CodeIgniter.php(818): CodeIgniter\Router\RouteCollection->loadRoutes()
 7 SYSTEMPATH\CodeIgniter.php(441): CodeIgniter\CodeIgniter->tryToRouteIt(null)
 8 SYSTEMPATH\CodeIgniter.php(340): CodeIgniter\CodeIgniter->handleRequest(null, Object(Config\Cache), false)
 9 SYSTEMPATH\Boot.php(417): CodeIgniter\CodeIgniter->run()
10 SYSTEMPATH\Boot.php(68): CodeIgniter\Boot::runCodeIgniter(Object(CodeIgniter\CodeIgniter))
11 FCPATH\index.php(59): CodeIgniter\Boot::bootWeb(Object(Config\Paths))
WARNING - 2026-06-29 05:59:47 --> [DEPRECATED] Passing lowercase HTTP method "post" is deprecated. Use uppercase HTTP method like "POST". in SYSTEMPATH\Router\RouteCollection.php on line 1026.
 1 SYSTEMPATH\Router\RouteCollection.php(1026): trigger_error('Passing lowercase HTTP method "post" is deprecated. Use uppercase HTTP method like "POST".', 16384)
 2 APPPATH\Config\Routes.php(28): CodeIgniter\Router\RouteCollection->match([...], 'authenticate', 'Admin::authenticate')
 3 SYSTEMPATH\Router\RouteCollection.php(799): CodeIgniter\Router\RouteCollection->{closure}(Object(CodeIgniter\Router\RouteCollection))
 4 APPPATH\Config\Routes.php(25): CodeIgniter\Router\RouteCollection->group('admin', [...], Object(Closure))
 5 SYSTEMPATH\Router\RouteCollection.php(339): require('C:\\xampp\\htdocs\\myfoodblog\\app\\Config\\Routes.php')
 6 SYSTEMPATH\CodeIgniter.php(818): CodeIgniter\Router\RouteCollection->loadRoutes()
 7 SYSTEMPATH\CodeIgniter.php(441): CodeIgniter\CodeIgniter->tryToRouteIt(null)
 8 SYSTEMPATH\CodeIgniter.php(340): CodeIgniter\CodeIgniter->handleRequest(null, Object(Config\Cache), false)
 9 SYSTEMPATH\Boot.php(417): CodeIgniter\CodeIgniter->run()
10 SYSTEMPATH\Boot.php(68): CodeIgniter\Boot::runCodeIgniter(Object(CodeIgniter\CodeIgniter))
11 FCPATH\index.php(59): CodeIgniter\Boot::bootWeb(Object(Config\Paths))
DEBUG - 2026-06-29 05:59:47 --> Session: Class initialized using 'CodeIgniter\Session\Handlers\FileHandler' driver.
CRITICAL - 2026-06-29 05:59:47 --> ErrorException: Undefined variable $recipecategories
[Method: GET, Route: admin/recipe/edit/view/1]
in APPPATH\Views\admin\recipe\edit.php on line 59.
 1 APPPATH\Views\admin\recipe\edit.php(59): CodeIgniter\Debug\Exceptions->errorHandler(2, 'Undefined variable $recipecategories', 'C:\\xampp\\htdocs\\myfoodblog\\app\\Views\\admin\\recipe\\edit.php', 59)
 2 SYSTEMPATH\View\View.php(240): include('C:\\xampp\\htdocs\\myfoodblog\\app\\Views\\admin\\recipe\\edit.php')
 3 SYSTEMPATH\View\View.php(243): CodeIgniter\View\View->CodeIgniter\View\{closure}()
 4 SYSTEMPATH\Common.php(1250): CodeIgniter\View\View->render('admin/recipe/edit', [], true)
 5 APPPATH\Controllers\Admin.php(312): view('admin/recipe/edit', [...])
 6 SYSTEMPATH\CodeIgniter.php(951): App\Controllers\Admin->viewEditRecipe('1')
 7 SYSTEMPATH\CodeIgniter.php(497): CodeIgniter\CodeIgniter->runController(Object(App\Controllers\Admin))
 8 SYSTEMPATH\CodeIgniter.php(340): CodeIgniter\CodeIgniter->handleRequest(null, Object(Config\Cache), false)
 9 SYSTEMPATH\Boot.php(417): CodeIgniter\CodeIgniter->run()
10 SYSTEMPATH\Boot.php(68): CodeIgniter\Boot::runCodeIgniter(Object(CodeIgniter\CodeIgniter))
11 FCPATH\index.php(59): CodeIgniter\Boot::bootWeb(Object(Config\Paths))
WARNING - 2026-06-29 06:00:09 --> [DEPRECATED] Passing lowercase HTTP method "get" is deprecated. Use uppercase HTTP method like "GET". in SYSTEMPATH\Router\RouteCollection.php on line 1026.
 1 SYSTEMPATH\Router\RouteCollection.php(1026): trigger_error('Passing lowercase HTTP method "get" is deprecated. Use uppercase HTTP method like "GET".', 16384)
 2 APPPATH\Config\Routes.php(28): CodeIgniter\Router\RouteCollection->match([...], 'authenticate', 'Admin::authenticate')
 3 SYSTEMPATH\Router\RouteCollection.php(799): CodeIgniter\Router\RouteCollection->{closure}(Object(CodeIgniter\Router\RouteCollection))
 4 APPPATH\Config\Routes.php(25): CodeIgniter\Router\RouteCollection->group('admin', [...], Object(Closure))
 5 SYSTEMPATH\Router\RouteCollection.php(339): require('C:\\xampp\\htdocs\\myfoodblog\\app\\Config\\Routes.php')
 6 SYSTEMPATH\CodeIgniter.php(818): CodeIgniter\Router\RouteCollection->loadRoutes()
 7 SYSTEMPATH\CodeIgniter.php(441): CodeIgniter\CodeIgniter->tryToRouteIt(null)
 8 SYSTEMPATH\CodeIgniter.php(340): CodeIgniter\CodeIgniter->handleRequest(null, Object(Config\Cache), false)
 9 SYSTEMPATH\Boot.php(417): CodeIgniter\CodeIgniter->run()
10 SYSTEMPATH\Boot.php(68): CodeIgniter\Boot::runCodeIgniter(Object(CodeIgniter\CodeIgniter))
11 FCPATH\index.php(59): CodeIgniter\Boot::bootWeb(Object(Config\Paths))
WARNING - 2026-06-29 06:00:09 --> [DEPRECATED] Passing lowercase HTTP method "post" is deprecated. Use uppercase HTTP method like "POST". in SYSTEMPATH\Router\RouteCollection.php on line 1026.
 1 SYSTEMPATH\Router\RouteCollection.php(1026): trigger_error('Passing lowercase HTTP method "post" is deprecated. Use uppercase HTTP method like "POST".', 16384)
 2 APPPATH\Config\Routes.php(28): CodeIgniter\Router\RouteCollection->match([...], 'authenticate', 'Admin::authenticate')
 3 SYSTEMPATH\Router\RouteCollection.php(799): CodeIgniter\Router\RouteCollection->{closure}(Object(CodeIgniter\Router\RouteCollection))
 4 APPPATH\Config\Routes.php(25): CodeIgniter\Router\RouteCollection->group('admin', [...], Object(Closure))
 5 SYSTEMPATH\Router\RouteCollection.php(339): require('C:\\xampp\\htdocs\\myfoodblog\\app\\Config\\Routes.php')
 6 SYSTEMPATH\CodeIgniter.php(818): CodeIgniter\Router\RouteCollection->loadRoutes()
 7 SYSTEMPATH\CodeIgniter.php(441): CodeIgniter\CodeIgniter->tryToRouteIt(null)
 8 SYSTEMPATH\CodeIgniter.php(340): CodeIgniter\CodeIgniter->handleRequest(null, Object(Config\Cache), false)
 9 SYSTEMPATH\Boot.php(417): CodeIgniter\CodeIgniter->run()
10 SYSTEMPATH\Boot.php(68): CodeIgniter\Boot::runCodeIgniter(Object(CodeIgniter\CodeIgniter))
11 FCPATH\index.php(59): CodeIgniter\Boot::bootWeb(Object(Config\Paths))
DEBUG - 2026-06-29 06:00:09 --> Session: Class initialized using 'CodeIgniter\Session\Handlers\FileHandler' driver.
WARNING - 2026-06-29 06:00:10 --> [DEPRECATED] Passing lowercase HTTP method "get" is deprecated. Use uppercase HTTP method like "GET". in SYSTEMPATH\Router\RouteCollection.php on line 1026.
 1 SYSTEMPATH\Router\RouteCollection.php(1026): trigger_error('Passing lowercase HTTP method "get" is deprecated. Use uppercase HTTP method like "GET".', 16384)
 2 APPPATH\Config\Routes.php(28): CodeIgniter\Router\RouteCollection->match([...], 'authenticate', 'Admin::authenticate')
 3 SYSTEMPATH\Router\RouteCollection.php(799): CodeIgniter\Router\RouteCollection->{closure}(Object(CodeIgniter\Router\RouteCollection))
 4 APPPATH\Config\Routes.php(25): CodeIgniter\Router\RouteCollection->group('admin', [...], Object(Closure))
 5 SYSTEMPATH\Router\RouteCollection.php(339): require('C:\\xampp\\htdocs\\myfoodblog\\app\\Config\\Routes.php')
 6 SYSTEMPATH\CodeIgniter.php(818): CodeIgniter\Router\RouteCollection->loadRoutes()
 7 SYSTEMPATH\CodeIgniter.php(441): CodeIgniter\CodeIgniter->tryToRouteIt(null)
 8 SYSTEMPATH\CodeIgniter.php(340): CodeIgniter\CodeIgniter->handleRequest(null, Object(Config\Cache), false)
 9 SYSTEMPATH\Boot.php(417): CodeIgniter\CodeIgniter->run()
10 SYSTEMPATH\Boot.php(68): CodeIgniter\Boot::runCodeIgniter(Object(CodeIgniter\CodeIgniter))
11 FCPATH\index.php(59): CodeIgniter\Boot::bootWeb(Object(Config\Paths))
WARNING - 2026-06-29 06:00:10 --> [DEPRECATED] Passing lowercase HTTP method "post" is deprecated. Use uppercase HTTP method like "POST". in SYSTEMPATH\Router\RouteCollection.php on line 1026.
 1 SYSTEMPATH\Router\RouteCollection.php(1026): trigger_error('Passing lowercase HTTP method "post" is deprecated. Use uppercase HTTP method like "POST".', 16384)
 2 APPPATH\Config\Routes.php(28): CodeIgniter\Router\RouteCollection->match([...], 'authenticate', 'Admin::authenticate')
 3 SYSTEMPATH\Router\RouteCollection.php(799): CodeIgniter\Router\RouteCollection->{closure}(Object(CodeIgniter\Router\RouteCollection))
 4 APPPATH\Config\Routes.php(25): CodeIgniter\Router\RouteCollection->group('admin', [...], Object(Closure))
 5 SYSTEMPATH\Router\RouteCollection.php(339): require('C:\\xampp\\htdocs\\myfoodblog\\app\\Config\\Routes.php')
 6 SYSTEMPATH\CodeIgniter.php(818): CodeIgniter\Router\RouteCollection->loadRoutes()
 7 SYSTEMPATH\CodeIgniter.php(441): CodeIgniter\CodeIgniter->tryToRouteIt(null)
 8 SYSTEMPATH\CodeIgniter.php(340): CodeIgniter\CodeIgniter->handleRequest(null, Object(Config\Cache), false)
 9 SYSTEMPATH\Boot.php(417): CodeIgniter\CodeIgniter->run()
10 SYSTEMPATH\Boot.php(68): CodeIgniter\Boot::runCodeIgniter(Object(CodeIgniter\CodeIgniter))
11 FCPATH\index.php(59): CodeIgniter\Boot::bootWeb(Object(Config\Paths))
WARNING - 2026-06-29 06:00:10 --> [DEPRECATED] Passing lowercase HTTP method "get" is deprecated. Use uppercase HTTP method like "GET". in SYSTEMPATH\Router\RouteCollection.php on line 1026.
 1 SYSTEMPATH\Router\RouteCollection.php(1026): trigger_error('Passing lowercase HTTP method "get" is deprecated. Use uppercase HTTP method like "GET".', 16384)
 2 APPPATH\Config\Routes.php(28): CodeIgniter\Router\RouteCollection->match([...], 'authenticate', 'Admin::authenticate')
 3 SYSTEMPATH\Router\RouteCollection.php(799): CodeIgniter\Router\RouteCollection->{closure}(Object(CodeIgniter\Router\RouteCollection))
 4 APPPATH\Config\Routes.php(25): CodeIgniter\Router\RouteCollection->group('admin', [...], Object(Closure))
 5 SYSTEMPATH\Router\RouteCollection.php(339): require('C:\\xampp\\htdocs\\myfoodblog\\app\\Config\\Routes.php')
 6 SYSTEMPATH\CodeIgniter.php(818): CodeIgniter\Router\RouteCollection->loadRoutes()
 7 SYSTEMPATH\CodeIgniter.php(441): CodeIgniter\CodeIgniter->tryToRouteIt(null)
 8 SYSTEMPATH\CodeIgniter.php(340): CodeIgniter\CodeIgniter->handleRequest(null, Object(Config\Cache), false)
 9 SYSTEMPATH\Boot.php(417): CodeIgniter\CodeIgniter->run()
10 SYSTEMPATH\Boot.php(68): CodeIgniter\Boot::runCodeIgniter(Object(CodeIgniter\CodeIgniter))
11 FCPATH\index.php(59): CodeIgniter\Boot::bootWeb(Object(Config\Paths))
WARNING - 2026-06-29 06:00:10 --> [DEPRECATED] Passing lowercase HTTP method "post" is deprecated. Use uppercase HTTP method like "POST". in SYSTEMPATH\Router\RouteCollection.php on line 1026.
 1 SYSTEMPATH\Router\RouteCollection.php(1026): trigger_error('Passing lowercase HTTP method "post" is deprecated. Use uppercase HTTP method like "POST".', 16384)
 2 APPPATH\Config\Routes.php(28): CodeIgniter\Router\RouteCollection->match([...], 'authenticate', 'Admin::authenticate')
 3 SYSTEMPATH\Router\RouteCollection.php(799): CodeIgniter\Router\RouteCollection->{closure}(Object(CodeIgniter\Router\RouteCollection))
 4 APPPATH\Config\Routes.php(25): CodeIgniter\Router\RouteCollection->group('admin', [...], Object(Closure))
 5 SYSTEMPATH\Router\RouteCollection.php(339): require('C:\\xampp\\htdocs\\myfoodblog\\app\\Config\\Routes.php')
 6 SYSTEMPATH\CodeIgniter.php(818): CodeIgniter\Router\RouteCollection->loadRoutes()
 7 SYSTEMPATH\CodeIgniter.php(441): CodeIgniter\CodeIgniter->tryToRouteIt(null)
 8 SYSTEMPATH\CodeIgniter.php(340): CodeIgniter\CodeIgniter->handleRequest(null, Object(Config\Cache), false)
 9 SYSTEMPATH\Boot.php(417): CodeIgniter\CodeIgniter->run()
10 SYSTEMPATH\Boot.php(68): CodeIgniter\Boot::runCodeIgniter(Object(CodeIgniter\CodeIgniter))
11 FCPATH\index.php(59): CodeIgniter\Boot::bootWeb(Object(Config\Paths))
WARNING - 2026-06-29 06:00:24 --> [DEPRECATED] Passing lowercase HTTP method "get" is deprecated. Use uppercase HTTP method like "GET". in SYSTEMPATH\Router\RouteCollection.php on line 1026.
 1 SYSTEMPATH\Router\RouteCollection.php(1026): trigger_error('Passing lowercase HTTP method "get" is deprecated. Use uppercase HTTP method like "GET".', 16384)
 2 APPPATH\Config\Routes.php(28): CodeIgniter\Router\RouteCollection->match([...], 'authenticate', 'Admin::authenticate')
 3 SYSTEMPATH\Router\RouteCollection.php(799): CodeIgniter\Router\RouteCollection->{closure}(Object(CodeIgniter\Router\RouteCollection))
 4 APPPATH\Config\Routes.php(25): CodeIgniter\Router\RouteCollection->group('admin', [...], Object(Closure))
 5 SYSTEMPATH\Router\RouteCollection.php(339): require('C:\\xampp\\htdocs\\myfoodblog\\app\\Config\\Routes.php')
 6 SYSTEMPATH\CodeIgniter.php(818): CodeIgniter\Router\RouteCollection->loadRoutes()
 7 SYSTEMPATH\CodeIgniter.php(441): CodeIgniter\CodeIgniter->tryToRouteIt(null)
 8 SYSTEMPATH\CodeIgniter.php(340): CodeIgniter\CodeIgniter->handleRequest(null, Object(Config\Cache), false)
 9 SYSTEMPATH\Boot.php(417): CodeIgniter\CodeIgniter->run()
10 SYSTEMPATH\Boot.php(68): CodeIgniter\Boot::runCodeIgniter(Object(CodeIgniter\CodeIgniter))
11 FCPATH\index.php(59): CodeIgniter\Boot::bootWeb(Object(Config\Paths))
WARNING - 2026-06-29 06:00:24 --> [DEPRECATED] Passing lowercase HTTP method "post" is deprecated. Use uppercase HTTP method like "POST". in SYSTEMPATH\Router\RouteCollection.php on line 1026.
 1 SYSTEMPATH\Router\RouteCollection.php(1026): trigger_error('Passing lowercase HTTP method "post" is deprecated. Use uppercase HTTP method like "POST".', 16384)
 2 APPPATH\Config\Routes.php(28): CodeIgniter\Router\RouteCollection->match([...], 'authenticate', 'Admin::authenticate')
 3 SYSTEMPATH\Router\RouteCollection.php(799): CodeIgniter\Router\RouteCollection->{closure}(Object(CodeIgniter\Router\RouteCollection))
 4 APPPATH\Config\Routes.php(25): CodeIgniter\Router\RouteCollection->group('admin', [...], Object(Closure))
 5 SYSTEMPATH\Router\RouteCollection.php(339): require('C:\\xampp\\htdocs\\myfoodblog\\app\\Config\\Routes.php')
 6 SYSTEMPATH\CodeIgniter.php(818): CodeIgniter\Router\RouteCollection->loadRoutes()
 7 SYSTEMPATH\CodeIgniter.php(441): CodeIgniter\CodeIgniter->tryToRouteIt(null)
 8 SYSTEMPATH\CodeIgniter.php(340): CodeIgniter\CodeIgniter->handleRequest(null, Object(Config\Cache), false)
 9 SYSTEMPATH\Boot.php(417): CodeIgniter\CodeIgniter->run()
10 SYSTEMPATH\Boot.php(68): CodeIgniter\Boot::runCodeIgniter(Object(CodeIgniter\CodeIgniter))
11 FCPATH\index.php(59): CodeIgniter\Boot::bootWeb(Object(Config\Paths))
DEBUG - 2026-06-29 06:00:24 --> Session: Class initialized using 'CodeIgniter\Session\Handlers\FileHandler' driver.
WARNING - 2026-06-29 06:00:25 --> [DEPRECATED] Passing lowercase HTTP method "get" is deprecated. Use uppercase HTTP method like "GET". in SYSTEMPATH\Router\RouteCollection.php on line 1026.
 1 SYSTEMPATH\Router\RouteCollection.php(1026): trigger_error('Passing lowercase HTTP method "get" is deprecated. Use uppercase HTTP method like "GET".', 16384)
 2 APPPATH\Config\Routes.php(28): CodeIgniter\Router\RouteCollection->match([...], 'authenticate', 'Admin::authenticate')
 3 SYSTEMPATH\Router\RouteCollection.php(799): CodeIgniter\Router\RouteCollection->{closure}(Object(CodeIgniter\Router\RouteCollection))
 4 APPPATH\Config\Routes.php(25): CodeIgniter\Router\RouteCollection->group('admin', [...], Object(Closure))
 5 SYSTEMPATH\Router\RouteCollection.php(339): require('C:\\xampp\\htdocs\\myfoodblog\\app\\Config\\Routes.php')
 6 SYSTEMPATH\CodeIgniter.php(818): CodeIgniter\Router\RouteCollection->loadRoutes()
 7 SYSTEMPATH\CodeIgniter.php(441): CodeIgniter\CodeIgniter->tryToRouteIt(null)
 8 SYSTEMPATH\CodeIgniter.php(340): CodeIgniter\CodeIgniter->handleRequest(null, Object(Config\Cache), false)
 9 SYSTEMPATH\Boot.php(417): CodeIgniter\CodeIgniter->run()
10 SYSTEMPATH\Boot.php(68): CodeIgniter\Boot::runCodeIgniter(Object(CodeIgniter\CodeIgniter))
11 FCPATH\index.php(59): CodeIgniter\Boot::bootWeb(Object(Config\Paths))
WARNING - 2026-06-29 06:00:25 --> [DEPRECATED] Passing lowercase HTTP method "post" is deprecated. Use uppercase HTTP method like "POST". in SYSTEMPATH\Router\RouteCollection.php on line 1026.
 1 SYSTEMPATH\Router\RouteCollection.php(1026): trigger_error('Passing lowercase HTTP method "post" is deprecated. Use uppercase HTTP method like "POST".', 16384)
 2 APPPATH\Config\Routes.php(28): CodeIgniter\Router\RouteCollection->match([...], 'authenticate', 'Admin::authenticate')
 3 SYSTEMPATH\Router\RouteCollection.php(799): CodeIgniter\Router\RouteCollection->{closure}(Object(CodeIgniter\Router\RouteCollection))
 4 APPPATH\Config\Routes.php(25): CodeIgniter\Router\RouteCollection->group('admin', [...], Object(Closure))
 5 SYSTEMPATH\Router\RouteCollection.php(339): require('C:\\xampp\\htdocs\\myfoodblog\\app\\Config\\Routes.php')
 6 SYSTEMPATH\CodeIgniter.php(818): CodeIgniter\Router\RouteCollection->loadRoutes()
 7 SYSTEMPATH\CodeIgniter.php(441): CodeIgniter\CodeIgniter->tryToRouteIt(null)
 8 SYSTEMPATH\CodeIgniter.php(340): CodeIgniter\CodeIgniter->handleRequest(null, Object(Config\Cache), false)
 9 SYSTEMPATH\Boot.php(417): CodeIgniter\CodeIgniter->run()
10 SYSTEMPATH\Boot.php(68): CodeIgniter\Boot::runCodeIgniter(Object(CodeIgniter\CodeIgniter))
11 FCPATH\index.php(59): CodeIgniter\Boot::bootWeb(Object(Config\Paths))
DEBUG - 2026-06-29 06:00:25 --> Session: Class initialized using 'CodeIgniter\Session\Handlers\FileHandler' driver.
WARNING - 2026-06-29 06:00:25 --> [DEPRECATED] Passing lowercase HTTP method "get" is deprecated. Use uppercase HTTP method like "GET". in SYSTEMPATH\Router\RouteCollection.php on line 1026.
 1 SYSTEMPATH\Router\RouteCollection.php(1026): trigger_error('Passing lowercase HTTP method "get" is deprecated. Use uppercase HTTP method like "GET".', 16384)
 2 APPPATH\Config\Routes.php(28): CodeIgniter\Router\RouteCollection->match([...], 'authenticate', 'Admin::authenticate')
 3 SYSTEMPATH\Router\RouteCollection.php(799): CodeIgniter\Router\RouteCollection->{closure}(Object(CodeIgniter\Router\RouteCollection))
 4 APPPATH\Config\Routes.php(25): CodeIgniter\Router\RouteCollection->group('admin', [...], Object(Closure))
 5 SYSTEMPATH\Router\RouteCollection.php(339): require('C:\\xampp\\htdocs\\myfoodblog\\app\\Config\\Routes.php')
 6 SYSTEMPATH\CodeIgniter.php(818): CodeIgniter\Router\RouteCollection->loadRoutes()
 7 SYSTEMPATH\CodeIgniter.php(441): CodeIgniter\CodeIgniter->tryToRouteIt(null)
 8 SYSTEMPATH\CodeIgniter.php(340): CodeIgniter\CodeIgniter->handleRequest(null, Object(Config\Cache), false)
 9 SYSTEMPATH\Boot.php(417): CodeIgniter\CodeIgniter->run()
10 SYSTEMPATH\Boot.php(68): CodeIgniter\Boot::runCodeIgniter(Object(CodeIgniter\CodeIgniter))
11 FCPATH\index.php(59): CodeIgniter\Boot::bootWeb(Object(Config\Paths))
WARNING - 2026-06-29 06:00:25 --> [DEPRECATED] Passing lowercase HTTP method "post" is deprecated. Use uppercase HTTP method like "POST". in SYSTEMPATH\Router\RouteCollection.php on line 1026.
 1 SYSTEMPATH\Router\RouteCollection.php(1026): trigger_error('Passing lowercase HTTP method "post" is deprecated. Use uppercase HTTP method like "POST".', 16384)
 2 APPPATH\Config\Routes.php(28): CodeIgniter\Router\RouteCollection->match([...], 'authenticate', 'Admin::authenticate')
 3 SYSTEMPATH\Router\RouteCollection.php(799): CodeIgniter\Router\RouteCollection->{closure}(Object(CodeIgniter\Router\RouteCollection))
 4 APPPATH\Config\Routes.php(25): CodeIgniter\Router\RouteCollection->group('admin', [...], Object(Closure))
 5 SYSTEMPATH\Router\RouteCollection.php(339): require('C:\\xampp\\htdocs\\myfoodblog\\app\\Config\\Routes.php')
 6 SYSTEMPATH\CodeIgniter.php(818): CodeIgniter\Router\RouteCollection->loadRoutes()
 7 SYSTEMPATH\CodeIgniter.php(441): CodeIgniter\CodeIgniter->tryToRouteIt(null)
 8 SYSTEMPATH\CodeIgniter.php(340): CodeIgniter\CodeIgniter->handleRequest(null, Object(Config\Cache), false)
 9 SYSTEMPATH\Boot.php(417): CodeIgniter\CodeIgniter->run()
10 SYSTEMPATH\Boot.php(68): CodeIgniter\Boot::runCodeIgniter(Object(CodeIgniter\CodeIgniter))
11 FCPATH\index.php(59): CodeIgniter\Boot::bootWeb(Object(Config\Paths))
WARNING - 2026-06-29 06:00:25 --> [DEPRECATED] Passing lowercase HTTP method "get" is deprecated. Use uppercase HTTP method like "GET". in SYSTEMPATH\Router\RouteCollection.php on line 1026.
 1 SYSTEMPATH\Router\RouteCollection.php(1026): trigger_error('Passing lowercase HTTP method "get" is deprecated. Use uppercase HTTP method like "GET".', 16384)
 2 APPPATH\Config\Routes.php(28): CodeIgniter\Router\RouteCollection->match([...], 'authenticate', 'Admin::authenticate')
 3 SYSTEMPATH\Router\RouteCollection.php(799): CodeIgniter\Router\RouteCollection->{closure}(Object(CodeIgniter\Router\RouteCollection))
 4 APPPATH\Config\Routes.php(25): CodeIgniter\Router\RouteCollection->group('admin', [...], Object(Closure))
 5 SYSTEMPATH\Router\RouteCollection.php(339): require('C:\\xampp\\htdocs\\myfoodblog\\app\\Config\\Routes.php')
 6 SYSTEMPATH\CodeIgniter.php(818): CodeIgniter\Router\RouteCollection->loadRoutes()
 7 SYSTEMPATH\CodeIgniter.php(441): CodeIgniter\CodeIgniter->tryToRouteIt(null)
 8 SYSTEMPATH\CodeIgniter.php(340): CodeIgniter\CodeIgniter->handleRequest(null, Object(Config\Cache), false)
 9 SYSTEMPATH\Boot.php(417): CodeIgniter\CodeIgniter->run()
10 SYSTEMPATH\Boot.php(68): CodeIgniter\Boot::runCodeIgniter(Object(CodeIgniter\CodeIgniter))
11 FCPATH\index.php(59): CodeIgniter\Boot::bootWeb(Object(Config\Paths))
WARNING - 2026-06-29 06:00:25 --> [DEPRECATED] Passing lowercase HTTP method "post" is deprecated. Use uppercase HTTP method like "POST". in SYSTEMPATH\Router\RouteCollection.php on line 1026.
 1 SYSTEMPATH\Router\RouteCollection.php(1026): trigger_error('Passing lowercase HTTP method "post" is deprecated. Use uppercase HTTP method like "POST".', 16384)
 2 APPPATH\Config\Routes.php(28): CodeIgniter\Router\RouteCollection->match([...], 'authenticate', 'Admin::authenticate')
 3 SYSTEMPATH\Router\RouteCollection.php(799): CodeIgniter\Router\RouteCollection->{closure}(Object(CodeIgniter\Router\RouteCollection))
 4 APPPATH\Config\Routes.php(25): CodeIgniter\Router\RouteCollection->group('admin', [...], Object(Closure))
 5 SYSTEMPATH\Router\RouteCollection.php(339): require('C:\\xampp\\htdocs\\myfoodblog\\app\\Config\\Routes.php')
 6 SYSTEMPATH\CodeIgniter.php(818): CodeIgniter\Router\RouteCollection->loadRoutes()
 7 SYSTEMPATH\CodeIgniter.php(441): CodeIgniter\CodeIgniter->tryToRouteIt(null)
 8 SYSTEMPATH\CodeIgniter.php(340): CodeIgniter\CodeIgniter->handleRequest(null, Object(Config\Cache), false)
 9 SYSTEMPATH\Boot.php(417): CodeIgniter\CodeIgniter->run()
10 SYSTEMPATH\Boot.php(68): CodeIgniter\Boot::runCodeIgniter(Object(CodeIgniter\CodeIgniter))
11 FCPATH\index.php(59): CodeIgniter\Boot::bootWeb(Object(Config\Paths))
WARNING - 2026-06-29 06:00:44 --> [DEPRECATED] Passing lowercase HTTP method "get" is deprecated. Use uppercase HTTP method like "GET". in SYSTEMPATH\Router\RouteCollection.php on line 1026.
 1 SYSTEMPATH\Router\RouteCollection.php(1026): trigger_error('Passing lowercase HTTP method "get" is deprecated. Use uppercase HTTP method like "GET".', 16384)
 2 APPPATH\Config\Routes.php(28): CodeIgniter\Router\RouteCollection->match([...], 'authenticate', 'Admin::authenticate')
 3 SYSTEMPATH\Router\RouteCollection.php(799): CodeIgniter\Router\RouteCollection->{closure}(Object(CodeIgniter\Router\RouteCollection))
 4 APPPATH\Config\Routes.php(25): CodeIgniter\Router\RouteCollection->group('admin', [...], Object(Closure))
 5 SYSTEMPATH\Router\RouteCollection.php(339): require('C:\\xampp\\htdocs\\myfoodblog\\app\\Config\\Routes.php')
 6 SYSTEMPATH\CodeIgniter.php(818): CodeIgniter\Router\RouteCollection->loadRoutes()
 7 SYSTEMPATH\CodeIgniter.php(441): CodeIgniter\CodeIgniter->tryToRouteIt(null)
 8 SYSTEMPATH\CodeIgniter.php(340): CodeIgniter\CodeIgniter->handleRequest(null, Object(Config\Cache), false)
 9 SYSTEMPATH\Boot.php(417): CodeIgniter\CodeIgniter->run()
10 SYSTEMPATH\Boot.php(68): CodeIgniter\Boot::runCodeIgniter(Object(CodeIgniter\CodeIgniter))
11 FCPATH\index.php(59): CodeIgniter\Boot::bootWeb(Object(Config\Paths))
WARNING - 2026-06-29 06:00:44 --> [DEPRECATED] Passing lowercase HTTP method "post" is deprecated. Use uppercase HTTP method like "POST". in SYSTEMPATH\Router\RouteCollection.php on line 1026.
 1 SYSTEMPATH\Router\RouteCollection.php(1026): trigger_error('Passing lowercase HTTP method "post" is deprecated. Use uppercase HTTP method like "POST".', 16384)
 2 APPPATH\Config\Routes.php(28): CodeIgniter\Router\RouteCollection->match([...], 'authenticate', 'Admin::authenticate')
 3 SYSTEMPATH\Router\RouteCollection.php(799): CodeIgniter\Router\RouteCollection->{closure}(Object(CodeIgniter\Router\RouteCollection))
 4 APPPATH\Config\Routes.php(25): CodeIgniter\Router\RouteCollection->group('admin', [...], Object(Closure))
 5 SYSTEMPATH\Router\RouteCollection.php(339): require('C:\\xampp\\htdocs\\myfoodblog\\app\\Config\\Routes.php')
 6 SYSTEMPATH\CodeIgniter.php(818): CodeIgniter\Router\RouteCollection->loadRoutes()
 7 SYSTEMPATH\CodeIgniter.php(441): CodeIgniter\CodeIgniter->tryToRouteIt(null)
 8 SYSTEMPATH\CodeIgniter.php(340): CodeIgniter\CodeIgniter->handleRequest(null, Object(Config\Cache), false)
 9 SYSTEMPATH\Boot.php(417): CodeIgniter\CodeIgniter->run()
10 SYSTEMPATH\Boot.php(68): CodeIgniter\Boot::runCodeIgniter(Object(CodeIgniter\CodeIgniter))
11 FCPATH\index.php(59): CodeIgniter\Boot::bootWeb(Object(Config\Paths))
WARNING - 2026-06-29 06:00:44 --> [DEPRECATED] Passing lowercase HTTP method "get" is deprecated. Use uppercase HTTP method like "GET". in SYSTEMPATH\Router\RouteCollection.php on line 1026.
 1 SYSTEMPATH\Router\RouteCollection.php(1026): trigger_error('Passing lowercase HTTP method "get" is deprecated. Use uppercase HTTP method like "GET".', 16384)
 2 APPPATH\Config\Routes.php(28): CodeIgniter\Router\RouteCollection->match([...], 'authenticate', 'Admin::authenticate')
 3 SYSTEMPATH\Router\RouteCollection.php(799): CodeIgniter\Router\RouteCollection->{closure}(Object(CodeIgniter\Router\RouteCollection))
 4 APPPATH\Config\Routes.php(25): CodeIgniter\Router\RouteCollection->group('admin', [...], Object(Closure))
 5 SYSTEMPATH\Router\RouteCollection.php(339): require('C:\\xampp\\htdocs\\myfoodblog\\app\\Config\\Routes.php')
 6 SYSTEMPATH\CodeIgniter.php(818): CodeIgniter\Router\RouteCollection->loadRoutes()
 7 SYSTEMPATH\CodeIgniter.php(441): CodeIgniter\CodeIgniter->tryToRouteIt(null)
 8 SYSTEMPATH\CodeIgniter.php(340): CodeIgniter\CodeIgniter->handleRequest(null, Object(Config\Cache), false)
 9 SYSTEMPATH\Boot.php(417): CodeIgniter\CodeIgniter->run()
10 SYSTEMPATH\Boot.php(68): CodeIgniter\Boot::runCodeIgniter(Object(CodeIgniter\CodeIgniter))
11 FCPATH\index.php(59): CodeIgniter\Boot::bootWeb(Object(Config\Paths))
WARNING - 2026-06-29 06:00:44 --> [DEPRECATED] Passing lowercase HTTP method "post" is deprecated. Use uppercase HTTP method like "POST". in SYSTEMPATH\Router\RouteCollection.php on line 1026.
 1 SYSTEMPATH\Router\RouteCollection.php(1026): trigger_error('Passing lowercase HTTP method "post" is deprecated. Use uppercase HTTP method like "POST".', 16384)
 2 APPPATH\Config\Routes.php(28): CodeIgniter\Router\RouteCollection->match([...], 'authenticate', 'Admin::authenticate')
 3 SYSTEMPATH\Router\RouteCollection.php(799): CodeIgniter\Router\RouteCollection->{closure}(Object(CodeIgniter\Router\RouteCollection))
 4 APPPATH\Config\Routes.php(25): CodeIgniter\Router\RouteCollection->group('admin', [...], Object(Closure))
 5 SYSTEMPATH\Router\RouteCollection.php(339): require('C:\\xampp\\htdocs\\myfoodblog\\app\\Config\\Routes.php')
 6 SYSTEMPATH\CodeIgniter.php(818): CodeIgniter\Router\RouteCollection->loadRoutes()
 7 SYSTEMPATH\CodeIgniter.php(441): CodeIgniter\CodeIgniter->tryToRouteIt(null)
 8 SYSTEMPATH\CodeIgniter.php(340): CodeIgniter\CodeIgniter->handleRequest(null, Object(Config\Cache), false)
 9 SYSTEMPATH\Boot.php(417): CodeIgniter\CodeIgniter->run()
10 SYSTEMPATH\Boot.php(68): CodeIgniter\Boot::runCodeIgniter(Object(CodeIgniter\CodeIgniter))
11 FCPATH\index.php(59): CodeIgniter\Boot::bootWeb(Object(Config\Paths))
WARNING - 2026-06-29 06:00:57 --> [DEPRECATED] Passing lowercase HTTP method "get" is deprecated. Use uppercase HTTP method like "GET". in SYSTEMPATH\Router\RouteCollection.php on line 1026.
 1 SYSTEMPATH\Router\RouteCollection.php(1026): trigger_error('Passing lowercase HTTP method "get" is deprecated. Use uppercase HTTP method like "GET".', 16384)
 2 APPPATH\Config\Routes.php(28): CodeIgniter\Router\RouteCollection->match([...], 'authenticate', 'Admin::authenticate')
 3 SYSTEMPATH\Router\RouteCollection.php(799): CodeIgniter\Router\RouteCollection->{closure}(Object(CodeIgniter\Router\RouteCollection))
 4 APPPATH\Config\Routes.php(25): CodeIgniter\Router\RouteCollection->group('admin', [...], Object(Closure))
 5 SYSTEMPATH\Router\RouteCollection.php(339): require('C:\\xampp\\htdocs\\myfoodblog\\app\\Config\\Routes.php')
 6 SYSTEMPATH\CodeIgniter.php(818): CodeIgniter\Router\RouteCollection->loadRoutes()
 7 SYSTEMPATH\CodeIgniter.php(441): CodeIgniter\CodeIgniter->tryToRouteIt(null)
 8 SYSTEMPATH\CodeIgniter.php(340): CodeIgniter\CodeIgniter->handleRequest(null, Object(Config\Cache), false)
 9 SYSTEMPATH\Boot.php(417): CodeIgniter\CodeIgniter->run()
10 SYSTEMPATH\Boot.php(68): CodeIgniter\Boot::runCodeIgniter(Object(CodeIgniter\CodeIgniter))
11 FCPATH\index.php(59): CodeIgniter\Boot::bootWeb(Object(Config\Paths))
WARNING - 2026-06-29 06:00:57 --> [DEPRECATED] Passing lowercase HTTP method "post" is deprecated. Use uppercase HTTP method like "POST". in SYSTEMPATH\Router\RouteCollection.php on line 1026.
 1 SYSTEMPATH\Router\RouteCollection.php(1026): trigger_error('Passing lowercase HTTP method "post" is deprecated. Use uppercase HTTP method like "POST".', 16384)
 2 APPPATH\Config\Routes.php(28): CodeIgniter\Router\RouteCollection->match([...], 'authenticate', 'Admin::authenticate')
 3 SYSTEMPATH\Router\RouteCollection.php(799): CodeIgniter\Router\RouteCollection->{closure}(Object(CodeIgniter\Router\RouteCollection))
 4 APPPATH\Config\Routes.php(25): CodeIgniter\Router\RouteCollection->group('admin', [...], Object(Closure))
 5 SYSTEMPATH\Router\RouteCollection.php(339): require('C:\\xampp\\htdocs\\myfoodblog\\app\\Config\\Routes.php')
 6 SYSTEMPATH\CodeIgniter.php(818): CodeIgniter\Router\RouteCollection->loadRoutes()
 7 SYSTEMPATH\CodeIgniter.php(441): CodeIgniter\CodeIgniter->tryToRouteIt(null)
 8 SYSTEMPATH\CodeIgniter.php(340): CodeIgniter\CodeIgniter->handleRequest(null, Object(Config\Cache), false)
 9 SYSTEMPATH\Boot.php(417): CodeIgniter\CodeIgniter->run()
10 SYSTEMPATH\Boot.php(68): CodeIgniter\Boot::runCodeIgniter(Object(CodeIgniter\CodeIgniter))
11 FCPATH\index.php(59): CodeIgniter\Boot::bootWeb(Object(Config\Paths))
WARNING - 2026-06-29 06:00:57 --> [DEPRECATED] Passing lowercase HTTP method "get" is deprecated. Use uppercase HTTP method like "GET". in SYSTEMPATH\Router\RouteCollection.php on line 1026.
 1 SYSTEMPATH\Router\RouteCollection.php(1026): trigger_error('Passing lowercase HTTP method "get" is deprecated. Use uppercase HTTP method like "GET".', 16384)
 2 APPPATH\Config\Routes.php(28): CodeIgniter\Router\RouteCollection->match([...], 'authenticate', 'Admin::authenticate')
 3 SYSTEMPATH\Router\RouteCollection.php(799): CodeIgniter\Router\RouteCollection->{closure}(Object(CodeIgniter\Router\RouteCollection))
 4 APPPATH\Config\Routes.php(25): CodeIgniter\Router\RouteCollection->group('admin', [...], Object(Closure))
 5 SYSTEMPATH\Router\RouteCollection.php(339): require('C:\\xampp\\htdocs\\myfoodblog\\app\\Config\\Routes.php')
 6 SYSTEMPATH\CodeIgniter.php(818): CodeIgniter\Router\RouteCollection->loadRoutes()
 7 SYSTEMPATH\CodeIgniter.php(441): CodeIgniter\CodeIgniter->tryToRouteIt(null)
 8 SYSTEMPATH\CodeIgniter.php(340): CodeIgniter\CodeIgniter->handleRequest(null, Object(Config\Cache), false)
 9 SYSTEMPATH\Boot.php(417): CodeIgniter\CodeIgniter->run()
10 SYSTEMPATH\Boot.php(68): CodeIgniter\Boot::runCodeIgniter(Object(CodeIgniter\CodeIgniter))
11 FCPATH\index.php(59): CodeIgniter\Boot::bootWeb(Object(Config\Paths))
WARNING - 2026-06-29 06:00:57 --> [DEPRECATED] Passing lowercase HTTP method "post" is deprecated. Use uppercase HTTP method like "POST". in SYSTEMPATH\Router\RouteCollection.php on line 1026.
 1 SYSTEMPATH\Router\RouteCollection.php(1026): trigger_error('Passing lowercase HTTP method "post" is deprecated. Use uppercase HTTP method like "POST".', 16384)
 2 APPPATH\Config\Routes.php(28): CodeIgniter\Router\RouteCollection->match([...], 'authenticate', 'Admin::authenticate')
 3 SYSTEMPATH\Router\RouteCollection.php(799): CodeIgniter\Router\RouteCollection->{closure}(Object(CodeIgniter\Router\RouteCollection))
 4 APPPATH\Config\Routes.php(25): CodeIgniter\Router\RouteCollection->group('admin', [...], Object(Closure))
 5 SYSTEMPATH\Router\RouteCollection.php(339): require('C:\\xampp\\htdocs\\myfoodblog\\app\\Config\\Routes.php')
 6 SYSTEMPATH\CodeIgniter.php(818): CodeIgniter\Router\RouteCollection->loadRoutes()
 7 SYSTEMPATH\CodeIgniter.php(441): CodeIgniter\CodeIgniter->tryToRouteIt(null)
 8 SYSTEMPATH\CodeIgniter.php(340): CodeIgniter\CodeIgniter->handleRequest(null, Object(Config\Cache), false)
 9 SYSTEMPATH\Boot.php(417): CodeIgniter\CodeIgniter->run()
10 SYSTEMPATH\Boot.php(68): CodeIgniter\Boot::runCodeIgniter(Object(CodeIgniter\CodeIgniter))
11 FCPATH\index.php(59): CodeIgniter\Boot::bootWeb(Object(Config\Paths))
WARNING - 2026-06-29 06:01:00 --> [DEPRECATED] Passing lowercase HTTP method "get" is deprecated. Use uppercase HTTP method like "GET". in SYSTEMPATH\Router\RouteCollection.php on line 1026.
 1 SYSTEMPATH\Router\RouteCollection.php(1026): trigger_error('Passing lowercase HTTP method "get" is deprecated. Use uppercase HTTP method like "GET".', 16384)
 2 APPPATH\Config\Routes.php(28): CodeIgniter\Router\RouteCollection->match([...], 'authenticate', 'Admin::authenticate')
 3 SYSTEMPATH\Router\RouteCollection.php(799): CodeIgniter\Router\RouteCollection->{closure}(Object(CodeIgniter\Router\RouteCollection))
 4 APPPATH\Config\Routes.php(25): CodeIgniter\Router\RouteCollection->group('admin', [...], Object(Closure))
 5 SYSTEMPATH\Router\RouteCollection.php(339): require('C:\\xampp\\htdocs\\myfoodblog\\app\\Config\\Routes.php')
 6 SYSTEMPATH\CodeIgniter.php(818): CodeIgniter\Router\RouteCollection->loadRoutes()
 7 SYSTEMPATH\CodeIgniter.php(441): CodeIgniter\CodeIgniter->tryToRouteIt(null)
 8 SYSTEMPATH\CodeIgniter.php(340): CodeIgniter\CodeIgniter->handleRequest(null, Object(Config\Cache), false)
 9 SYSTEMPATH\Boot.php(417): CodeIgniter\CodeIgniter->run()
10 SYSTEMPATH\Boot.php(68): CodeIgniter\Boot::runCodeIgniter(Object(CodeIgniter\CodeIgniter))
11 FCPATH\index.php(59): CodeIgniter\Boot::bootWeb(Object(Config\Paths))
WARNING - 2026-06-29 06:01:00 --> [DEPRECATED] Passing lowercase HTTP method "post" is deprecated. Use uppercase HTTP method like "POST". in SYSTEMPATH\Router\RouteCollection.php on line 1026.
 1 SYSTEMPATH\Router\RouteCollection.php(1026): trigger_error('Passing lowercase HTTP method "post" is deprecated. Use uppercase HTTP method like "POST".', 16384)
 2 APPPATH\Config\Routes.php(28): CodeIgniter\Router\RouteCollection->match([...], 'authenticate', 'Admin::authenticate')
 3 SYSTEMPATH\Router\RouteCollection.php(799): CodeIgniter\Router\RouteCollection->{closure}(Object(CodeIgniter\Router\RouteCollection))
 4 APPPATH\Config\Routes.php(25): CodeIgniter\Router\RouteCollection->group('admin', [...], Object(Closure))
 5 SYSTEMPATH\Router\RouteCollection.php(339): require('C:\\xampp\\htdocs\\myfoodblog\\app\\Config\\Routes.php')
 6 SYSTEMPATH\CodeIgniter.php(818): CodeIgniter\Router\RouteCollection->loadRoutes()
 7 SYSTEMPATH\CodeIgniter.php(441): CodeIgniter\CodeIgniter->tryToRouteIt(null)
 8 SYSTEMPATH\CodeIgniter.php(340): CodeIgniter\CodeIgniter->handleRequest(null, Object(Config\Cache), false)
 9 SYSTEMPATH\Boot.php(417): CodeIgniter\CodeIgniter->run()
10 SYSTEMPATH\Boot.php(68): CodeIgniter\Boot::runCodeIgniter(Object(CodeIgniter\CodeIgniter))
11 FCPATH\index.php(59): CodeIgniter\Boot::bootWeb(Object(Config\Paths))
WARNING - 2026-06-29 06:01:00 --> [DEPRECATED] Passing lowercase HTTP method "get" is deprecated. Use uppercase HTTP method like "GET". in SYSTEMPATH\Router\RouteCollection.php on line 1026.
 1 SYSTEMPATH\Router\RouteCollection.php(1026): trigger_error('Passing lowercase HTTP method "get" is deprecated. Use uppercase HTTP method like "GET".', 16384)
 2 APPPATH\Config\Routes.php(28): CodeIgniter\Router\RouteCollection->match([...], 'authenticate', 'Admin::authenticate')
 3 SYSTEMPATH\Router\RouteCollection.php(799): CodeIgniter\Router\RouteCollection->{closure}(Object(CodeIgniter\Router\RouteCollection))
 4 APPPATH\Config\Routes.php(25): CodeIgniter\Router\RouteCollection->group('admin', [...], Object(Closure))
 5 SYSTEMPATH\Router\RouteCollection.php(339): require('C:\\xampp\\htdocs\\myfoodblog\\app\\Config\\Routes.php')
 6 SYSTEMPATH\CodeIgniter.php(818): CodeIgniter\Router\RouteCollection->loadRoutes()
 7 SYSTEMPATH\CodeIgniter.php(441): CodeIgniter\CodeIgniter->tryToRouteIt(null)
 8 SYSTEMPATH\CodeIgniter.php(340): CodeIgniter\CodeIgniter->handleRequest(null, Object(Config\Cache), false)
 9 SYSTEMPATH\Boot.php(417): CodeIgniter\CodeIgniter->run()
10 SYSTEMPATH\Boot.php(68): CodeIgniter\Boot::runCodeIgniter(Object(CodeIgniter\CodeIgniter))
11 FCPATH\index.php(59): CodeIgniter\Boot::bootWeb(Object(Config\Paths))
WARNING - 2026-06-29 06:01:00 --> [DEPRECATED] Passing lowercase HTTP method "post" is deprecated. Use uppercase HTTP method like "POST". in SYSTEMPATH\Router\RouteCollection.php on line 1026.
 1 SYSTEMPATH\Router\RouteCollection.php(1026): trigger_error('Passing lowercase HTTP method "post" is deprecated. Use uppercase HTTP method like "POST".', 16384)
 2 APPPATH\Config\Routes.php(28): CodeIgniter\Router\RouteCollection->match([...], 'authenticate', 'Admin::authenticate')
 3 SYSTEMPATH\Router\RouteCollection.php(799): CodeIgniter\Router\RouteCollection->{closure}(Object(CodeIgniter\Router\RouteCollection))
 4 APPPATH\Config\Routes.php(25): CodeIgniter\Router\RouteCollection->group('admin', [...], Object(Closure))
 5 SYSTEMPATH\Router\RouteCollection.php(339): require('C:\\xampp\\htdocs\\myfoodblog\\app\\Config\\Routes.php')
 6 SYSTEMPATH\CodeIgniter.php(818): CodeIgniter\Router\RouteCollection->loadRoutes()
 7 SYSTEMPATH\CodeIgniter.php(441): CodeIgniter\CodeIgniter->tryToRouteIt(null)
 8 SYSTEMPATH\CodeIgniter.php(340): CodeIgniter\CodeIgniter->handleRequest(null, Object(Config\Cache), false)
 9 SYSTEMPATH\Boot.php(417): CodeIgniter\CodeIgniter->run()
10 SYSTEMPATH\Boot.php(68): CodeIgniter\Boot::runCodeIgniter(Object(CodeIgniter\CodeIgniter))
11 FCPATH\index.php(59): CodeIgniter\Boot::bootWeb(Object(Config\Paths))
WARNING - 2026-06-29 06:01:07 --> [DEPRECATED] Passing lowercase HTTP method "get" is deprecated. Use uppercase HTTP method like "GET". in SYSTEMPATH\Router\RouteCollection.php on line 1026.
 1 SYSTEMPATH\Router\RouteCollection.php(1026): trigger_error('Passing lowercase HTTP method "get" is deprecated. Use uppercase HTTP method like "GET".', 16384)
 2 APPPATH\Config\Routes.php(28): CodeIgniter\Router\RouteCollection->match([...], 'authenticate', 'Admin::authenticate')
 3 SYSTEMPATH\Router\RouteCollection.php(799): CodeIgniter\Router\RouteCollection->{closure}(Object(CodeIgniter\Router\RouteCollection))
 4 APPPATH\Config\Routes.php(25): CodeIgniter\Router\RouteCollection->group('admin', [...], Object(Closure))
 5 SYSTEMPATH\Router\RouteCollection.php(339): require('C:\\xampp\\htdocs\\myfoodblog\\app\\Config\\Routes.php')
 6 SYSTEMPATH\CodeIgniter.php(818): CodeIgniter\Router\RouteCollection->loadRoutes()
 7 SYSTEMPATH\CodeIgniter.php(441): CodeIgniter\CodeIgniter->tryToRouteIt(null)
 8 SYSTEMPATH\CodeIgniter.php(340): CodeIgniter\CodeIgniter->handleRequest(null, Object(Config\Cache), false)
 9 SYSTEMPATH\Boot.php(417): CodeIgniter\CodeIgniter->run()
10 SYSTEMPATH\Boot.php(68): CodeIgniter\Boot::runCodeIgniter(Object(CodeIgniter\CodeIgniter))
11 FCPATH\index.php(59): CodeIgniter\Boot::bootWeb(Object(Config\Paths))
WARNING - 2026-06-29 06:01:07 --> [DEPRECATED] Passing lowercase HTTP method "post" is deprecated. Use uppercase HTTP method like "POST". in SYSTEMPATH\Router\RouteCollection.php on line 1026.
 1 SYSTEMPATH\Router\RouteCollection.php(1026): trigger_error('Passing lowercase HTTP method "post" is deprecated. Use uppercase HTTP method like "POST".', 16384)
 2 APPPATH\Config\Routes.php(28): CodeIgniter\Router\RouteCollection->match([...], 'authenticate', 'Admin::authenticate')
 3 SYSTEMPATH\Router\RouteCollection.php(799): CodeIgniter\Router\RouteCollection->{closure}(Object(CodeIgniter\Router\RouteCollection))
 4 APPPATH\Config\Routes.php(25): CodeIgniter\Router\RouteCollection->group('admin', [...], Object(Closure))
 5 SYSTEMPATH\Router\RouteCollection.php(339): require('C:\\xampp\\htdocs\\myfoodblog\\app\\Config\\Routes.php')
 6 SYSTEMPATH\CodeIgniter.php(818): CodeIgniter\Router\RouteCollection->loadRoutes()
 7 SYSTEMPATH\CodeIgniter.php(441): CodeIgniter\CodeIgniter->tryToRouteIt(null)
 8 SYSTEMPATH\CodeIgniter.php(340): CodeIgniter\CodeIgniter->handleRequest(null, Object(Config\Cache), false)
 9 SYSTEMPATH\Boot.php(417): CodeIgniter\CodeIgniter->run()
10 SYSTEMPATH\Boot.php(68): CodeIgniter\Boot::runCodeIgniter(Object(CodeIgniter\CodeIgniter))
11 FCPATH\index.php(59): CodeIgniter\Boot::bootWeb(Object(Config\Paths))
WARNING - 2026-06-29 06:01:07 --> [DEPRECATED] Passing lowercase HTTP method "get" is deprecated. Use uppercase HTTP method like "GET". in SYSTEMPATH\Router\RouteCollection.php on line 1026.
 1 SYSTEMPATH\Router\RouteCollection.php(1026): trigger_error('Passing lowercase HTTP method "get" is deprecated. Use uppercase HTTP method like "GET".', 16384)
 2 APPPATH\Config\Routes.php(28): CodeIgniter\Router\RouteCollection->match([...], 'authenticate', 'Admin::authenticate')
 3 SYSTEMPATH\Router\RouteCollection.php(799): CodeIgniter\Router\RouteCollection->{closure}(Object(CodeIgniter\Router\RouteCollection))
 4 APPPATH\Config\Routes.php(25): CodeIgniter\Router\RouteCollection->group('admin', [...], Object(Closure))
 5 SYSTEMPATH\Router\RouteCollection.php(339): require('C:\\xampp\\htdocs\\myfoodblog\\app\\Config\\Routes.php')
 6 SYSTEMPATH\CodeIgniter.php(818): CodeIgniter\Router\RouteCollection->loadRoutes()
 7 SYSTEMPATH\CodeIgniter.php(441): CodeIgniter\CodeIgniter->tryToRouteIt(null)
 8 SYSTEMPATH\CodeIgniter.php(340): CodeIgniter\CodeIgniter->handleRequest(null, Object(Config\Cache), false)
 9 SYSTEMPATH\Boot.php(417): CodeIgniter\CodeIgniter->run()
10 SYSTEMPATH\Boot.php(68): CodeIgniter\Boot::runCodeIgniter(Object(CodeIgniter\CodeIgniter))
11 FCPATH\index.php(59): CodeIgniter\Boot::bootWeb(Object(Config\Paths))
WARNING - 2026-06-29 06:01:07 --> [DEPRECATED] Passing lowercase HTTP method "post" is deprecated. Use uppercase HTTP method like "POST". in SYSTEMPATH\Router\RouteCollection.php on line 1026.
 1 SYSTEMPATH\Router\RouteCollection.php(1026): trigger_error('Passing lowercase HTTP method "post" is deprecated. Use uppercase HTTP method like "POST".', 16384)
 2 APPPATH\Config\Routes.php(28): CodeIgniter\Router\RouteCollection->match([...], 'authenticate', 'Admin::authenticate')
 3 SYSTEMPATH\Router\RouteCollection.php(799): CodeIgniter\Router\RouteCollection->{closure}(Object(CodeIgniter\Router\RouteCollection))
 4 APPPATH\Config\Routes.php(25): CodeIgniter\Router\RouteCollection->group('admin', [...], Object(Closure))
 5 SYSTEMPATH\Router\RouteCollection.php(339): require('C:\\xampp\\htdocs\\myfoodblog\\app\\Config\\Routes.php')
 6 SYSTEMPATH\CodeIgniter.php(818): CodeIgniter\Router\RouteCollection->loadRoutes()
 7 SYSTEMPATH\CodeIgniter.php(441): CodeIgniter\CodeIgniter->tryToRouteIt(null)
 8 SYSTEMPATH\CodeIgniter.php(340): CodeIgniter\CodeIgniter->handleRequest(null, Object(Config\Cache), false)
 9 SYSTEMPATH\Boot.php(417): CodeIgniter\CodeIgniter->run()
10 SYSTEMPATH\Boot.php(68): CodeIgniter\Boot::runCodeIgniter(Object(CodeIgniter\CodeIgniter))
11 FCPATH\index.php(59): CodeIgniter\Boot::bootWeb(Object(Config\Paths))
WARNING - 2026-06-29 06:01:22 --> [DEPRECATED] Passing lowercase HTTP method "get" is deprecated. Use uppercase HTTP method like "GET". in SYSTEMPATH\Router\RouteCollection.php on line 1026.
 1 SYSTEMPATH\Router\RouteCollection.php(1026): trigger_error('Passing lowercase HTTP method "get" is deprecated. Use uppercase HTTP method like "GET".', 16384)
 2 APPPATH\Config\Routes.php(28): CodeIgniter\Router\RouteCollection->match([...], 'authenticate', 'Admin::authenticate')
 3 SYSTEMPATH\Router\RouteCollection.php(799): CodeIgniter\Router\RouteCollection->{closure}(Object(CodeIgniter\Router\RouteCollection))
 4 APPPATH\Config\Routes.php(25): CodeIgniter\Router\RouteCollection->group('admin', [...], Object(Closure))
 5 SYSTEMPATH\Router\RouteCollection.php(339): require('C:\\xampp\\htdocs\\myfoodblog\\app\\Config\\Routes.php')
 6 SYSTEMPATH\CodeIgniter.php(818): CodeIgniter\Router\RouteCollection->loadRoutes()
 7 SYSTEMPATH\CodeIgniter.php(441): CodeIgniter\CodeIgniter->tryToRouteIt(null)
 8 SYSTEMPATH\CodeIgniter.php(340): CodeIgniter\CodeIgniter->handleRequest(null, Object(Config\Cache), false)
 9 SYSTEMPATH\Boot.php(417): CodeIgniter\CodeIgniter->run()
10 SYSTEMPATH\Boot.php(68): CodeIgniter\Boot::runCodeIgniter(Object(CodeIgniter\CodeIgniter))
11 FCPATH\index.php(59): CodeIgniter\Boot::bootWeb(Object(Config\Paths))
WARNING - 2026-06-29 06:01:22 --> [DEPRECATED] Passing lowercase HTTP method "post" is deprecated. Use uppercase HTTP method like "POST". in SYSTEMPATH\Router\RouteCollection.php on line 1026.
 1 SYSTEMPATH\Router\RouteCollection.php(1026): trigger_error('Passing lowercase HTTP method "post" is deprecated. Use uppercase HTTP method like "POST".', 16384)
 2 APPPATH\Config\Routes.php(28): CodeIgniter\Router\RouteCollection->match([...], 'authenticate', 'Admin::authenticate')
 3 SYSTEMPATH\Router\RouteCollection.php(799): CodeIgniter\Router\RouteCollection->{closure}(Object(CodeIgniter\Router\RouteCollection))
 4 APPPATH\Config\Routes.php(25): CodeIgniter\Router\RouteCollection->group('admin', [...], Object(Closure))
 5 SYSTEMPATH\Router\RouteCollection.php(339): require('C:\\xampp\\htdocs\\myfoodblog\\app\\Config\\Routes.php')
 6 SYSTEMPATH\CodeIgniter.php(818): CodeIgniter\Router\RouteCollection->loadRoutes()
 7 SYSTEMPATH\CodeIgniter.php(441): CodeIgniter\CodeIgniter->tryToRouteIt(null)
 8 SYSTEMPATH\CodeIgniter.php(340): CodeIgniter\CodeIgniter->handleRequest(null, Object(Config\Cache), false)
 9 SYSTEMPATH\Boot.php(417): CodeIgniter\CodeIgniter->run()
10 SYSTEMPATH\Boot.php(68): CodeIgniter\Boot::runCodeIgniter(Object(CodeIgniter\CodeIgniter))
11 FCPATH\index.php(59): CodeIgniter\Boot::bootWeb(Object(Config\Paths))
WARNING - 2026-06-29 06:01:23 --> [DEPRECATED] Passing lowercase HTTP method "get" is deprecated. Use uppercase HTTP method like "GET". in SYSTEMPATH\Router\RouteCollection.php on line 1026.
 1 SYSTEMPATH\Router\RouteCollection.php(1026): trigger_error('Passing lowercase HTTP method "get" is deprecated. Use uppercase HTTP method like "GET".', 16384)
 2 APPPATH\Config\Routes.php(28): CodeIgniter\Router\RouteCollection->match([...], 'authenticate', 'Admin::authenticate')
 3 SYSTEMPATH\Router\RouteCollection.php(799): CodeIgniter\Router\RouteCollection->{closure}(Object(CodeIgniter\Router\RouteCollection))
 4 APPPATH\Config\Routes.php(25): CodeIgniter\Router\RouteCollection->group('admin', [...], Object(Closure))
 5 SYSTEMPATH\Router\RouteCollection.php(339): require('C:\\xampp\\htdocs\\myfoodblog\\app\\Config\\Routes.php')
 6 SYSTEMPATH\CodeIgniter.php(818): CodeIgniter\Router\RouteCollection->loadRoutes()
 7 SYSTEMPATH\CodeIgniter.php(441): CodeIgniter\CodeIgniter->tryToRouteIt(null)
 8 SYSTEMPATH\CodeIgniter.php(340): CodeIgniter\CodeIgniter->handleRequest(null, Object(Config\Cache), false)
 9 SYSTEMPATH\Boot.php(417): CodeIgniter\CodeIgniter->run()
10 SYSTEMPATH\Boot.php(68): CodeIgniter\Boot::runCodeIgniter(Object(CodeIgniter\CodeIgniter))
11 FCPATH\index.php(59): CodeIgniter\Boot::bootWeb(Object(Config\Paths))
WARNING - 2026-06-29 06:01:23 --> [DEPRECATED] Passing lowercase HTTP method "post" is deprecated. Use uppercase HTTP method like "POST". in SYSTEMPATH\Router\RouteCollection.php on line 1026.
 1 SYSTEMPATH\Router\RouteCollection.php(1026): trigger_error('Passing lowercase HTTP method "post" is deprecated. Use uppercase HTTP method like "POST".', 16384)
 2 APPPATH\Config\Routes.php(28): CodeIgniter\Router\RouteCollection->match([...], 'authenticate', 'Admin::authenticate')
 3 SYSTEMPATH\Router\RouteCollection.php(799): CodeIgniter\Router\RouteCollection->{closure}(Object(CodeIgniter\Router\RouteCollection))
 4 APPPATH\Config\Routes.php(25): CodeIgniter\Router\RouteCollection->group('admin', [...], Object(Closure))
 5 SYSTEMPATH\Router\RouteCollection.php(339): require('C:\\xampp\\htdocs\\myfoodblog\\app\\Config\\Routes.php')
 6 SYSTEMPATH\CodeIgniter.php(818): CodeIgniter\Router\RouteCollection->loadRoutes()
 7 SYSTEMPATH\CodeIgniter.php(441): CodeIgniter\CodeIgniter->tryToRouteIt(null)
 8 SYSTEMPATH\CodeIgniter.php(340): CodeIgniter\CodeIgniter->handleRequest(null, Object(Config\Cache), false)
 9 SYSTEMPATH\Boot.php(417): CodeIgniter\CodeIgniter->run()
10 SYSTEMPATH\Boot.php(68): CodeIgniter\Boot::runCodeIgniter(Object(CodeIgniter\CodeIgniter))
11 FCPATH\index.php(59): CodeIgniter\Boot::bootWeb(Object(Config\Paths))
WARNING - 2026-06-29 06:01:27 --> [DEPRECATED] Passing lowercase HTTP method "get" is deprecated. Use uppercase HTTP method like "GET". in SYSTEMPATH\Router\RouteCollection.php on line 1026.
 1 SYSTEMPATH\Router\RouteCollection.php(1026): trigger_error('Passing lowercase HTTP method "get" is deprecated. Use uppercase HTTP method like "GET".', 16384)
 2 APPPATH\Config\Routes.php(28): CodeIgniter\Router\RouteCollection->match([...], 'authenticate', 'Admin::authenticate')
 3 SYSTEMPATH\Router\RouteCollection.php(799): CodeIgniter\Router\RouteCollection->{closure}(Object(CodeIgniter\Router\RouteCollection))
 4 APPPATH\Config\Routes.php(25): CodeIgniter\Router\RouteCollection->group('admin', [...], Object(Closure))
 5 SYSTEMPATH\Router\RouteCollection.php(339): require('C:\\xampp\\htdocs\\myfoodblog\\app\\Config\\Routes.php')
 6 SYSTEMPATH\CodeIgniter.php(818): CodeIgniter\Router\RouteCollection->loadRoutes()
 7 SYSTEMPATH\CodeIgniter.php(441): CodeIgniter\CodeIgniter->tryToRouteIt(null)
 8 SYSTEMPATH\CodeIgniter.php(340): CodeIgniter\CodeIgniter->handleRequest(null, Object(Config\Cache), false)
 9 SYSTEMPATH\Boot.php(417): CodeIgniter\CodeIgniter->run()
10 SYSTEMPATH\Boot.php(68): CodeIgniter\Boot::runCodeIgniter(Object(CodeIgniter\CodeIgniter))
11 FCPATH\index.php(59): CodeIgniter\Boot::bootWeb(Object(Config\Paths))
WARNING - 2026-06-29 06:01:27 --> [DEPRECATED] Passing lowercase HTTP method "post" is deprecated. Use uppercase HTTP method like "POST". in SYSTEMPATH\Router\RouteCollection.php on line 1026.
 1 SYSTEMPATH\Router\RouteCollection.php(1026): trigger_error('Passing lowercase HTTP method "post" is deprecated. Use uppercase HTTP method like "POST".', 16384)
 2 APPPATH\Config\Routes.php(28): CodeIgniter\Router\RouteCollection->match([...], 'authenticate', 'Admin::authenticate')
 3 SYSTEMPATH\Router\RouteCollection.php(799): CodeIgniter\Router\RouteCollection->{closure}(Object(CodeIgniter\Router\RouteCollection))
 4 APPPATH\Config\Routes.php(25): CodeIgniter\Router\RouteCollection->group('admin', [...], Object(Closure))
 5 SYSTEMPATH\Router\RouteCollection.php(339): require('C:\\xampp\\htdocs\\myfoodblog\\app\\Config\\Routes.php')
 6 SYSTEMPATH\CodeIgniter.php(818): CodeIgniter\Router\RouteCollection->loadRoutes()
 7 SYSTEMPATH\CodeIgniter.php(441): CodeIgniter\CodeIgniter->tryToRouteIt(null)
 8 SYSTEMPATH\CodeIgniter.php(340): CodeIgniter\CodeIgniter->handleRequest(null, Object(Config\Cache), false)
 9 SYSTEMPATH\Boot.php(417): CodeIgniter\CodeIgniter->run()
10 SYSTEMPATH\Boot.php(68): CodeIgniter\Boot::runCodeIgniter(Object(CodeIgniter\CodeIgniter))
11 FCPATH\index.php(59): CodeIgniter\Boot::bootWeb(Object(Config\Paths))
WARNING - 2026-06-29 06:01:27 --> [DEPRECATED] Passing lowercase HTTP method "get" is deprecated. Use uppercase HTTP method like "GET". in SYSTEMPATH\Router\RouteCollection.php on line 1026.
 1 SYSTEMPATH\Router\RouteCollection.php(1026): trigger_error('Passing lowercase HTTP method "get" is deprecated. Use uppercase HTTP method like "GET".', 16384)
 2 APPPATH\Config\Routes.php(28): CodeIgniter\Router\RouteCollection->match([...], 'authenticate', 'Admin::authenticate')
 3 SYSTEMPATH\Router\RouteCollection.php(799): CodeIgniter\Router\RouteCollection->{closure}(Object(CodeIgniter\Router\RouteCollection))
 4 APPPATH\Config\Routes.php(25): CodeIgniter\Router\RouteCollection->group('admin', [...], Object(Closure))
 5 SYSTEMPATH\Router\RouteCollection.php(339): require('C:\\xampp\\htdocs\\myfoodblog\\app\\Config\\Routes.php')
 6 SYSTEMPATH\CodeIgniter.php(818): CodeIgniter\Router\RouteCollection->loadRoutes()
 7 SYSTEMPATH\CodeIgniter.php(441): CodeIgniter\CodeIgniter->tryToRouteIt(null)
 8 SYSTEMPATH\CodeIgniter.php(340): CodeIgniter\CodeIgniter->handleRequest(null, Object(Config\Cache), false)
 9 SYSTEMPATH\Boot.php(417): CodeIgniter\CodeIgniter->run()
10 SYSTEMPATH\Boot.php(68): CodeIgniter\Boot::runCodeIgniter(Object(CodeIgniter\CodeIgniter))
11 FCPATH\index.php(59): CodeIgniter\Boot::bootWeb(Object(Config\Paths))
WARNING - 2026-06-29 06:01:27 --> [DEPRECATED] Passing lowercase HTTP method "post" is deprecated. Use uppercase HTTP method like "POST". in SYSTEMPATH\Router\RouteCollection.php on line 1026.
 1 SYSTEMPATH\Router\RouteCollection.php(1026): trigger_error('Passing lowercase HTTP method "post" is deprecated. Use uppercase HTTP method like "POST".', 16384)
 2 APPPATH\Config\Routes.php(28): CodeIgniter\Router\RouteCollection->match([...], 'authenticate', 'Admin::authenticate')
 3 SYSTEMPATH\Router\RouteCollection.php(799): CodeIgniter\Router\RouteCollection->{closure}(Object(CodeIgniter\Router\RouteCollection))
 4 APPPATH\Config\Routes.php(25): CodeIgniter\Router\RouteCollection->group('admin', [...], Object(Closure))
 5 SYSTEMPATH\Router\RouteCollection.php(339): require('C:\\xampp\\htdocs\\myfoodblog\\app\\Config\\Routes.php')
 6 SYSTEMPATH\CodeIgniter.php(818): CodeIgniter\Router\RouteCollection->loadRoutes()
 7 SYSTEMPATH\CodeIgniter.php(441): CodeIgniter\CodeIgniter->tryToRouteIt(null)
 8 SYSTEMPATH\CodeIgniter.php(340): CodeIgniter\CodeIgniter->handleRequest(null, Object(Config\Cache), false)
 9 SYSTEMPATH\Boot.php(417): CodeIgniter\CodeIgniter->run()
10 SYSTEMPATH\Boot.php(68): CodeIgniter\Boot::runCodeIgniter(Object(CodeIgniter\CodeIgniter))
11 FCPATH\index.php(59): CodeIgniter\Boot::bootWeb(Object(Config\Paths))
WARNING - 2026-06-29 06:01:37 --> [DEPRECATED] Passing lowercase HTTP method "get" is deprecated. Use uppercase HTTP method like "GET". in SYSTEMPATH\Router\RouteCollection.php on line 1026.
 1 SYSTEMPATH\Router\RouteCollection.php(1026): trigger_error('Passing lowercase HTTP method "get" is deprecated. Use uppercase HTTP method like "GET".', 16384)
 2 APPPATH\Config\Routes.php(28): CodeIgniter\Router\RouteCollection->match([...], 'authenticate', 'Admin::authenticate')
 3 SYSTEMPATH\Router\RouteCollection.php(799): CodeIgniter\Router\RouteCollection->{closure}(Object(CodeIgniter\Router\RouteCollection))
 4 APPPATH\Config\Routes.php(25): CodeIgniter\Router\RouteCollection->group('admin', [...], Object(Closure))
 5 SYSTEMPATH\Router\RouteCollection.php(339): require('C:\\xampp\\htdocs\\myfoodblog\\app\\Config\\Routes.php')
 6 SYSTEMPATH\CodeIgniter.php(818): CodeIgniter\Router\RouteCollection->loadRoutes()
 7 SYSTEMPATH\CodeIgniter.php(441): CodeIgniter\CodeIgniter->tryToRouteIt(null)
 8 SYSTEMPATH\CodeIgniter.php(340): CodeIgniter\CodeIgniter->handleRequest(null, Object(Config\Cache), false)
 9 SYSTEMPATH\Boot.php(417): CodeIgniter\CodeIgniter->run()
10 SYSTEMPATH\Boot.php(68): CodeIgniter\Boot::runCodeIgniter(Object(CodeIgniter\CodeIgniter))
11 FCPATH\index.php(59): CodeIgniter\Boot::bootWeb(Object(Config\Paths))
WARNING - 2026-06-29 06:01:37 --> [DEPRECATED] Passing lowercase HTTP method "post" is deprecated. Use uppercase HTTP method like "POST". in SYSTEMPATH\Router\RouteCollection.php on line 1026.
 1 SYSTEMPATH\Router\RouteCollection.php(1026): trigger_error('Passing lowercase HTTP method "post" is deprecated. Use uppercase HTTP method like "POST".', 16384)
 2 APPPATH\Config\Routes.php(28): CodeIgniter\Router\RouteCollection->match([...], 'authenticate', 'Admin::authenticate')
 3 SYSTEMPATH\Router\RouteCollection.php(799): CodeIgniter\Router\RouteCollection->{closure}(Object(CodeIgniter\Router\RouteCollection))
 4 APPPATH\Config\Routes.php(25): CodeIgniter\Router\RouteCollection->group('admin', [...], Object(Closure))
 5 SYSTEMPATH\Router\RouteCollection.php(339): require('C:\\xampp\\htdocs\\myfoodblog\\app\\Config\\Routes.php')
 6 SYSTEMPATH\CodeIgniter.php(818): CodeIgniter\Router\RouteCollection->loadRoutes()
 7 SYSTEMPATH\CodeIgniter.php(441): CodeIgniter\CodeIgniter->tryToRouteIt(null)
 8 SYSTEMPATH\CodeIgniter.php(340): CodeIgniter\CodeIgniter->handleRequest(null, Object(Config\Cache), false)
 9 SYSTEMPATH\Boot.php(417): CodeIgniter\CodeIgniter->run()
10 SYSTEMPATH\Boot.php(68): CodeIgniter\Boot::runCodeIgniter(Object(CodeIgniter\CodeIgniter))
11 FCPATH\index.php(59): CodeIgniter\Boot::bootWeb(Object(Config\Paths))
DEBUG - 2026-06-29 06:01:37 --> Session: Class initialized using 'CodeIgniter\Session\Handlers\FileHandler' driver.
WARNING - 2026-06-29 06:01:37 --> [DEPRECATED] Passing lowercase HTTP method "get" is deprecated. Use uppercase HTTP method like "GET". in SYSTEMPATH\Router\RouteCollection.php on line 1026.
 1 SYSTEMPATH\Router\RouteCollection.php(1026): trigger_error('Passing lowercase HTTP method "get" is deprecated. Use uppercase HTTP method like "GET".', 16384)
 2 APPPATH\Config\Routes.php(28): CodeIgniter\Router\RouteCollection->match([...], 'authenticate', 'Admin::authenticate')
 3 SYSTEMPATH\Router\RouteCollection.php(799): CodeIgniter\Router\RouteCollection->{closure}(Object(CodeIgniter\Router\RouteCollection))
 4 APPPATH\Config\Routes.php(25): CodeIgniter\Router\RouteCollection->group('admin', [...], Object(Closure))
 5 SYSTEMPATH\Router\RouteCollection.php(339): require('C:\\xampp\\htdocs\\myfoodblog\\app\\Config\\Routes.php')
 6 SYSTEMPATH\CodeIgniter.php(818): CodeIgniter\Router\RouteCollection->loadRoutes()
 7 SYSTEMPATH\CodeIgniter.php(441): CodeIgniter\CodeIgniter->tryToRouteIt(null)
 8 SYSTEMPATH\CodeIgniter.php(340): CodeIgniter\CodeIgniter->handleRequest(null, Object(Config\Cache), false)
 9 SYSTEMPATH\Boot.php(417): CodeIgniter\CodeIgniter->run()
10 SYSTEMPATH\Boot.php(68): CodeIgniter\Boot::runCodeIgniter(Object(CodeIgniter\CodeIgniter))
11 FCPATH\index.php(59): CodeIgniter\Boot::bootWeb(Object(Config\Paths))
WARNING - 2026-06-29 06:01:37 --> [DEPRECATED] Passing lowercase HTTP method "post" is deprecated. Use uppercase HTTP method like "POST". in SYSTEMPATH\Router\RouteCollection.php on line 1026.
 1 SYSTEMPATH\Router\RouteCollection.php(1026): trigger_error('Passing lowercase HTTP method "post" is deprecated. Use uppercase HTTP method like "POST".', 16384)
 2 APPPATH\Config\Routes.php(28): CodeIgniter\Router\RouteCollection->match([...], 'authenticate', 'Admin::authenticate')
 3 SYSTEMPATH\Router\RouteCollection.php(799): CodeIgniter\Router\RouteCollection->{closure}(Object(CodeIgniter\Router\RouteCollection))
 4 APPPATH\Config\Routes.php(25): CodeIgniter\Router\RouteCollection->group('admin', [...], Object(Closure))
 5 SYSTEMPATH\Router\RouteCollection.php(339): require('C:\\xampp\\htdocs\\myfoodblog\\app\\Config\\Routes.php')
 6 SYSTEMPATH\CodeIgniter.php(818): CodeIgniter\Router\RouteCollection->loadRoutes()
 7 SYSTEMPATH\CodeIgniter.php(441): CodeIgniter\CodeIgniter->tryToRouteIt(null)
 8 SYSTEMPATH\CodeIgniter.php(340): CodeIgniter\CodeIgniter->handleRequest(null, Object(Config\Cache), false)
 9 SYSTEMPATH\Boot.php(417): CodeIgniter\CodeIgniter->run()
10 SYSTEMPATH\Boot.php(68): CodeIgniter\Boot::runCodeIgniter(Object(CodeIgniter\CodeIgniter))
11 FCPATH\index.php(59): CodeIgniter\Boot::bootWeb(Object(Config\Paths))
DEBUG - 2026-06-29 06:01:37 --> Session: Class initialized using 'CodeIgniter\Session\Handlers\FileHandler' driver.
WARNING - 2026-06-29 06:01:37 --> [DEPRECATED] Passing lowercase HTTP method "get" is deprecated. Use uppercase HTTP method like "GET". in SYSTEMPATH\Router\RouteCollection.php on line 1026.
 1 SYSTEMPATH\Router\RouteCollection.php(1026): trigger_error('Passing lowercase HTTP method "get" is deprecated. Use uppercase HTTP method like "GET".', 16384)
 2 APPPATH\Config\Routes.php(28): CodeIgniter\Router\RouteCollection->match([...], 'authenticate', 'Admin::authenticate')
 3 SYSTEMPATH\Router\RouteCollection.php(799): CodeIgniter\Router\RouteCollection->{closure}(Object(CodeIgniter\Router\RouteCollection))
 4 APPPATH\Config\Routes.php(25): CodeIgniter\Router\RouteCollection->group('admin', [...], Object(Closure))
 5 SYSTEMPATH\Router\RouteCollection.php(339): require('C:\\xampp\\htdocs\\myfoodblog\\app\\Config\\Routes.php')
 6 SYSTEMPATH\CodeIgniter.php(818): CodeIgniter\Router\RouteCollection->loadRoutes()
 7 SYSTEMPATH\CodeIgniter.php(441): CodeIgniter\CodeIgniter->tryToRouteIt(null)
 8 SYSTEMPATH\CodeIgniter.php(340): CodeIgniter\CodeIgniter->handleRequest(null, Object(Config\Cache), false)
 9 SYSTEMPATH\Boot.php(417): CodeIgniter\CodeIgniter->run()
10 SYSTEMPATH\Boot.php(68): CodeIgniter\Boot::runCodeIgniter(Object(CodeIgniter\CodeIgniter))
11 FCPATH\index.php(59): CodeIgniter\Boot::bootWeb(Object(Config\Paths))
WARNING - 2026-06-29 06:01:37 --> [DEPRECATED] Passing lowercase HTTP method "post" is deprecated. Use uppercase HTTP method like "POST". in SYSTEMPATH\Router\RouteCollection.php on line 1026.
 1 SYSTEMPATH\Router\RouteCollection.php(1026): trigger_error('Passing lowercase HTTP method "post" is deprecated. Use uppercase HTTP method like "POST".', 16384)
 2 APPPATH\Config\Routes.php(28): CodeIgniter\Router\RouteCollection->match([...], 'authenticate', 'Admin::authenticate')
 3 SYSTEMPATH\Router\RouteCollection.php(799): CodeIgniter\Router\RouteCollection->{closure}(Object(CodeIgniter\Router\RouteCollection))
 4 APPPATH\Config\Routes.php(25): CodeIgniter\Router\RouteCollection->group('admin', [...], Object(Closure))
 5 SYSTEMPATH\Router\RouteCollection.php(339): require('C:\\xampp\\htdocs\\myfoodblog\\app\\Config\\Routes.php')
 6 SYSTEMPATH\CodeIgniter.php(818): CodeIgniter\Router\RouteCollection->loadRoutes()
 7 SYSTEMPATH\CodeIgniter.php(441): CodeIgniter\CodeIgniter->tryToRouteIt(null)
 8 SYSTEMPATH\CodeIgniter.php(340): CodeIgniter\CodeIgniter->handleRequest(null, Object(Config\Cache), false)
 9 SYSTEMPATH\Boot.php(417): CodeIgniter\CodeIgniter->run()
10 SYSTEMPATH\Boot.php(68): CodeIgniter\Boot::runCodeIgniter(Object(CodeIgniter\CodeIgniter))
11 FCPATH\index.php(59): CodeIgniter\Boot::bootWeb(Object(Config\Paths))
WARNING - 2026-06-29 06:01:37 --> [DEPRECATED] Passing lowercase HTTP method "get" is deprecated. Use uppercase HTTP method like "GET". in SYSTEMPATH\Router\RouteCollection.php on line 1026.
 1 SYSTEMPATH\Router\RouteCollection.php(1026): trigger_error('Passing lowercase HTTP method "get" is deprecated. Use uppercase HTTP method like "GET".', 16384)
 2 APPPATH\Config\Routes.php(28): CodeIgniter\Router\RouteCollection->match([...], 'authenticate', 'Admin::authenticate')
 3 SYSTEMPATH\Router\RouteCollection.php(799): CodeIgniter\Router\RouteCollection->{closure}(Object(CodeIgniter\Router\RouteCollection))
 4 APPPATH\Config\Routes.php(25): CodeIgniter\Router\RouteCollection->group('admin', [...], Object(Closure))
 5 SYSTEMPATH\Router\RouteCollection.php(339): require('C:\\xampp\\htdocs\\myfoodblog\\app\\Config\\Routes.php')
 6 SYSTEMPATH\CodeIgniter.php(818): CodeIgniter\Router\RouteCollection->loadRoutes()
 7 SYSTEMPATH\CodeIgniter.php(441): CodeIgniter\CodeIgniter->tryToRouteIt(null)
 8 SYSTEMPATH\CodeIgniter.php(340): CodeIgniter\CodeIgniter->handleRequest(null, Object(Config\Cache), false)
 9 SYSTEMPATH\Boot.php(417): CodeIgniter\CodeIgniter->run()
10 SYSTEMPATH\Boot.php(68): CodeIgniter\Boot::runCodeIgniter(Object(CodeIgniter\CodeIgniter))
11 FCPATH\index.php(59): CodeIgniter\Boot::bootWeb(Object(Config\Paths))
WARNING - 2026-06-29 06:01:37 --> [DEPRECATED] Passing lowercase HTTP method "post" is deprecated. Use uppercase HTTP method like "POST". in SYSTEMPATH\Router\RouteCollection.php on line 1026.
 1 SYSTEMPATH\Router\RouteCollection.php(1026): trigger_error('Passing lowercase HTTP method "post" is deprecated. Use uppercase HTTP method like "POST".', 16384)
 2 APPPATH\Config\Routes.php(28): CodeIgniter\Router\RouteCollection->match([...], 'authenticate', 'Admin::authenticate')
 3 SYSTEMPATH\Router\RouteCollection.php(799): CodeIgniter\Router\RouteCollection->{closure}(Object(CodeIgniter\Router\RouteCollection))
 4 APPPATH\Config\Routes.php(25): CodeIgniter\Router\RouteCollection->group('admin', [...], Object(Closure))
 5 SYSTEMPATH\Router\RouteCollection.php(339): require('C:\\xampp\\htdocs\\myfoodblog\\app\\Config\\Routes.php')
 6 SYSTEMPATH\CodeIgniter.php(818): CodeIgniter\Router\RouteCollection->loadRoutes()
 7 SYSTEMPATH\CodeIgniter.php(441): CodeIgniter\CodeIgniter->tryToRouteIt(null)
 8 SYSTEMPATH\CodeIgniter.php(340): CodeIgniter\CodeIgniter->handleRequest(null, Object(Config\Cache), false)
 9 SYSTEMPATH\Boot.php(417): CodeIgniter\CodeIgniter->run()
10 SYSTEMPATH\Boot.php(68): CodeIgniter\Boot::runCodeIgniter(Object(CodeIgniter\CodeIgniter))
11 FCPATH\index.php(59): CodeIgniter\Boot::bootWeb(Object(Config\Paths))
WARNING - 2026-06-29 06:01:40 --> [DEPRECATED] Passing lowercase HTTP method "get" is deprecated. Use uppercase HTTP method like "GET". in SYSTEMPATH\Router\RouteCollection.php on line 1026.
 1 SYSTEMPATH\Router\RouteCollection.php(1026): trigger_error('Passing lowercase HTTP method "get" is deprecated. Use uppercase HTTP method like "GET".', 16384)
 2 APPPATH\Config\Routes.php(28): CodeIgniter\Router\RouteCollection->match([...], 'authenticate', 'Admin::authenticate')
 3 SYSTEMPATH\Router\RouteCollection.php(799): CodeIgniter\Router\RouteCollection->{closure}(Object(CodeIgniter\Router\RouteCollection))
 4 APPPATH\Config\Routes.php(25): CodeIgniter\Router\RouteCollection->group('admin', [...], Object(Closure))
 5 SYSTEMPATH\Router\RouteCollection.php(339): require('C:\\xampp\\htdocs\\myfoodblog\\app\\Config\\Routes.php')
 6 SYSTEMPATH\CodeIgniter.php(818): CodeIgniter\Router\RouteCollection->loadRoutes()
 7 SYSTEMPATH\CodeIgniter.php(441): CodeIgniter\CodeIgniter->tryToRouteIt(null)
 8 SYSTEMPATH\CodeIgniter.php(340): CodeIgniter\CodeIgniter->handleRequest(null, Object(Config\Cache), false)
 9 SYSTEMPATH\Boot.php(417): CodeIgniter\CodeIgniter->run()
10 SYSTEMPATH\Boot.php(68): CodeIgniter\Boot::runCodeIgniter(Object(CodeIgniter\CodeIgniter))
11 FCPATH\index.php(59): CodeIgniter\Boot::bootWeb(Object(Config\Paths))
WARNING - 2026-06-29 06:01:40 --> [DEPRECATED] Passing lowercase HTTP method "post" is deprecated. Use uppercase HTTP method like "POST". in SYSTEMPATH\Router\RouteCollection.php on line 1026.
 1 SYSTEMPATH\Router\RouteCollection.php(1026): trigger_error('Passing lowercase HTTP method "post" is deprecated. Use uppercase HTTP method like "POST".', 16384)
 2 APPPATH\Config\Routes.php(28): CodeIgniter\Router\RouteCollection->match([...], 'authenticate', 'Admin::authenticate')
 3 SYSTEMPATH\Router\RouteCollection.php(799): CodeIgniter\Router\RouteCollection->{closure}(Object(CodeIgniter\Router\RouteCollection))
 4 APPPATH\Config\Routes.php(25): CodeIgniter\Router\RouteCollection->group('admin', [...], Object(Closure))
 5 SYSTEMPATH\Router\RouteCollection.php(339): require('C:\\xampp\\htdocs\\myfoodblog\\app\\Config\\Routes.php')
 6 SYSTEMPATH\CodeIgniter.php(818): CodeIgniter\Router\RouteCollection->loadRoutes()
 7 SYSTEMPATH\CodeIgniter.php(441): CodeIgniter\CodeIgniter->tryToRouteIt(null)
 8 SYSTEMPATH\CodeIgniter.php(340): CodeIgniter\CodeIgniter->handleRequest(null, Object(Config\Cache), false)
 9 SYSTEMPATH\Boot.php(417): CodeIgniter\CodeIgniter->run()
10 SYSTEMPATH\Boot.php(68): CodeIgniter\Boot::runCodeIgniter(Object(CodeIgniter\CodeIgniter))
11 FCPATH\index.php(59): CodeIgniter\Boot::bootWeb(Object(Config\Paths))
DEBUG - 2026-06-29 06:01:40 --> Session: Class initialized using 'CodeIgniter\Session\Handlers\FileHandler' driver.
WARNING - 2026-06-29 06:01:40 --> [DEPRECATED] Passing lowercase HTTP method "get" is deprecated. Use uppercase HTTP method like "GET". in SYSTEMPATH\Router\RouteCollection.php on line 1026.
 1 SYSTEMPATH\Router\RouteCollection.php(1026): trigger_error('Passing lowercase HTTP method "get" is deprecated. Use uppercase HTTP method like "GET".', 16384)
 2 APPPATH\Config\Routes.php(28): CodeIgniter\Router\RouteCollection->match([...], 'authenticate', 'Admin::authenticate')
 3 SYSTEMPATH\Router\RouteCollection.php(799): CodeIgniter\Router\RouteCollection->{closure}(Object(CodeIgniter\Router\RouteCollection))
 4 APPPATH\Config\Routes.php(25): CodeIgniter\Router\RouteCollection->group('admin', [...], Object(Closure))
 5 SYSTEMPATH\Router\RouteCollection.php(339): require('C:\\xampp\\htdocs\\myfoodblog\\app\\Config\\Routes.php')
 6 SYSTEMPATH\CodeIgniter.php(818): CodeIgniter\Router\RouteCollection->loadRoutes()
 7 SYSTEMPATH\CodeIgniter.php(441): CodeIgniter\CodeIgniter->tryToRouteIt(null)
 8 SYSTEMPATH\CodeIgniter.php(340): CodeIgniter\CodeIgniter->handleRequest(null, Object(Config\Cache), false)
 9 SYSTEMPATH\Boot.php(417): CodeIgniter\CodeIgniter->run()
10 SYSTEMPATH\Boot.php(68): CodeIgniter\Boot::runCodeIgniter(Object(CodeIgniter\CodeIgniter))
11 FCPATH\index.php(59): CodeIgniter\Boot::bootWeb(Object(Config\Paths))
WARNING - 2026-06-29 06:01:40 --> [DEPRECATED] Passing lowercase HTTP method "post" is deprecated. Use uppercase HTTP method like "POST". in SYSTEMPATH\Router\RouteCollection.php on line 1026.
 1 SYSTEMPATH\Router\RouteCollection.php(1026): trigger_error('Passing lowercase HTTP method "post" is deprecated. Use uppercase HTTP method like "POST".', 16384)
 2 APPPATH\Config\Routes.php(28): CodeIgniter\Router\RouteCollection->match([...], 'authenticate', 'Admin::authenticate')
 3 SYSTEMPATH\Router\RouteCollection.php(799): CodeIgniter\Router\RouteCollection->{closure}(Object(CodeIgniter\Router\RouteCollection))
 4 APPPATH\Config\Routes.php(25): CodeIgniter\Router\RouteCollection->group('admin', [...], Object(Closure))
 5 SYSTEMPATH\Router\RouteCollection.php(339): require('C:\\xampp\\htdocs\\myfoodblog\\app\\Config\\Routes.php')
 6 SYSTEMPATH\CodeIgniter.php(818): CodeIgniter\Router\RouteCollection->loadRoutes()
 7 SYSTEMPATH\CodeIgniter.php(441): CodeIgniter\CodeIgniter->tryToRouteIt(null)
 8 SYSTEMPATH\CodeIgniter.php(340): CodeIgniter\CodeIgniter->handleRequest(null, Object(Config\Cache), false)
 9 SYSTEMPATH\Boot.php(417): CodeIgniter\CodeIgniter->run()
10 SYSTEMPATH\Boot.php(68): CodeIgniter\Boot::runCodeIgniter(Object(CodeIgniter\CodeIgniter))
11 FCPATH\index.php(59): CodeIgniter\Boot::bootWeb(Object(Config\Paths))
WARNING - 2026-06-29 06:01:40 --> [DEPRECATED] Passing lowercase HTTP method "get" is deprecated. Use uppercase HTTP method like "GET". in SYSTEMPATH\Router\RouteCollection.php on line 1026.
 1 SYSTEMPATH\Router\RouteCollection.php(1026): trigger_error('Passing lowercase HTTP method "get" is deprecated. Use uppercase HTTP method like "GET".', 16384)
 2 APPPATH\Config\Routes.php(28): CodeIgniter\Router\RouteCollection->match([...], 'authenticate', 'Admin::authenticate')
 3 SYSTEMPATH\Router\RouteCollection.php(799): CodeIgniter\Router\RouteCollection->{closure}(Object(CodeIgniter\Router\RouteCollection))
 4 APPPATH\Config\Routes.php(25): CodeIgniter\Router\RouteCollection->group('admin', [...], Object(Closure))
 5 SYSTEMPATH\Router\RouteCollection.php(339): require('C:\\xampp\\htdocs\\myfoodblog\\app\\Config\\Routes.php')
 6 SYSTEMPATH\CodeIgniter.php(818): CodeIgniter\Router\RouteCollection->loadRoutes()
 7 SYSTEMPATH\CodeIgniter.php(441): CodeIgniter\CodeIgniter->tryToRouteIt(null)
 8 SYSTEMPATH\CodeIgniter.php(340): CodeIgniter\CodeIgniter->handleRequest(null, Object(Config\Cache), false)
 9 SYSTEMPATH\Boot.php(417): CodeIgniter\CodeIgniter->run()
10 SYSTEMPATH\Boot.php(68): CodeIgniter\Boot::runCodeIgniter(Object(CodeIgniter\CodeIgniter))
11 FCPATH\index.php(59): CodeIgniter\Boot::bootWeb(Object(Config\Paths))
WARNING - 2026-06-29 06:01:40 --> [DEPRECATED] Passing lowercase HTTP method "post" is deprecated. Use uppercase HTTP method like "POST". in SYSTEMPATH\Router\RouteCollection.php on line 1026.
 1 SYSTEMPATH\Router\RouteCollection.php(1026): trigger_error('Passing lowercase HTTP method "post" is deprecated. Use uppercase HTTP method like "POST".', 16384)
 2 APPPATH\Config\Routes.php(28): CodeIgniter\Router\RouteCollection->match([...], 'authenticate', 'Admin::authenticate')
 3 SYSTEMPATH\Router\RouteCollection.php(799): CodeIgniter\Router\RouteCollection->{closure}(Object(CodeIgniter\Router\RouteCollection))
 4 APPPATH\Config\Routes.php(25): CodeIgniter\Router\RouteCollection->group('admin', [...], Object(Closure))
 5 SYSTEMPATH\Router\RouteCollection.php(339): require('C:\\xampp\\htdocs\\myfoodblog\\app\\Config\\Routes.php')
 6 SYSTEMPATH\CodeIgniter.php(818): CodeIgniter\Router\RouteCollection->loadRoutes()
 7 SYSTEMPATH\CodeIgniter.php(441): CodeIgniter\CodeIgniter->tryToRouteIt(null)
 8 SYSTEMPATH\CodeIgniter.php(340): CodeIgniter\CodeIgniter->handleRequest(null, Object(Config\Cache), false)
 9 SYSTEMPATH\Boot.php(417): CodeIgniter\CodeIgniter->run()
10 SYSTEMPATH\Boot.php(68): CodeIgniter\Boot::runCodeIgniter(Object(CodeIgniter\CodeIgniter))
11 FCPATH\index.php(59): CodeIgniter\Boot::bootWeb(Object(Config\Paths))
WARNING - 2026-06-29 06:01:43 --> [DEPRECATED] Passing lowercase HTTP method "get" is deprecated. Use uppercase HTTP method like "GET". in SYSTEMPATH\Router\RouteCollection.php on line 1026.
 1 SYSTEMPATH\Router\RouteCollection.php(1026): trigger_error('Passing lowercase HTTP method "get" is deprecated. Use uppercase HTTP method like "GET".', 16384)
 2 APPPATH\Config\Routes.php(28): CodeIgniter\Router\RouteCollection->match([...], 'authenticate', 'Admin::authenticate')
 3 SYSTEMPATH\Router\RouteCollection.php(799): CodeIgniter\Router\RouteCollection->{closure}(Object(CodeIgniter\Router\RouteCollection))
 4 APPPATH\Config\Routes.php(25): CodeIgniter\Router\RouteCollection->group('admin', [...], Object(Closure))
 5 SYSTEMPATH\Router\RouteCollection.php(339): require('C:\\xampp\\htdocs\\myfoodblog\\app\\Config\\Routes.php')
 6 SYSTEMPATH\CodeIgniter.php(818): CodeIgniter\Router\RouteCollection->loadRoutes()
 7 SYSTEMPATH\CodeIgniter.php(441): CodeIgniter\CodeIgniter->tryToRouteIt(null)
 8 SYSTEMPATH\CodeIgniter.php(340): CodeIgniter\CodeIgniter->handleRequest(null, Object(Config\Cache), false)
 9 SYSTEMPATH\Boot.php(417): CodeIgniter\CodeIgniter->run()
10 SYSTEMPATH\Boot.php(68): CodeIgniter\Boot::runCodeIgniter(Object(CodeIgniter\CodeIgniter))
11 FCPATH\index.php(59): CodeIgniter\Boot::bootWeb(Object(Config\Paths))
WARNING - 2026-06-29 06:01:43 --> [DEPRECATED] Passing lowercase HTTP method "post" is deprecated. Use uppercase HTTP method like "POST". in SYSTEMPATH\Router\RouteCollection.php on line 1026.
 1 SYSTEMPATH\Router\RouteCollection.php(1026): trigger_error('Passing lowercase HTTP method "post" is deprecated. Use uppercase HTTP method like "POST".', 16384)
 2 APPPATH\Config\Routes.php(28): CodeIgniter\Router\RouteCollection->match([...], 'authenticate', 'Admin::authenticate')
 3 SYSTEMPATH\Router\RouteCollection.php(799): CodeIgniter\Router\RouteCollection->{closure}(Object(CodeIgniter\Router\RouteCollection))
 4 APPPATH\Config\Routes.php(25): CodeIgniter\Router\RouteCollection->group('admin', [...], Object(Closure))
 5 SYSTEMPATH\Router\RouteCollection.php(339): require('C:\\xampp\\htdocs\\myfoodblog\\app\\Config\\Routes.php')
 6 SYSTEMPATH\CodeIgniter.php(818): CodeIgniter\Router\RouteCollection->loadRoutes()
 7 SYSTEMPATH\CodeIgniter.php(441): CodeIgniter\CodeIgniter->tryToRouteIt(null)
 8 SYSTEMPATH\CodeIgniter.php(340): CodeIgniter\CodeIgniter->handleRequest(null, Object(Config\Cache), false)
 9 SYSTEMPATH\Boot.php(417): CodeIgniter\CodeIgniter->run()
10 SYSTEMPATH\Boot.php(68): CodeIgniter\Boot::runCodeIgniter(Object(CodeIgniter\CodeIgniter))
11 FCPATH\index.php(59): CodeIgniter\Boot::bootWeb(Object(Config\Paths))
DEBUG - 2026-06-29 06:01:43 --> Session: Class initialized using 'CodeIgniter\Session\Handlers\FileHandler' driver.
WARNING - 2026-06-29 06:01:43 --> [DEPRECATED] Passing lowercase HTTP method "get" is deprecated. Use uppercase HTTP method like "GET". in SYSTEMPATH\Router\RouteCollection.php on line 1026.
 1 SYSTEMPATH\Router\RouteCollection.php(1026): trigger_error('Passing lowercase HTTP method "get" is deprecated. Use uppercase HTTP method like "GET".', 16384)
 2 APPPATH\Config\Routes.php(28): CodeIgniter\Router\RouteCollection->match([...], 'authenticate', 'Admin::authenticate')
 3 SYSTEMPATH\Router\RouteCollection.php(799): CodeIgniter\Router\RouteCollection->{closure}(Object(CodeIgniter\Router\RouteCollection))
 4 APPPATH\Config\Routes.php(25): CodeIgniter\Router\RouteCollection->group('admin', [...], Object(Closure))
 5 SYSTEMPATH\Router\RouteCollection.php(339): require('C:\\xampp\\htdocs\\myfoodblog\\app\\Config\\Routes.php')
 6 SYSTEMPATH\CodeIgniter.php(818): CodeIgniter\Router\RouteCollection->loadRoutes()
 7 SYSTEMPATH\CodeIgniter.php(441): CodeIgniter\CodeIgniter->tryToRouteIt(null)
 8 SYSTEMPATH\CodeIgniter.php(340): CodeIgniter\CodeIgniter->handleRequest(null, Object(Config\Cache), false)
 9 SYSTEMPATH\Boot.php(417): CodeIgniter\CodeIgniter->run()
10 SYSTEMPATH\Boot.php(68): CodeIgniter\Boot::runCodeIgniter(Object(CodeIgniter\CodeIgniter))
11 FCPATH\index.php(59): CodeIgniter\Boot::bootWeb(Object(Config\Paths))
WARNING - 2026-06-29 06:01:43 --> [DEPRECATED] Passing lowercase HTTP method "get" is deprecated. Use uppercase HTTP method like "GET". in SYSTEMPATH\Router\RouteCollection.php on line 1026.
 1 SYSTEMPATH\Router\RouteCollection.php(1026): trigger_error('Passing lowercase HTTP method "get" is deprecated. Use uppercase HTTP method like "GET".', 16384)
 2 APPPATH\Config\Routes.php(28): CodeIgniter\Router\RouteCollection->match([...], 'authenticate', 'Admin::authenticate')
 3 SYSTEMPATH\Router\RouteCollection.php(799): CodeIgniter\Router\RouteCollection->{closure}(Object(CodeIgniter\Router\RouteCollection))
 4 APPPATH\Config\Routes.php(25): CodeIgniter\Router\RouteCollection->group('admin', [...], Object(Closure))
 5 SYSTEMPATH\Router\RouteCollection.php(339): require('C:\\xampp\\htdocs\\myfoodblog\\app\\Config\\Routes.php')
 6 SYSTEMPATH\CodeIgniter.php(818): CodeIgniter\Router\RouteCollection->loadRoutes()
 7 SYSTEMPATH\CodeIgniter.php(441): CodeIgniter\CodeIgniter->tryToRouteIt(null)
 8 SYSTEMPATH\CodeIgniter.php(340): CodeIgniter\CodeIgniter->handleRequest(null, Object(Config\Cache), false)
 9 SYSTEMPATH\Boot.php(417): CodeIgniter\CodeIgniter->run()
10 SYSTEMPATH\Boot.php(68): CodeIgniter\Boot::runCodeIgniter(Object(CodeIgniter\CodeIgniter))
11 FCPATH\index.php(59): CodeIgniter\Boot::bootWeb(Object(Config\Paths))
WARNING - 2026-06-29 06:01:43 --> [DEPRECATED] Passing lowercase HTTP method "post" is deprecated. Use uppercase HTTP method like "POST". in SYSTEMPATH\Router\RouteCollection.php on line 1026.
 1 SYSTEMPATH\Router\RouteCollection.php(1026): trigger_error('Passing lowercase HTTP method "post" is deprecated. Use uppercase HTTP method like "POST".', 16384)
 2 APPPATH\Config\Routes.php(28): CodeIgniter\Router\RouteCollection->match([...], 'authenticate', 'Admin::authenticate')
 3 SYSTEMPATH\Router\RouteCollection.php(799): CodeIgniter\Router\RouteCollection->{closure}(Object(CodeIgniter\Router\RouteCollection))
 4 APPPATH\Config\Routes.php(25): CodeIgniter\Router\RouteCollection->group('admin', [...], Object(Closure))
 5 SYSTEMPATH\Router\RouteCollection.php(339): require('C:\\xampp\\htdocs\\myfoodblog\\app\\Config\\Routes.php')
 6 SYSTEMPATH\CodeIgniter.php(818): CodeIgniter\Router\RouteCollection->loadRoutes()
 7 SYSTEMPATH\CodeIgniter.php(441): CodeIgniter\CodeIgniter->tryToRouteIt(null)
 8 SYSTEMPATH\CodeIgniter.php(340): CodeIgniter\CodeIgniter->handleRequest(null, Object(Config\Cache), false)
 9 SYSTEMPATH\Boot.php(417): CodeIgniter\CodeIgniter->run()
10 SYSTEMPATH\Boot.php(68): CodeIgniter\Boot::runCodeIgniter(Object(CodeIgniter\CodeIgniter))
11 FCPATH\index.php(59): CodeIgniter\Boot::bootWeb(Object(Config\Paths))
WARNING - 2026-06-29 06:01:43 --> [DEPRECATED] Passing lowercase HTTP method "post" is deprecated. Use uppercase HTTP method like "POST". in SYSTEMPATH\Router\RouteCollection.php on line 1026.
 1 SYSTEMPATH\Router\RouteCollection.php(1026): trigger_error('Passing lowercase HTTP method "post" is deprecated. Use uppercase HTTP method like "POST".', 16384)
 2 APPPATH\Config\Routes.php(28): CodeIgniter\Router\RouteCollection->match([...], 'authenticate', 'Admin::authenticate')
 3 SYSTEMPATH\Router\RouteCollection.php(799): CodeIgniter\Router\RouteCollection->{closure}(Object(CodeIgniter\Router\RouteCollection))
 4 APPPATH\Config\Routes.php(25): CodeIgniter\Router\RouteCollection->group('admin', [...], Object(Closure))
 5 SYSTEMPATH\Router\RouteCollection.php(339): require('C:\\xampp\\htdocs\\myfoodblog\\app\\Config\\Routes.php')
 6 SYSTEMPATH\CodeIgniter.php(818): CodeIgniter\Router\RouteCollection->loadRoutes()
 7 SYSTEMPATH\CodeIgniter.php(441): CodeIgniter\CodeIgniter->tryToRouteIt(null)
 8 SYSTEMPATH\CodeIgniter.php(340): CodeIgniter\CodeIgniter->handleRequest(null, Object(Config\Cache), false)
 9 SYSTEMPATH\Boot.php(417): CodeIgniter\CodeIgniter->run()
10 SYSTEMPATH\Boot.php(68): CodeIgniter\Boot::runCodeIgniter(Object(CodeIgniter\CodeIgniter))
11 FCPATH\index.php(59): CodeIgniter\Boot::bootWeb(Object(Config\Paths))
WARNING - 2026-06-29 06:01:45 --> [DEPRECATED] Passing lowercase HTTP method "get" is deprecated. Use uppercase HTTP method like "GET". in SYSTEMPATH\Router\RouteCollection.php on line 1026.
 1 SYSTEMPATH\Router\RouteCollection.php(1026): trigger_error('Passing lowercase HTTP method "get" is deprecated. Use uppercase HTTP method like "GET".', 16384)
 2 APPPATH\Config\Routes.php(28): CodeIgniter\Router\RouteCollection->match([...], 'authenticate', 'Admin::authenticate')
 3 SYSTEMPATH\Router\RouteCollection.php(799): CodeIgniter\Router\RouteCollection->{closure}(Object(CodeIgniter\Router\RouteCollection))
 4 APPPATH\Config\Routes.php(25): CodeIgniter\Router\RouteCollection->group('admin', [...], Object(Closure))
 5 SYSTEMPATH\Router\RouteCollection.php(339): require('C:\\xampp\\htdocs\\myfoodblog\\app\\Config\\Routes.php')
 6 SYSTEMPATH\CodeIgniter.php(818): CodeIgniter\Router\RouteCollection->loadRoutes()
 7 SYSTEMPATH\CodeIgniter.php(441): CodeIgniter\CodeIgniter->tryToRouteIt(null)
 8 SYSTEMPATH\CodeIgniter.php(340): CodeIgniter\CodeIgniter->handleRequest(null, Object(Config\Cache), false)
 9 SYSTEMPATH\Boot.php(417): CodeIgniter\CodeIgniter->run()
10 SYSTEMPATH\Boot.php(68): CodeIgniter\Boot::runCodeIgniter(Object(CodeIgniter\CodeIgniter))
11 FCPATH\index.php(59): CodeIgniter\Boot::bootWeb(Object(Config\Paths))
WARNING - 2026-06-29 06:01:45 --> [DEPRECATED] Passing lowercase HTTP method "post" is deprecated. Use uppercase HTTP method like "POST". in SYSTEMPATH\Router\RouteCollection.php on line 1026.
 1 SYSTEMPATH\Router\RouteCollection.php(1026): trigger_error('Passing lowercase HTTP method "post" is deprecated. Use uppercase HTTP method like "POST".', 16384)
 2 APPPATH\Config\Routes.php(28): CodeIgniter\Router\RouteCollection->match([...], 'authenticate', 'Admin::authenticate')
 3 SYSTEMPATH\Router\RouteCollection.php(799): CodeIgniter\Router\RouteCollection->{closure}(Object(CodeIgniter\Router\RouteCollection))
 4 APPPATH\Config\Routes.php(25): CodeIgniter\Router\RouteCollection->group('admin', [...], Object(Closure))
 5 SYSTEMPATH\Router\RouteCollection.php(339): require('C:\\xampp\\htdocs\\myfoodblog\\app\\Config\\Routes.php')
 6 SYSTEMPATH\CodeIgniter.php(818): CodeIgniter\Router\RouteCollection->loadRoutes()
 7 SYSTEMPATH\CodeIgniter.php(441): CodeIgniter\CodeIgniter->tryToRouteIt(null)
 8 SYSTEMPATH\CodeIgniter.php(340): CodeIgniter\CodeIgniter->handleRequest(null, Object(Config\Cache), false)
 9 SYSTEMPATH\Boot.php(417): CodeIgniter\CodeIgniter->run()
10 SYSTEMPATH\Boot.php(68): CodeIgniter\Boot::runCodeIgniter(Object(CodeIgniter\CodeIgniter))
11 FCPATH\index.php(59): CodeIgniter\Boot::bootWeb(Object(Config\Paths))
DEBUG - 2026-06-29 06:01:45 --> Session: Class initialized using 'CodeIgniter\Session\Handlers\FileHandler' driver.
WARNING - 2026-06-29 06:01:45 --> [DEPRECATED] Passing lowercase HTTP method "get" is deprecated. Use uppercase HTTP method like "GET". in SYSTEMPATH\Router\RouteCollection.php on line 1026.
 1 SYSTEMPATH\Router\RouteCollection.php(1026): trigger_error('Passing lowercase HTTP method "get" is deprecated. Use uppercase HTTP method like "GET".', 16384)
 2 APPPATH\Config\Routes.php(28): CodeIgniter\Router\RouteCollection->match([...], 'authenticate', 'Admin::authenticate')
 3 SYSTEMPATH\Router\RouteCollection.php(799): CodeIgniter\Router\RouteCollection->{closure}(Object(CodeIgniter\Router\RouteCollection))
 4 APPPATH\Config\Routes.php(25): CodeIgniter\Router\RouteCollection->group('admin', [...], Object(Closure))
 5 SYSTEMPATH\Router\RouteCollection.php(339): require('C:\\xampp\\htdocs\\myfoodblog\\app\\Config\\Routes.php')
 6 SYSTEMPATH\CodeIgniter.php(818): CodeIgniter\Router\RouteCollection->loadRoutes()
 7 SYSTEMPATH\CodeIgniter.php(441): CodeIgniter\CodeIgniter->tryToRouteIt(null)
 8 SYSTEMPATH\CodeIgniter.php(340): CodeIgniter\CodeIgniter->handleRequest(null, Object(Config\Cache), false)
 9 SYSTEMPATH\Boot.php(417): CodeIgniter\CodeIgniter->run()
10 SYSTEMPATH\Boot.php(68): CodeIgniter\Boot::runCodeIgniter(Object(CodeIgniter\CodeIgniter))
11 FCPATH\index.php(59): CodeIgniter\Boot::bootWeb(Object(Config\Paths))
WARNING - 2026-06-29 06:01:45 --> [DEPRECATED] Passing lowercase HTTP method "get" is deprecated. Use uppercase HTTP method like "GET". in SYSTEMPATH\Router\RouteCollection.php on line 1026.
 1 SYSTEMPATH\Router\RouteCollection.php(1026): trigger_error('Passing lowercase HTTP method "get" is deprecated. Use uppercase HTTP method like "GET".', 16384)
 2 APPPATH\Config\Routes.php(28): CodeIgniter\Router\RouteCollection->match([...], 'authenticate', 'Admin::authenticate')
 3 SYSTEMPATH\Router\RouteCollection.php(799): CodeIgniter\Router\RouteCollection->{closure}(Object(CodeIgniter\Router\RouteCollection))
 4 APPPATH\Config\Routes.php(25): CodeIgniter\Router\RouteCollection->group('admin', [...], Object(Closure))
 5 SYSTEMPATH\Router\RouteCollection.php(339): require('C:\\xampp\\htdocs\\myfoodblog\\app\\Config\\Routes.php')
 6 SYSTEMPATH\CodeIgniter.php(818): CodeIgniter\Router\RouteCollection->loadRoutes()
 7 SYSTEMPATH\CodeIgniter.php(441): CodeIgniter\CodeIgniter->tryToRouteIt(null)
 8 SYSTEMPATH\CodeIgniter.php(340): CodeIgniter\CodeIgniter->handleRequest(null, Object(Config\Cache), false)
 9 SYSTEMPATH\Boot.php(417): CodeIgniter\CodeIgniter->run()
10 SYSTEMPATH\Boot.php(68): CodeIgniter\Boot::runCodeIgniter(Object(CodeIgniter\CodeIgniter))
11 FCPATH\index.php(59): CodeIgniter\Boot::bootWeb(Object(Config\Paths))
WARNING - 2026-06-29 06:01:45 --> [DEPRECATED] Passing lowercase HTTP method "post" is deprecated. Use uppercase HTTP method like "POST". in SYSTEMPATH\Router\RouteCollection.php on line 1026.
 1 SYSTEMPATH\Router\RouteCollection.php(1026): trigger_error('Passing lowercase HTTP method "post" is deprecated. Use uppercase HTTP method like "POST".', 16384)
 2 APPPATH\Config\Routes.php(28): CodeIgniter\Router\RouteCollection->match([...], 'authenticate', 'Admin::authenticate')
 3 SYSTEMPATH\Router\RouteCollection.php(799): CodeIgniter\Router\RouteCollection->{closure}(Object(CodeIgniter\Router\RouteCollection))
 4 APPPATH\Config\Routes.php(25): CodeIgniter\Router\RouteCollection->group('admin', [...], Object(Closure))
 5 SYSTEMPATH\Router\RouteCollection.php(339): require('C:\\xampp\\htdocs\\myfoodblog\\app\\Config\\Routes.php')
 6 SYSTEMPATH\CodeIgniter.php(818): CodeIgniter\Router\RouteCollection->loadRoutes()
 7 SYSTEMPATH\CodeIgniter.php(441): CodeIgniter\CodeIgniter->tryToRouteIt(null)
 8 SYSTEMPATH\CodeIgniter.php(340): CodeIgniter\CodeIgniter->handleRequest(null, Object(Config\Cache), false)
 9 SYSTEMPATH\Boot.php(417): CodeIgniter\CodeIgniter->run()
10 SYSTEMPATH\Boot.php(68): CodeIgniter\Boot::runCodeIgniter(Object(CodeIgniter\CodeIgniter))
11 FCPATH\index.php(59): CodeIgniter\Boot::bootWeb(Object(Config\Paths))
WARNING - 2026-06-29 06:01:45 --> [DEPRECATED] Passing lowercase HTTP method "post" is deprecated. Use uppercase HTTP method like "POST". in SYSTEMPATH\Router\RouteCollection.php on line 1026.
 1 SYSTEMPATH\Router\RouteCollection.php(1026): trigger_error('Passing lowercase HTTP method "post" is deprecated. Use uppercase HTTP method like "POST".', 16384)
 2 APPPATH\Config\Routes.php(28): CodeIgniter\Router\RouteCollection->match([...], 'authenticate', 'Admin::authenticate')
 3 SYSTEMPATH\Router\RouteCollection.php(799): CodeIgniter\Router\RouteCollection->{closure}(Object(CodeIgniter\Router\RouteCollection))
 4 APPPATH\Config\Routes.php(25): CodeIgniter\Router\RouteCollection->group('admin', [...], Object(Closure))
 5 SYSTEMPATH\Router\RouteCollection.php(339): require('C:\\xampp\\htdocs\\myfoodblog\\app\\Config\\Routes.php')
 6 SYSTEMPATH\CodeIgniter.php(818): CodeIgniter\Router\RouteCollection->loadRoutes()
 7 SYSTEMPATH\CodeIgniter.php(441): CodeIgniter\CodeIgniter->tryToRouteIt(null)
 8 SYSTEMPATH\CodeIgniter.php(340): CodeIgniter\CodeIgniter->handleRequest(null, Object(Config\Cache), false)
 9 SYSTEMPATH\Boot.php(417): CodeIgniter\CodeIgniter->run()
10 SYSTEMPATH\Boot.php(68): CodeIgniter\Boot::runCodeIgniter(Object(CodeIgniter\CodeIgniter))
11 FCPATH\index.php(59): CodeIgniter\Boot::bootWeb(Object(Config\Paths))
WARNING - 2026-06-29 06:01:48 --> [DEPRECATED] Passing lowercase HTTP method "get" is deprecated. Use uppercase HTTP method like "GET". in SYSTEMPATH\Router\RouteCollection.php on line 1026.
 1 SYSTEMPATH\Router\RouteCollection.php(1026): trigger_error('Passing lowercase HTTP method "get" is deprecated. Use uppercase HTTP method like "GET".', 16384)
 2 APPPATH\Config\Routes.php(28): CodeIgniter\Router\RouteCollection->match([...], 'authenticate', 'Admin::authenticate')
 3 SYSTEMPATH\Router\RouteCollection.php(799): CodeIgniter\Router\RouteCollection->{closure}(Object(CodeIgniter\Router\RouteCollection))
 4 APPPATH\Config\Routes.php(25): CodeIgniter\Router\RouteCollection->group('admin', [...], Object(Closure))
 5 SYSTEMPATH\Router\RouteCollection.php(339): require('C:\\xampp\\htdocs\\myfoodblog\\app\\Config\\Routes.php')
 6 SYSTEMPATH\CodeIgniter.php(818): CodeIgniter\Router\RouteCollection->loadRoutes()
 7 SYSTEMPATH\CodeIgniter.php(441): CodeIgniter\CodeIgniter->tryToRouteIt(null)
 8 SYSTEMPATH\CodeIgniter.php(340): CodeIgniter\CodeIgniter->handleRequest(null, Object(Config\Cache), false)
 9 SYSTEMPATH\Boot.php(417): CodeIgniter\CodeIgniter->run()
10 SYSTEMPATH\Boot.php(68): CodeIgniter\Boot::runCodeIgniter(Object(CodeIgniter\CodeIgniter))
11 FCPATH\index.php(59): CodeIgniter\Boot::bootWeb(Object(Config\Paths))
WARNING - 2026-06-29 06:01:48 --> [DEPRECATED] Passing lowercase HTTP method "post" is deprecated. Use uppercase HTTP method like "POST". in SYSTEMPATH\Router\RouteCollection.php on line 1026.
 1 SYSTEMPATH\Router\RouteCollection.php(1026): trigger_error('Passing lowercase HTTP method "post" is deprecated. Use uppercase HTTP method like "POST".', 16384)
 2 APPPATH\Config\Routes.php(28): CodeIgniter\Router\RouteCollection->match([...], 'authenticate', 'Admin::authenticate')
 3 SYSTEMPATH\Router\RouteCollection.php(799): CodeIgniter\Router\RouteCollection->{closure}(Object(CodeIgniter\Router\RouteCollection))
 4 APPPATH\Config\Routes.php(25): CodeIgniter\Router\RouteCollection->group('admin', [...], Object(Closure))
 5 SYSTEMPATH\Router\RouteCollection.php(339): require('C:\\xampp\\htdocs\\myfoodblog\\app\\Config\\Routes.php')
 6 SYSTEMPATH\CodeIgniter.php(818): CodeIgniter\Router\RouteCollection->loadRoutes()
 7 SYSTEMPATH\CodeIgniter.php(441): CodeIgniter\CodeIgniter->tryToRouteIt(null)
 8 SYSTEMPATH\CodeIgniter.php(340): CodeIgniter\CodeIgniter->handleRequest(null, Object(Config\Cache), false)
 9 SYSTEMPATH\Boot.php(417): CodeIgniter\CodeIgniter->run()
10 SYSTEMPATH\Boot.php(68): CodeIgniter\Boot::runCodeIgniter(Object(CodeIgniter\CodeIgniter))
11 FCPATH\index.php(59): CodeIgniter\Boot::bootWeb(Object(Config\Paths))
DEBUG - 2026-06-29 06:01:48 --> Session: Class initialized using 'CodeIgniter\Session\Handlers\FileHandler' driver.
WARNING - 2026-06-29 06:01:48 --> [DEPRECATED] Passing lowercase HTTP method "get" is deprecated. Use uppercase HTTP method like "GET". in SYSTEMPATH\Router\RouteCollection.php on line 1026.
 1 SYSTEMPATH\Router\RouteCollection.php(1026): trigger_error('Passing lowercase HTTP method "get" is deprecated. Use uppercase HTTP method like "GET".', 16384)
 2 APPPATH\Config\Routes.php(28): CodeIgniter\Router\RouteCollection->match([...], 'authenticate', 'Admin::authenticate')
 3 SYSTEMPATH\Router\RouteCollection.php(799): CodeIgniter\Router\RouteCollection->{closure}(Object(CodeIgniter\Router\RouteCollection))
 4 APPPATH\Config\Routes.php(25): CodeIgniter\Router\RouteCollection->group('admin', [...], Object(Closure))
 5 SYSTEMPATH\Router\RouteCollection.php(339): require('C:\\xampp\\htdocs\\myfoodblog\\app\\Config\\Routes.php')
 6 SYSTEMPATH\CodeIgniter.php(818): CodeIgniter\Router\RouteCollection->loadRoutes()
 7 SYSTEMPATH\CodeIgniter.php(441): CodeIgniter\CodeIgniter->tryToRouteIt(null)
 8 SYSTEMPATH\CodeIgniter.php(340): CodeIgniter\CodeIgniter->handleRequest(null, Object(Config\Cache), false)
 9 SYSTEMPATH\Boot.php(417): CodeIgniter\CodeIgniter->run()
10 SYSTEMPATH\Boot.php(68): CodeIgniter\Boot::runCodeIgniter(Object(CodeIgniter\CodeIgniter))
11 FCPATH\index.php(59): CodeIgniter\Boot::bootWeb(Object(Config\Paths))
WARNING - 2026-06-29 06:01:48 --> [DEPRECATED] Passing lowercase HTTP method "get" is deprecated. Use uppercase HTTP method like "GET". in SYSTEMPATH\Router\RouteCollection.php on line 1026.
 1 SYSTEMPATH\Router\RouteCollection.php(1026): trigger_error('Passing lowercase HTTP method "get" is deprecated. Use uppercase HTTP method like "GET".', 16384)
 2 APPPATH\Config\Routes.php(28): CodeIgniter\Router\RouteCollection->match([...], 'authenticate', 'Admin::authenticate')
 3 SYSTEMPATH\Router\RouteCollection.php(799): CodeIgniter\Router\RouteCollection->{closure}(Object(CodeIgniter\Router\RouteCollection))
 4 APPPATH\Config\Routes.php(25): CodeIgniter\Router\RouteCollection->group('admin', [...], Object(Closure))
 5 SYSTEMPATH\Router\RouteCollection.php(339): require('C:\\xampp\\htdocs\\myfoodblog\\app\\Config\\Routes.php')
 6 SYSTEMPATH\CodeIgniter.php(818): CodeIgniter\Router\RouteCollection->loadRoutes()
 7 SYSTEMPATH\CodeIgniter.php(441): CodeIgniter\CodeIgniter->tryToRouteIt(null)
 8 SYSTEMPATH\CodeIgniter.php(340): CodeIgniter\CodeIgniter->handleRequest(null, Object(Config\Cache), false)
 9 SYSTEMPATH\Boot.php(417): CodeIgniter\CodeIgniter->run()
10 SYSTEMPATH\Boot.php(68): CodeIgniter\Boot::runCodeIgniter(Object(CodeIgniter\CodeIgniter))
11 FCPATH\index.php(59): CodeIgniter\Boot::bootWeb(Object(Config\Paths))
WARNING - 2026-06-29 06:01:48 --> [DEPRECATED] Passing lowercase HTTP method "post" is deprecated. Use uppercase HTTP method like "POST". in SYSTEMPATH\Router\RouteCollection.php on line 1026.
 1 SYSTEMPATH\Router\RouteCollection.php(1026): trigger_error('Passing lowercase HTTP method "post" is deprecated. Use uppercase HTTP method like "POST".', 16384)
 2 APPPATH\Config\Routes.php(28): CodeIgniter\Router\RouteCollection->match([...], 'authenticate', 'Admin::authenticate')
 3 SYSTEMPATH\Router\RouteCollection.php(799): CodeIgniter\Router\RouteCollection->{closure}(Object(CodeIgniter\Router\RouteCollection))
 4 APPPATH\Config\Routes.php(25): CodeIgniter\Router\RouteCollection->group('admin', [...], Object(Closure))
 5 SYSTEMPATH\Router\RouteCollection.php(339): require('C:\\xampp\\htdocs\\myfoodblog\\app\\Config\\Routes.php')
 6 SYSTEMPATH\CodeIgniter.php(818): CodeIgniter\Router\RouteCollection->loadRoutes()
 7 SYSTEMPATH\CodeIgniter.php(441): CodeIgniter\CodeIgniter->tryToRouteIt(null)
 8 SYSTEMPATH\CodeIgniter.php(340): CodeIgniter\CodeIgniter->handleRequest(null, Object(Config\Cache), false)
 9 SYSTEMPATH\Boot.php(417): CodeIgniter\CodeIgniter->run()
10 SYSTEMPATH\Boot.php(68): CodeIgniter\Boot::runCodeIgniter(Object(CodeIgniter\CodeIgniter))
11 FCPATH\index.php(59): CodeIgniter\Boot::bootWeb(Object(Config\Paths))
WARNING - 2026-06-29 06:01:48 --> [DEPRECATED] Passing lowercase HTTP method "post" is deprecated. Use uppercase HTTP method like "POST". in SYSTEMPATH\Router\RouteCollection.php on line 1026.
 1 SYSTEMPATH\Router\RouteCollection.php(1026): trigger_error('Passing lowercase HTTP method "post" is deprecated. Use uppercase HTTP method like "POST".', 16384)
 2 APPPATH\Config\Routes.php(28): CodeIgniter\Router\RouteCollection->match([...], 'authenticate', 'Admin::authenticate')
 3 SYSTEMPATH\Router\RouteCollection.php(799): CodeIgniter\Router\RouteCollection->{closure}(Object(CodeIgniter\Router\RouteCollection))
 4 APPPATH\Config\Routes.php(25): CodeIgniter\Router\RouteCollection->group('admin', [...], Object(Closure))
 5 SYSTEMPATH\Router\RouteCollection.php(339): require('C:\\xampp\\htdocs\\myfoodblog\\app\\Config\\Routes.php')
 6 SYSTEMPATH\CodeIgniter.php(818): CodeIgniter\Router\RouteCollection->loadRoutes()
 7 SYSTEMPATH\CodeIgniter.php(441): CodeIgniter\CodeIgniter->tryToRouteIt(null)
 8 SYSTEMPATH\CodeIgniter.php(340): CodeIgniter\CodeIgniter->handleRequest(null, Object(Config\Cache), false)
 9 SYSTEMPATH\Boot.php(417): CodeIgniter\CodeIgniter->run()
10 SYSTEMPATH\Boot.php(68): CodeIgniter\Boot::runCodeIgniter(Object(CodeIgniter\CodeIgniter))
11 FCPATH\index.php(59): CodeIgniter\Boot::bootWeb(Object(Config\Paths))
WARNING - 2026-06-29 06:01:52 --> [DEPRECATED] Passing lowercase HTTP method "get" is deprecated. Use uppercase HTTP method like "GET". in SYSTEMPATH\Router\RouteCollection.php on line 1026.
 1 SYSTEMPATH\Router\RouteCollection.php(1026): trigger_error('Passing lowercase HTTP method "get" is deprecated. Use uppercase HTTP method like "GET".', 16384)
 2 APPPATH\Config\Routes.php(28): CodeIgniter\Router\RouteCollection->match([...], 'authenticate', 'Admin::authenticate')
 3 SYSTEMPATH\Router\RouteCollection.php(799): CodeIgniter\Router\RouteCollection->{closure}(Object(CodeIgniter\Router\RouteCollection))
 4 APPPATH\Config\Routes.php(25): CodeIgniter\Router\RouteCollection->group('admin', [...], Object(Closure))
 5 SYSTEMPATH\Router\RouteCollection.php(339): require('C:\\xampp\\htdocs\\myfoodblog\\app\\Config\\Routes.php')
 6 SYSTEMPATH\CodeIgniter.php(818): CodeIgniter\Router\RouteCollection->loadRoutes()
 7 SYSTEMPATH\CodeIgniter.php(441): CodeIgniter\CodeIgniter->tryToRouteIt(null)
 8 SYSTEMPATH\CodeIgniter.php(340): CodeIgniter\CodeIgniter->handleRequest(null, Object(Config\Cache), false)
 9 SYSTEMPATH\Boot.php(417): CodeIgniter\CodeIgniter->run()
10 SYSTEMPATH\Boot.php(68): CodeIgniter\Boot::runCodeIgniter(Object(CodeIgniter\CodeIgniter))
11 FCPATH\index.php(59): CodeIgniter\Boot::bootWeb(Object(Config\Paths))
WARNING - 2026-06-29 06:01:52 --> [DEPRECATED] Passing lowercase HTTP method "post" is deprecated. Use uppercase HTTP method like "POST". in SYSTEMPATH\Router\RouteCollection.php on line 1026.
 1 SYSTEMPATH\Router\RouteCollection.php(1026): trigger_error('Passing lowercase HTTP method "post" is deprecated. Use uppercase HTTP method like "POST".', 16384)
 2 APPPATH\Config\Routes.php(28): CodeIgniter\Router\RouteCollection->match([...], 'authenticate', 'Admin::authenticate')
 3 SYSTEMPATH\Router\RouteCollection.php(799): CodeIgniter\Router\RouteCollection->{closure}(Object(CodeIgniter\Router\RouteCollection))
 4 APPPATH\Config\Routes.php(25): CodeIgniter\Router\RouteCollection->group('admin', [...], Object(Closure))
 5 SYSTEMPATH\Router\RouteCollection.php(339): require('C:\\xampp\\htdocs\\myfoodblog\\app\\Config\\Routes.php')
 6 SYSTEMPATH\CodeIgniter.php(818): CodeIgniter\Router\RouteCollection->loadRoutes()
 7 SYSTEMPATH\CodeIgniter.php(441): CodeIgniter\CodeIgniter->tryToRouteIt(null)
 8 SYSTEMPATH\CodeIgniter.php(340): CodeIgniter\CodeIgniter->handleRequest(null, Object(Config\Cache), false)
 9 SYSTEMPATH\Boot.php(417): CodeIgniter\CodeIgniter->run()
10 SYSTEMPATH\Boot.php(68): CodeIgniter\Boot::runCodeIgniter(Object(CodeIgniter\CodeIgniter))
11 FCPATH\index.php(59): CodeIgniter\Boot::bootWeb(Object(Config\Paths))
DEBUG - 2026-06-29 06:01:52 --> Session: Class initialized using 'CodeIgniter\Session\Handlers\FileHandler' driver.
WARNING - 2026-06-29 06:01:53 --> [DEPRECATED] Passing lowercase HTTP method "get" is deprecated. Use uppercase HTTP method like "GET". in SYSTEMPATH\Router\RouteCollection.php on line 1026.
 1 SYSTEMPATH\Router\RouteCollection.php(1026): trigger_error('Passing lowercase HTTP method "get" is deprecated. Use uppercase HTTP method like "GET".', 16384)
 2 APPPATH\Config\Routes.php(28): CodeIgniter\Router\RouteCollection->match([...], 'authenticate', 'Admin::authenticate')
 3 SYSTEMPATH\Router\RouteCollection.php(799): CodeIgniter\Router\RouteCollection->{closure}(Object(CodeIgniter\Router\RouteCollection))
 4 APPPATH\Config\Routes.php(25): CodeIgniter\Router\RouteCollection->group('admin', [...], Object(Closure))
 5 SYSTEMPATH\Router\RouteCollection.php(339): require('C:\\xampp\\htdocs\\myfoodblog\\app\\Config\\Routes.php')
 6 SYSTEMPATH\CodeIgniter.php(818): CodeIgniter\Router\RouteCollection->loadRoutes()
 7 SYSTEMPATH\CodeIgniter.php(441): CodeIgniter\CodeIgniter->tryToRouteIt(null)
 8 SYSTEMPATH\CodeIgniter.php(340): CodeIgniter\CodeIgniter->handleRequest(null, Object(Config\Cache), false)
 9 SYSTEMPATH\Boot.php(417): CodeIgniter\CodeIgniter->run()
10 SYSTEMPATH\Boot.php(68): CodeIgniter\Boot::runCodeIgniter(Object(CodeIgniter\CodeIgniter))
11 FCPATH\index.php(59): CodeIgniter\Boot::bootWeb(Object(Config\Paths))
WARNING - 2026-06-29 06:01:53 --> [DEPRECATED] Passing lowercase HTTP method "get" is deprecated. Use uppercase HTTP method like "GET". in SYSTEMPATH\Router\RouteCollection.php on line 1026.
 1 SYSTEMPATH\Router\RouteCollection.php(1026): trigger_error('Passing lowercase HTTP method "get" is deprecated. Use uppercase HTTP method like "GET".', 16384)
 2 APPPATH\Config\Routes.php(28): CodeIgniter\Router\RouteCollection->match([...], 'authenticate', 'Admin::authenticate')
 3 SYSTEMPATH\Router\RouteCollection.php(799): CodeIgniter\Router\RouteCollection->{closure}(Object(CodeIgniter\Router\RouteCollection))
 4 APPPATH\Config\Routes.php(25): CodeIgniter\Router\RouteCollection->group('admin', [...], Object(Closure))
 5 SYSTEMPATH\Router\RouteCollection.php(339): require('C:\\xampp\\htdocs\\myfoodblog\\app\\Config\\Routes.php')
 6 SYSTEMPATH\CodeIgniter.php(818): CodeIgniter\Router\RouteCollection->loadRoutes()
 7 SYSTEMPATH\CodeIgniter.php(441): CodeIgniter\CodeIgniter->tryToRouteIt(null)
 8 SYSTEMPATH\CodeIgniter.php(340): CodeIgniter\CodeIgniter->handleRequest(null, Object(Config\Cache), false)
 9 SYSTEMPATH\Boot.php(417): CodeIgniter\CodeIgniter->run()
10 SYSTEMPATH\Boot.php(68): CodeIgniter\Boot::runCodeIgniter(Object(CodeIgniter\CodeIgniter))
11 FCPATH\index.php(59): CodeIgniter\Boot::bootWeb(Object(Config\Paths))
WARNING - 2026-06-29 06:01:53 --> [DEPRECATED] Passing lowercase HTTP method "post" is deprecated. Use uppercase HTTP method like "POST". in SYSTEMPATH\Router\RouteCollection.php on line 1026.
 1 SYSTEMPATH\Router\RouteCollection.php(1026): trigger_error('Passing lowercase HTTP method "post" is deprecated. Use uppercase HTTP method like "POST".', 16384)
 2 APPPATH\Config\Routes.php(28): CodeIgniter\Router\RouteCollection->match([...], 'authenticate', 'Admin::authenticate')
 3 SYSTEMPATH\Router\RouteCollection.php(799): CodeIgniter\Router\RouteCollection->{closure}(Object(CodeIgniter\Router\RouteCollection))
 4 APPPATH\Config\Routes.php(25): CodeIgniter\Router\RouteCollection->group('admin', [...], Object(Closure))
 5 SYSTEMPATH\Router\RouteCollection.php(339): require('C:\\xampp\\htdocs\\myfoodblog\\app\\Config\\Routes.php')
 6 SYSTEMPATH\CodeIgniter.php(818): CodeIgniter\Router\RouteCollection->loadRoutes()
 7 SYSTEMPATH\CodeIgniter.php(441): CodeIgniter\CodeIgniter->tryToRouteIt(null)
 8 SYSTEMPATH\CodeIgniter.php(340): CodeIgniter\CodeIgniter->handleRequest(null, Object(Config\Cache), false)
 9 SYSTEMPATH\Boot.php(417): CodeIgniter\CodeIgniter->run()
10 SYSTEMPATH\Boot.php(68): CodeIgniter\Boot::runCodeIgniter(Object(CodeIgniter\CodeIgniter))
11 FCPATH\index.php(59): CodeIgniter\Boot::bootWeb(Object(Config\Paths))
WARNING - 2026-06-29 06:01:53 --> [DEPRECATED] Passing lowercase HTTP method "post" is deprecated. Use uppercase HTTP method like "POST". in SYSTEMPATH\Router\RouteCollection.php on line 1026.
 1 SYSTEMPATH\Router\RouteCollection.php(1026): trigger_error('Passing lowercase HTTP method "post" is deprecated. Use uppercase HTTP method like "POST".', 16384)
 2 APPPATH\Config\Routes.php(28): CodeIgniter\Router\RouteCollection->match([...], 'authenticate', 'Admin::authenticate')
 3 SYSTEMPATH\Router\RouteCollection.php(799): CodeIgniter\Router\RouteCollection->{closure}(Object(CodeIgniter\Router\RouteCollection))
 4 APPPATH\Config\Routes.php(25): CodeIgniter\Router\RouteCollection->group('admin', [...], Object(Closure))
 5 SYSTEMPATH\Router\RouteCollection.php(339): require('C:\\xampp\\htdocs\\myfoodblog\\app\\Config\\Routes.php')
 6 SYSTEMPATH\CodeIgniter.php(818): CodeIgniter\Router\RouteCollection->loadRoutes()
 7 SYSTEMPATH\CodeIgniter.php(441): CodeIgniter\CodeIgniter->tryToRouteIt(null)
 8 SYSTEMPATH\CodeIgniter.php(340): CodeIgniter\CodeIgniter->handleRequest(null, Object(Config\Cache), false)
 9 SYSTEMPATH\Boot.php(417): CodeIgniter\CodeIgniter->run()
10 SYSTEMPATH\Boot.php(68): CodeIgniter\Boot::runCodeIgniter(Object(CodeIgniter\CodeIgniter))
11 FCPATH\index.php(59): CodeIgniter\Boot::bootWeb(Object(Config\Paths))
WARNING - 2026-06-29 06:05:48 --> [DEPRECATED] Passing lowercase HTTP method "get" is deprecated. Use uppercase HTTP method like "GET". in SYSTEMPATH\Router\RouteCollection.php on line 1026.
 1 SYSTEMPATH\Router\RouteCollection.php(1026): trigger_error('Passing lowercase HTTP method "get" is deprecated. Use uppercase HTTP method like "GET".', 16384)
 2 APPPATH\Config\Routes.php(28): CodeIgniter\Router\RouteCollection->match([...], 'authenticate', 'Admin::authenticate')
 3 SYSTEMPATH\Router\RouteCollection.php(799): CodeIgniter\Router\RouteCollection->{closure}(Object(CodeIgniter\Router\RouteCollection))
 4 APPPATH\Config\Routes.php(25): CodeIgniter\Router\RouteCollection->group('admin', [...], Object(Closure))
 5 SYSTEMPATH\Router\RouteCollection.php(339): require('C:\\xampp\\htdocs\\myfoodblog\\app\\Config\\Routes.php')
 6 SYSTEMPATH\CodeIgniter.php(818): CodeIgniter\Router\RouteCollection->loadRoutes()
 7 SYSTEMPATH\CodeIgniter.php(441): CodeIgniter\CodeIgniter->tryToRouteIt(null)
 8 SYSTEMPATH\CodeIgniter.php(340): CodeIgniter\CodeIgniter->handleRequest(null, Object(Config\Cache), false)
 9 SYSTEMPATH\Boot.php(417): CodeIgniter\CodeIgniter->run()
10 SYSTEMPATH\Boot.php(68): CodeIgniter\Boot::runCodeIgniter(Object(CodeIgniter\CodeIgniter))
11 FCPATH\index.php(59): CodeIgniter\Boot::bootWeb(Object(Config\Paths))
WARNING - 2026-06-29 06:05:48 --> [DEPRECATED] Passing lowercase HTTP method "post" is deprecated. Use uppercase HTTP method like "POST". in SYSTEMPATH\Router\RouteCollection.php on line 1026.
 1 SYSTEMPATH\Router\RouteCollection.php(1026): trigger_error('Passing lowercase HTTP method "post" is deprecated. Use uppercase HTTP method like "POST".', 16384)
 2 APPPATH\Config\Routes.php(28): CodeIgniter\Router\RouteCollection->match([...], 'authenticate', 'Admin::authenticate')
 3 SYSTEMPATH\Router\RouteCollection.php(799): CodeIgniter\Router\RouteCollection->{closure}(Object(CodeIgniter\Router\RouteCollection))
 4 APPPATH\Config\Routes.php(25): CodeIgniter\Router\RouteCollection->group('admin', [...], Object(Closure))
 5 SYSTEMPATH\Router\RouteCollection.php(339): require('C:\\xampp\\htdocs\\myfoodblog\\app\\Config\\Routes.php')
 6 SYSTEMPATH\CodeIgniter.php(818): CodeIgniter\Router\RouteCollection->loadRoutes()
 7 SYSTEMPATH\CodeIgniter.php(441): CodeIgniter\CodeIgniter->tryToRouteIt(null)
 8 SYSTEMPATH\CodeIgniter.php(340): CodeIgniter\CodeIgniter->handleRequest(null, Object(Config\Cache), false)
 9 SYSTEMPATH\Boot.php(417): CodeIgniter\CodeIgniter->run()
10 SYSTEMPATH\Boot.php(68): CodeIgniter\Boot::runCodeIgniter(Object(CodeIgniter\CodeIgniter))
11 FCPATH\index.php(59): CodeIgniter\Boot::bootWeb(Object(Config\Paths))
DEBUG - 2026-06-29 06:05:48 --> Session: Class initialized using 'CodeIgniter\Session\Handlers\FileHandler' driver.
WARNING - 2026-06-29 06:05:48 --> [DEPRECATED] Passing lowercase HTTP method "get" is deprecated. Use uppercase HTTP method like "GET". in SYSTEMPATH\Router\RouteCollection.php on line 1026.
 1 SYSTEMPATH\Router\RouteCollection.php(1026): trigger_error('Passing lowercase HTTP method "get" is deprecated. Use uppercase HTTP method like "GET".', 16384)
 2 APPPATH\Config\Routes.php(28): CodeIgniter\Router\RouteCollection->match([...], 'authenticate', 'Admin::authenticate')
 3 SYSTEMPATH\Router\RouteCollection.php(799): CodeIgniter\Router\RouteCollection->{closure}(Object(CodeIgniter\Router\RouteCollection))
 4 APPPATH\Config\Routes.php(25): CodeIgniter\Router\RouteCollection->group('admin', [...], Object(Closure))
 5 SYSTEMPATH\Router\RouteCollection.php(339): require('C:\\xampp\\htdocs\\myfoodblog\\app\\Config\\Routes.php')
 6 SYSTEMPATH\CodeIgniter.php(818): CodeIgniter\Router\RouteCollection->loadRoutes()
 7 SYSTEMPATH\CodeIgniter.php(441): CodeIgniter\CodeIgniter->tryToRouteIt(null)
 8 SYSTEMPATH\CodeIgniter.php(340): CodeIgniter\CodeIgniter->handleRequest(null, Object(Config\Cache), false)
 9 SYSTEMPATH\Boot.php(417): CodeIgniter\CodeIgniter->run()
10 SYSTEMPATH\Boot.php(68): CodeIgniter\Boot::runCodeIgniter(Object(CodeIgniter\CodeIgniter))
11 FCPATH\index.php(59): CodeIgniter\Boot::bootWeb(Object(Config\Paths))
WARNING - 2026-06-29 06:05:48 --> [DEPRECATED] Passing lowercase HTTP method "post" is deprecated. Use uppercase HTTP method like "POST". in SYSTEMPATH\Router\RouteCollection.php on line 1026.
 1 SYSTEMPATH\Router\RouteCollection.php(1026): trigger_error('Passing lowercase HTTP method "post" is deprecated. Use uppercase HTTP method like "POST".', 16384)
 2 APPPATH\Config\Routes.php(28): CodeIgniter\Router\RouteCollection->match([...], 'authenticate', 'Admin::authenticate')
 3 SYSTEMPATH\Router\RouteCollection.php(799): CodeIgniter\Router\RouteCollection->{closure}(Object(CodeIgniter\Router\RouteCollection))
 4 APPPATH\Config\Routes.php(25): CodeIgniter\Router\RouteCollection->group('admin', [...], Object(Closure))
 5 SYSTEMPATH\Router\RouteCollection.php(339): require('C:\\xampp\\htdocs\\myfoodblog\\app\\Config\\Routes.php')
 6 SYSTEMPATH\CodeIgniter.php(818): CodeIgniter\Router\RouteCollection->loadRoutes()
 7 SYSTEMPATH\CodeIgniter.php(441): CodeIgniter\CodeIgniter->tryToRouteIt(null)
 8 SYSTEMPATH\CodeIgniter.php(340): CodeIgniter\CodeIgniter->handleRequest(null, Object(Config\Cache), false)
 9 SYSTEMPATH\Boot.php(417): CodeIgniter\CodeIgniter->run()
10 SYSTEMPATH\Boot.php(68): CodeIgniter\Boot::runCodeIgniter(Object(CodeIgniter\CodeIgniter))
11 FCPATH\index.php(59): CodeIgniter\Boot::bootWeb(Object(Config\Paths))
WARNING - 2026-06-29 06:05:48 --> [DEPRECATED] Passing lowercase HTTP method "get" is deprecated. Use uppercase HTTP method like "GET". in SYSTEMPATH\Router\RouteCollection.php on line 1026.
 1 SYSTEMPATH\Router\RouteCollection.php(1026): trigger_error('Passing lowercase HTTP method "get" is deprecated. Use uppercase HTTP method like "GET".', 16384)
 2 APPPATH\Config\Routes.php(28): CodeIgniter\Router\RouteCollection->match([...], 'authenticate', 'Admin::authenticate')
 3 SYSTEMPATH\Router\RouteCollection.php(799): CodeIgniter\Router\RouteCollection->{closure}(Object(CodeIgniter\Router\RouteCollection))
 4 APPPATH\Config\Routes.php(25): CodeIgniter\Router\RouteCollection->group('admin', [...], Object(Closure))
 5 SYSTEMPATH\Router\RouteCollection.php(339): require('C:\\xampp\\htdocs\\myfoodblog\\app\\Config\\Routes.php')
 6 SYSTEMPATH\CodeIgniter.php(818): CodeIgniter\Router\RouteCollection->loadRoutes()
 7 SYSTEMPATH\CodeIgniter.php(441): CodeIgniter\CodeIgniter->tryToRouteIt(null)
 8 SYSTEMPATH\CodeIgniter.php(340): CodeIgniter\CodeIgniter->handleRequest(null, Object(Config\Cache), false)
 9 SYSTEMPATH\Boot.php(417): CodeIgniter\CodeIgniter->run()
10 SYSTEMPATH\Boot.php(68): CodeIgniter\Boot::runCodeIgniter(Object(CodeIgniter\CodeIgniter))
11 FCPATH\index.php(59): CodeIgniter\Boot::bootWeb(Object(Config\Paths))
WARNING - 2026-06-29 06:05:48 --> [DEPRECATED] Passing lowercase HTTP method "post" is deprecated. Use uppercase HTTP method like "POST". in SYSTEMPATH\Router\RouteCollection.php on line 1026.
 1 SYSTEMPATH\Router\RouteCollection.php(1026): trigger_error('Passing lowercase HTTP method "post" is deprecated. Use uppercase HTTP method like "POST".', 16384)
 2 APPPATH\Config\Routes.php(28): CodeIgniter\Router\RouteCollection->match([...], 'authenticate', 'Admin::authenticate')
 3 SYSTEMPATH\Router\RouteCollection.php(799): CodeIgniter\Router\RouteCollection->{closure}(Object(CodeIgniter\Router\RouteCollection))
 4 APPPATH\Config\Routes.php(25): CodeIgniter\Router\RouteCollection->group('admin', [...], Object(Closure))
 5 SYSTEMPATH\Router\RouteCollection.php(339): require('C:\\xampp\\htdocs\\myfoodblog\\app\\Config\\Routes.php')
 6 SYSTEMPATH\CodeIgniter.php(818): CodeIgniter\Router\RouteCollection->loadRoutes()
 7 SYSTEMPATH\CodeIgniter.php(441): CodeIgniter\CodeIgniter->tryToRouteIt(null)
 8 SYSTEMPATH\CodeIgniter.php(340): CodeIgniter\CodeIgniter->handleRequest(null, Object(Config\Cache), false)
 9 SYSTEMPATH\Boot.php(417): CodeIgniter\CodeIgniter->run()
10 SYSTEMPATH\Boot.php(68): CodeIgniter\Boot::runCodeIgniter(Object(CodeIgniter\CodeIgniter))
11 FCPATH\index.php(59): CodeIgniter\Boot::bootWeb(Object(Config\Paths))
WARNING - 2026-06-29 06:05:53 --> [DEPRECATED] Passing lowercase HTTP method "get" is deprecated. Use uppercase HTTP method like "GET". in SYSTEMPATH\Router\RouteCollection.php on line 1026.
 1 SYSTEMPATH\Router\RouteCollection.php(1026): trigger_error('Passing lowercase HTTP method "get" is deprecated. Use uppercase HTTP method like "GET".', 16384)
 2 APPPATH\Config\Routes.php(28): CodeIgniter\Router\RouteCollection->match([...], 'authenticate', 'Admin::authenticate')
 3 SYSTEMPATH\Router\RouteCollection.php(799): CodeIgniter\Router\RouteCollection->{closure}(Object(CodeIgniter\Router\RouteCollection))
 4 APPPATH\Config\Routes.php(25): CodeIgniter\Router\RouteCollection->group('admin', [...], Object(Closure))
 5 SYSTEMPATH\Router\RouteCollection.php(339): require('C:\\xampp\\htdocs\\myfoodblog\\app\\Config\\Routes.php')
 6 SYSTEMPATH\CodeIgniter.php(818): CodeIgniter\Router\RouteCollection->loadRoutes()
 7 SYSTEMPATH\CodeIgniter.php(441): CodeIgniter\CodeIgniter->tryToRouteIt(null)
 8 SYSTEMPATH\CodeIgniter.php(340): CodeIgniter\CodeIgniter->handleRequest(null, Object(Config\Cache), false)
 9 SYSTEMPATH\Boot.php(417): CodeIgniter\CodeIgniter->run()
10 SYSTEMPATH\Boot.php(68): CodeIgniter\Boot::runCodeIgniter(Object(CodeIgniter\CodeIgniter))
11 FCPATH\index.php(59): CodeIgniter\Boot::bootWeb(Object(Config\Paths))
WARNING - 2026-06-29 06:05:53 --> [DEPRECATED] Passing lowercase HTTP method "post" is deprecated. Use uppercase HTTP method like "POST". in SYSTEMPATH\Router\RouteCollection.php on line 1026.
 1 SYSTEMPATH\Router\RouteCollection.php(1026): trigger_error('Passing lowercase HTTP method "post" is deprecated. Use uppercase HTTP method like "POST".', 16384)
 2 APPPATH\Config\Routes.php(28): CodeIgniter\Router\RouteCollection->match([...], 'authenticate', 'Admin::authenticate')
 3 SYSTEMPATH\Router\RouteCollection.php(799): CodeIgniter\Router\RouteCollection->{closure}(Object(CodeIgniter\Router\RouteCollection))
 4 APPPATH\Config\Routes.php(25): CodeIgniter\Router\RouteCollection->group('admin', [...], Object(Closure))
 5 SYSTEMPATH\Router\RouteCollection.php(339): require('C:\\xampp\\htdocs\\myfoodblog\\app\\Config\\Routes.php')
 6 SYSTEMPATH\CodeIgniter.php(818): CodeIgniter\Router\RouteCollection->loadRoutes()
 7 SYSTEMPATH\CodeIgniter.php(441): CodeIgniter\CodeIgniter->tryToRouteIt(null)
 8 SYSTEMPATH\CodeIgniter.php(340): CodeIgniter\CodeIgniter->handleRequest(null, Object(Config\Cache), false)
 9 SYSTEMPATH\Boot.php(417): CodeIgniter\CodeIgniter->run()
10 SYSTEMPATH\Boot.php(68): CodeIgniter\Boot::runCodeIgniter(Object(CodeIgniter\CodeIgniter))
11 FCPATH\index.php(59): CodeIgniter\Boot::bootWeb(Object(Config\Paths))
DEBUG - 2026-06-29 06:05:53 --> Session: Class initialized using 'CodeIgniter\Session\Handlers\FileHandler' driver.
WARNING - 2026-06-29 06:05:53 --> [DEPRECATED] Passing lowercase HTTP method "get" is deprecated. Use uppercase HTTP method like "GET". in SYSTEMPATH\Router\RouteCollection.php on line 1026.
 1 SYSTEMPATH\Router\RouteCollection.php(1026): trigger_error('Passing lowercase HTTP method "get" is deprecated. Use uppercase HTTP method like "GET".', 16384)
 2 APPPATH\Config\Routes.php(28): CodeIgniter\Router\RouteCollection->match([...], 'authenticate', 'Admin::authenticate')
 3 SYSTEMPATH\Router\RouteCollection.php(799): CodeIgniter\Router\RouteCollection->{closure}(Object(CodeIgniter\Router\RouteCollection))
 4 APPPATH\Config\Routes.php(25): CodeIgniter\Router\RouteCollection->group('admin', [...], Object(Closure))
 5 SYSTEMPATH\Router\RouteCollection.php(339): require('C:\\xampp\\htdocs\\myfoodblog\\app\\Config\\Routes.php')
 6 SYSTEMPATH\CodeIgniter.php(818): CodeIgniter\Router\RouteCollection->loadRoutes()
 7 SYSTEMPATH\CodeIgniter.php(441): CodeIgniter\CodeIgniter->tryToRouteIt(null)
 8 SYSTEMPATH\CodeIgniter.php(340): CodeIgniter\CodeIgniter->handleRequest(null, Object(Config\Cache), false)
 9 SYSTEMPATH\Boot.php(417): CodeIgniter\CodeIgniter->run()
10 SYSTEMPATH\Boot.php(68): CodeIgniter\Boot::runCodeIgniter(Object(CodeIgniter\CodeIgniter))
11 FCPATH\index.php(59): CodeIgniter\Boot::bootWeb(Object(Config\Paths))
WARNING - 2026-06-29 06:05:53 --> [DEPRECATED] Passing lowercase HTTP method "post" is deprecated. Use uppercase HTTP method like "POST". in SYSTEMPATH\Router\RouteCollection.php on line 1026.
 1 SYSTEMPATH\Router\RouteCollection.php(1026): trigger_error('Passing lowercase HTTP method "post" is deprecated. Use uppercase HTTP method like "POST".', 16384)
 2 APPPATH\Config\Routes.php(28): CodeIgniter\Router\RouteCollection->match([...], 'authenticate', 'Admin::authenticate')
 3 SYSTEMPATH\Router\RouteCollection.php(799): CodeIgniter\Router\RouteCollection->{closure}(Object(CodeIgniter\Router\RouteCollection))
 4 APPPATH\Config\Routes.php(25): CodeIgniter\Router\RouteCollection->group('admin', [...], Object(Closure))
 5 SYSTEMPATH\Router\RouteCollection.php(339): require('C:\\xampp\\htdocs\\myfoodblog\\app\\Config\\Routes.php')
 6 SYSTEMPATH\CodeIgniter.php(818): CodeIgniter\Router\RouteCollection->loadRoutes()
 7 SYSTEMPATH\CodeIgniter.php(441): CodeIgniter\CodeIgniter->tryToRouteIt(null)
 8 SYSTEMPATH\CodeIgniter.php(340): CodeIgniter\CodeIgniter->handleRequest(null, Object(Config\Cache), false)
 9 SYSTEMPATH\Boot.php(417): CodeIgniter\CodeIgniter->run()
10 SYSTEMPATH\Boot.php(68): CodeIgniter\Boot::runCodeIgniter(Object(CodeIgniter\CodeIgniter))
11 FCPATH\index.php(59): CodeIgniter\Boot::bootWeb(Object(Config\Paths))
DEBUG - 2026-06-29 06:05:53 --> Session: Class initialized using 'CodeIgniter\Session\Handlers\FileHandler' driver.
WARNING - 2026-06-29 06:05:54 --> [DEPRECATED] Passing lowercase HTTP method "get" is deprecated. Use uppercase HTTP method like "GET". in SYSTEMPATH\Router\RouteCollection.php on line 1026.
 1 SYSTEMPATH\Router\RouteCollection.php(1026): trigger_error('Passing lowercase HTTP method "get" is deprecated. Use uppercase HTTP method like "GET".', 16384)
 2 APPPATH\Config\Routes.php(28): CodeIgniter\Router\RouteCollection->match([...], 'authenticate', 'Admin::authenticate')
 3 SYSTEMPATH\Router\RouteCollection.php(799): CodeIgniter\Router\RouteCollection->{closure}(Object(CodeIgniter\Router\RouteCollection))
 4 APPPATH\Config\Routes.php(25): CodeIgniter\Router\RouteCollection->group('admin', [...], Object(Closure))
 5 SYSTEMPATH\Router\RouteCollection.php(339): require('C:\\xampp\\htdocs\\myfoodblog\\app\\Config\\Routes.php')
 6 SYSTEMPATH\CodeIgniter.php(818): CodeIgniter\Router\RouteCollection->loadRoutes()
 7 SYSTEMPATH\CodeIgniter.php(441): CodeIgniter\CodeIgniter->tryToRouteIt(null)
 8 SYSTEMPATH\CodeIgniter.php(340): CodeIgniter\CodeIgniter->handleRequest(null, Object(Config\Cache), false)
 9 SYSTEMPATH\Boot.php(417): CodeIgniter\CodeIgniter->run()
10 SYSTEMPATH\Boot.php(68): CodeIgniter\Boot::runCodeIgniter(Object(CodeIgniter\CodeIgniter))
11 FCPATH\index.php(59): CodeIgniter\Boot::bootWeb(Object(Config\Paths))
WARNING - 2026-06-29 06:05:54 --> [DEPRECATED] Passing lowercase HTTP method "post" is deprecated. Use uppercase HTTP method like "POST". in SYSTEMPATH\Router\RouteCollection.php on line 1026.
 1 SYSTEMPATH\Router\RouteCollection.php(1026): trigger_error('Passing lowercase HTTP method "post" is deprecated. Use uppercase HTTP method like "POST".', 16384)
 2 APPPATH\Config\Routes.php(28): CodeIgniter\Router\RouteCollection->match([...], 'authenticate', 'Admin::authenticate')
 3 SYSTEMPATH\Router\RouteCollection.php(799): CodeIgniter\Router\RouteCollection->{closure}(Object(CodeIgniter\Router\RouteCollection))
 4 APPPATH\Config\Routes.php(25): CodeIgniter\Router\RouteCollection->group('admin', [...], Object(Closure))
 5 SYSTEMPATH\Router\RouteCollection.php(339): require('C:\\xampp\\htdocs\\myfoodblog\\app\\Config\\Routes.php')
 6 SYSTEMPATH\CodeIgniter.php(818): CodeIgniter\Router\RouteCollection->loadRoutes()
 7 SYSTEMPATH\CodeIgniter.php(441): CodeIgniter\CodeIgniter->tryToRouteIt(null)
 8 SYSTEMPATH\CodeIgniter.php(340): CodeIgniter\CodeIgniter->handleRequest(null, Object(Config\Cache), false)
 9 SYSTEMPATH\Boot.php(417): CodeIgniter\CodeIgniter->run()
10 SYSTEMPATH\Boot.php(68): CodeIgniter\Boot::runCodeIgniter(Object(CodeIgniter\CodeIgniter))
11 FCPATH\index.php(59): CodeIgniter\Boot::bootWeb(Object(Config\Paths))
WARNING - 2026-06-29 06:05:54 --> [DEPRECATED] Passing lowercase HTTP method "get" is deprecated. Use uppercase HTTP method like "GET". in SYSTEMPATH\Router\RouteCollection.php on line 1026.
 1 SYSTEMPATH\Router\RouteCollection.php(1026): trigger_error('Passing lowercase HTTP method "get" is deprecated. Use uppercase HTTP method like "GET".', 16384)
 2 APPPATH\Config\Routes.php(28): CodeIgniter\Router\RouteCollection->match([...], 'authenticate', 'Admin::authenticate')
 3 SYSTEMPATH\Router\RouteCollection.php(799): CodeIgniter\Router\RouteCollection->{closure}(Object(CodeIgniter\Router\RouteCollection))
 4 APPPATH\Config\Routes.php(25): CodeIgniter\Router\RouteCollection->group('admin', [...], Object(Closure))
 5 SYSTEMPATH\Router\RouteCollection.php(339): require('C:\\xampp\\htdocs\\myfoodblog\\app\\Config\\Routes.php')
 6 SYSTEMPATH\CodeIgniter.php(818): CodeIgniter\Router\RouteCollection->loadRoutes()
 7 SYSTEMPATH\CodeIgniter.php(441): CodeIgniter\CodeIgniter->tryToRouteIt(null)
 8 SYSTEMPATH\CodeIgniter.php(340): CodeIgniter\CodeIgniter->handleRequest(null, Object(Config\Cache), false)
 9 SYSTEMPATH\Boot.php(417): CodeIgniter\CodeIgniter->run()
10 SYSTEMPATH\Boot.php(68): CodeIgniter\Boot::runCodeIgniter(Object(CodeIgniter\CodeIgniter))
11 FCPATH\index.php(59): CodeIgniter\Boot::bootWeb(Object(Config\Paths))
WARNING - 2026-06-29 06:05:54 --> [DEPRECATED] Passing lowercase HTTP method "post" is deprecated. Use uppercase HTTP method like "POST". in SYSTEMPATH\Router\RouteCollection.php on line 1026.
 1 SYSTEMPATH\Router\RouteCollection.php(1026): trigger_error('Passing lowercase HTTP method "post" is deprecated. Use uppercase HTTP method like "POST".', 16384)
 2 APPPATH\Config\Routes.php(28): CodeIgniter\Router\RouteCollection->match([...], 'authenticate', 'Admin::authenticate')
 3 SYSTEMPATH\Router\RouteCollection.php(799): CodeIgniter\Router\RouteCollection->{closure}(Object(CodeIgniter\Router\RouteCollection))
 4 APPPATH\Config\Routes.php(25): CodeIgniter\Router\RouteCollection->group('admin', [...], Object(Closure))
 5 SYSTEMPATH\Router\RouteCollection.php(339): require('C:\\xampp\\htdocs\\myfoodblog\\app\\Config\\Routes.php')
 6 SYSTEMPATH\CodeIgniter.php(818): CodeIgniter\Router\RouteCollection->loadRoutes()
 7 SYSTEMPATH\CodeIgniter.php(441): CodeIgniter\CodeIgniter->tryToRouteIt(null)
 8 SYSTEMPATH\CodeIgniter.php(340): CodeIgniter\CodeIgniter->handleRequest(null, Object(Config\Cache), false)
 9 SYSTEMPATH\Boot.php(417): CodeIgniter\CodeIgniter->run()
10 SYSTEMPATH\Boot.php(68): CodeIgniter\Boot::runCodeIgniter(Object(CodeIgniter\CodeIgniter))
11 FCPATH\index.php(59): CodeIgniter\Boot::bootWeb(Object(Config\Paths))
WARNING - 2026-06-29 06:06:20 --> [DEPRECATED] Passing lowercase HTTP method "get" is deprecated. Use uppercase HTTP method like "GET". in SYSTEMPATH\Router\RouteCollection.php on line 1026.
 1 SYSTEMPATH\Router\RouteCollection.php(1026): trigger_error('Passing lowercase HTTP method "get" is deprecated. Use uppercase HTTP method like "GET".', 16384)
 2 APPPATH\Config\Routes.php(28): CodeIgniter\Router\RouteCollection->match([...], 'authenticate', 'Admin::authenticate')
 3 SYSTEMPATH\Router\RouteCollection.php(799): CodeIgniter\Router\RouteCollection->{closure}(Object(CodeIgniter\Router\RouteCollection))
 4 APPPATH\Config\Routes.php(25): CodeIgniter\Router\RouteCollection->group('admin', [...], Object(Closure))
 5 SYSTEMPATH\Router\RouteCollection.php(339): require('C:\\xampp\\htdocs\\myfoodblog\\app\\Config\\Routes.php')
 6 SYSTEMPATH\CodeIgniter.php(818): CodeIgniter\Router\RouteCollection->loadRoutes()
 7 SYSTEMPATH\CodeIgniter.php(441): CodeIgniter\CodeIgniter->tryToRouteIt(null)
 8 SYSTEMPATH\CodeIgniter.php(340): CodeIgniter\CodeIgniter->handleRequest(null, Object(Config\Cache), false)
 9 SYSTEMPATH\Boot.php(417): CodeIgniter\CodeIgniter->run()
10 SYSTEMPATH\Boot.php(68): CodeIgniter\Boot::runCodeIgniter(Object(CodeIgniter\CodeIgniter))
11 FCPATH\index.php(59): CodeIgniter\Boot::bootWeb(Object(Config\Paths))
WARNING - 2026-06-29 06:06:20 --> [DEPRECATED] Passing lowercase HTTP method "post" is deprecated. Use uppercase HTTP method like "POST". in SYSTEMPATH\Router\RouteCollection.php on line 1026.
 1 SYSTEMPATH\Router\RouteCollection.php(1026): trigger_error('Passing lowercase HTTP method "post" is deprecated. Use uppercase HTTP method like "POST".', 16384)
 2 APPPATH\Config\Routes.php(28): CodeIgniter\Router\RouteCollection->match([...], 'authenticate', 'Admin::authenticate')
 3 SYSTEMPATH\Router\RouteCollection.php(799): CodeIgniter\Router\RouteCollection->{closure}(Object(CodeIgniter\Router\RouteCollection))
 4 APPPATH\Config\Routes.php(25): CodeIgniter\Router\RouteCollection->group('admin', [...], Object(Closure))
 5 SYSTEMPATH\Router\RouteCollection.php(339): require('C:\\xampp\\htdocs\\myfoodblog\\app\\Config\\Routes.php')
 6 SYSTEMPATH\CodeIgniter.php(818): CodeIgniter\Router\RouteCollection->loadRoutes()
 7 SYSTEMPATH\CodeIgniter.php(441): CodeIgniter\CodeIgniter->tryToRouteIt(null)
 8 SYSTEMPATH\CodeIgniter.php(340): CodeIgniter\CodeIgniter->handleRequest(null, Object(Config\Cache), false)
 9 SYSTEMPATH\Boot.php(417): CodeIgniter\CodeIgniter->run()
10 SYSTEMPATH\Boot.php(68): CodeIgniter\Boot::runCodeIgniter(Object(CodeIgniter\CodeIgniter))
11 FCPATH\index.php(59): CodeIgniter\Boot::bootWeb(Object(Config\Paths))
DEBUG - 2026-06-29 06:06:20 --> Session: Class initialized using 'CodeIgniter\Session\Handlers\FileHandler' driver.
WARNING - 2026-06-29 06:06:21 --> [DEPRECATED] Passing lowercase HTTP method "get" is deprecated. Use uppercase HTTP method like "GET". in SYSTEMPATH\Router\RouteCollection.php on line 1026.
 1 SYSTEMPATH\Router\RouteCollection.php(1026): trigger_error('Passing lowercase HTTP method "get" is deprecated. Use uppercase HTTP method like "GET".', 16384)
 2 APPPATH\Config\Routes.php(28): CodeIgniter\Router\RouteCollection->match([...], 'authenticate', 'Admin::authenticate')
 3 SYSTEMPATH\Router\RouteCollection.php(799): CodeIgniter\Router\RouteCollection->{closure}(Object(CodeIgniter\Router\RouteCollection))
 4 APPPATH\Config\Routes.php(25): CodeIgniter\Router\RouteCollection->group('admin', [...], Object(Closure))
 5 SYSTEMPATH\Router\RouteCollection.php(339): require('C:\\xampp\\htdocs\\myfoodblog\\app\\Config\\Routes.php')
 6 SYSTEMPATH\CodeIgniter.php(818): CodeIgniter\Router\RouteCollection->loadRoutes()
 7 SYSTEMPATH\CodeIgniter.php(441): CodeIgniter\CodeIgniter->tryToRouteIt(null)
 8 SYSTEMPATH\CodeIgniter.php(340): CodeIgniter\CodeIgniter->handleRequest(null, Object(Config\Cache), false)
 9 SYSTEMPATH\Boot.php(417): CodeIgniter\CodeIgniter->run()
10 SYSTEMPATH\Boot.php(68): CodeIgniter\Boot::runCodeIgniter(Object(CodeIgniter\CodeIgniter))
11 FCPATH\index.php(59): CodeIgniter\Boot::bootWeb(Object(Config\Paths))
WARNING - 2026-06-29 06:06:21 --> [DEPRECATED] Passing lowercase HTTP method "post" is deprecated. Use uppercase HTTP method like "POST". in SYSTEMPATH\Router\RouteCollection.php on line 1026.
 1 SYSTEMPATH\Router\RouteCollection.php(1026): trigger_error('Passing lowercase HTTP method "post" is deprecated. Use uppercase HTTP method like "POST".', 16384)
 2 APPPATH\Config\Routes.php(28): CodeIgniter\Router\RouteCollection->match([...], 'authenticate', 'Admin::authenticate')
 3 SYSTEMPATH\Router\RouteCollection.php(799): CodeIgniter\Router\RouteCollection->{closure}(Object(CodeIgniter\Router\RouteCollection))
 4 APPPATH\Config\Routes.php(25): CodeIgniter\Router\RouteCollection->group('admin', [...], Object(Closure))
 5 SYSTEMPATH\Router\RouteCollection.php(339): require('C:\\xampp\\htdocs\\myfoodblog\\app\\Config\\Routes.php')
 6 SYSTEMPATH\CodeIgniter.php(818): CodeIgniter\Router\RouteCollection->loadRoutes()
 7 SYSTEMPATH\CodeIgniter.php(441): CodeIgniter\CodeIgniter->tryToRouteIt(null)
 8 SYSTEMPATH\CodeIgniter.php(340): CodeIgniter\CodeIgniter->handleRequest(null, Object(Config\Cache), false)
 9 SYSTEMPATH\Boot.php(417): CodeIgniter\CodeIgniter->run()
10 SYSTEMPATH\Boot.php(68): CodeIgniter\Boot::runCodeIgniter(Object(CodeIgniter\CodeIgniter))
11 FCPATH\index.php(59): CodeIgniter\Boot::bootWeb(Object(Config\Paths))
WARNING - 2026-06-29 06:06:21 --> [DEPRECATED] Passing lowercase HTTP method "get" is deprecated. Use uppercase HTTP method like "GET". in SYSTEMPATH\Router\RouteCollection.php on line 1026.
 1 SYSTEMPATH\Router\RouteCollection.php(1026): trigger_error('Passing lowercase HTTP method "get" is deprecated. Use uppercase HTTP method like "GET".', 16384)
 2 APPPATH\Config\Routes.php(28): CodeIgniter\Router\RouteCollection->match([...], 'authenticate', 'Admin::authenticate')
 3 SYSTEMPATH\Router\RouteCollection.php(799): CodeIgniter\Router\RouteCollection->{closure}(Object(CodeIgniter\Router\RouteCollection))
 4 APPPATH\Config\Routes.php(25): CodeIgniter\Router\RouteCollection->group('admin', [...], Object(Closure))
 5 SYSTEMPATH\Router\RouteCollection.php(339): require('C:\\xampp\\htdocs\\myfoodblog\\app\\Config\\Routes.php')
 6 SYSTEMPATH\CodeIgniter.php(818): CodeIgniter\Router\RouteCollection->loadRoutes()
 7 SYSTEMPATH\CodeIgniter.php(441): CodeIgniter\CodeIgniter->tryToRouteIt(null)
 8 SYSTEMPATH\CodeIgniter.php(340): CodeIgniter\CodeIgniter->handleRequest(null, Object(Config\Cache), false)
 9 SYSTEMPATH\Boot.php(417): CodeIgniter\CodeIgniter->run()
10 SYSTEMPATH\Boot.php(68): CodeIgniter\Boot::runCodeIgniter(Object(CodeIgniter\CodeIgniter))
11 FCPATH\index.php(59): CodeIgniter\Boot::bootWeb(Object(Config\Paths))
WARNING - 2026-06-29 06:06:21 --> [DEPRECATED] Passing lowercase HTTP method "post" is deprecated. Use uppercase HTTP method like "POST". in SYSTEMPATH\Router\RouteCollection.php on line 1026.
 1 SYSTEMPATH\Router\RouteCollection.php(1026): trigger_error('Passing lowercase HTTP method "post" is deprecated. Use uppercase HTTP method like "POST".', 16384)
 2 APPPATH\Config\Routes.php(28): CodeIgniter\Router\RouteCollection->match([...], 'authenticate', 'Admin::authenticate')
 3 SYSTEMPATH\Router\RouteCollection.php(799): CodeIgniter\Router\RouteCollection->{closure}(Object(CodeIgniter\Router\RouteCollection))
 4 APPPATH\Config\Routes.php(25): CodeIgniter\Router\RouteCollection->group('admin', [...], Object(Closure))
 5 SYSTEMPATH\Router\RouteCollection.php(339): require('C:\\xampp\\htdocs\\myfoodblog\\app\\Config\\Routes.php')
 6 SYSTEMPATH\CodeIgniter.php(818): CodeIgniter\Router\RouteCollection->loadRoutes()
 7 SYSTEMPATH\CodeIgniter.php(441): CodeIgniter\CodeIgniter->tryToRouteIt(null)
 8 SYSTEMPATH\CodeIgniter.php(340): CodeIgniter\CodeIgniter->handleRequest(null, Object(Config\Cache), false)
 9 SYSTEMPATH\Boot.php(417): CodeIgniter\CodeIgniter->run()
10 SYSTEMPATH\Boot.php(68): CodeIgniter\Boot::runCodeIgniter(Object(CodeIgniter\CodeIgniter))
11 FCPATH\index.php(59): CodeIgniter\Boot::bootWeb(Object(Config\Paths))
WARNING - 2026-06-29 06:06:25 --> [DEPRECATED] Passing lowercase HTTP method "get" is deprecated. Use uppercase HTTP method like "GET". in SYSTEMPATH\Router\RouteCollection.php on line 1026.
 1 SYSTEMPATH\Router\RouteCollection.php(1026): trigger_error('Passing lowercase HTTP method "get" is deprecated. Use uppercase HTTP method like "GET".', 16384)
 2 APPPATH\Config\Routes.php(28): CodeIgniter\Router\RouteCollection->match([...], 'authenticate', 'Admin::authenticate')
 3 SYSTEMPATH\Router\RouteCollection.php(799): CodeIgniter\Router\RouteCollection->{closure}(Object(CodeIgniter\Router\RouteCollection))
 4 APPPATH\Config\Routes.php(25): CodeIgniter\Router\RouteCollection->group('admin', [...], Object(Closure))
 5 SYSTEMPATH\Router\RouteCollection.php(339): require('C:\\xampp\\htdocs\\myfoodblog\\app\\Config\\Routes.php')
 6 SYSTEMPATH\CodeIgniter.php(818): CodeIgniter\Router\RouteCollection->loadRoutes()
 7 SYSTEMPATH\CodeIgniter.php(441): CodeIgniter\CodeIgniter->tryToRouteIt(null)
 8 SYSTEMPATH\CodeIgniter.php(340): CodeIgniter\CodeIgniter->handleRequest(null, Object(Config\Cache), false)
 9 SYSTEMPATH\Boot.php(417): CodeIgniter\CodeIgniter->run()
10 SYSTEMPATH\Boot.php(68): CodeIgniter\Boot::runCodeIgniter(Object(CodeIgniter\CodeIgniter))
11 FCPATH\index.php(59): CodeIgniter\Boot::bootWeb(Object(Config\Paths))
WARNING - 2026-06-29 06:06:25 --> [DEPRECATED] Passing lowercase HTTP method "post" is deprecated. Use uppercase HTTP method like "POST". in SYSTEMPATH\Router\RouteCollection.php on line 1026.
 1 SYSTEMPATH\Router\RouteCollection.php(1026): trigger_error('Passing lowercase HTTP method "post" is deprecated. Use uppercase HTTP method like "POST".', 16384)
 2 APPPATH\Config\Routes.php(28): CodeIgniter\Router\RouteCollection->match([...], 'authenticate', 'Admin::authenticate')
 3 SYSTEMPATH\Router\RouteCollection.php(799): CodeIgniter\Router\RouteCollection->{closure}(Object(CodeIgniter\Router\RouteCollection))
 4 APPPATH\Config\Routes.php(25): CodeIgniter\Router\RouteCollection->group('admin', [...], Object(Closure))
 5 SYSTEMPATH\Router\RouteCollection.php(339): require('C:\\xampp\\htdocs\\myfoodblog\\app\\Config\\Routes.php')
 6 SYSTEMPATH\CodeIgniter.php(818): CodeIgniter\Router\RouteCollection->loadRoutes()
 7 SYSTEMPATH\CodeIgniter.php(441): CodeIgniter\CodeIgniter->tryToRouteIt(null)
 8 SYSTEMPATH\CodeIgniter.php(340): CodeIgniter\CodeIgniter->handleRequest(null, Object(Config\Cache), false)
 9 SYSTEMPATH\Boot.php(417): CodeIgniter\CodeIgniter->run()
10 SYSTEMPATH\Boot.php(68): CodeIgniter\Boot::runCodeIgniter(Object(CodeIgniter\CodeIgniter))
11 FCPATH\index.php(59): CodeIgniter\Boot::bootWeb(Object(Config\Paths))
DEBUG - 2026-06-29 06:06:25 --> Session: Class initialized using 'CodeIgniter\Session\Handlers\FileHandler' driver.
WARNING - 2026-06-29 06:06:25 --> [DEPRECATED] Passing lowercase HTTP method "get" is deprecated. Use uppercase HTTP method like "GET". in SYSTEMPATH\Router\RouteCollection.php on line 1026.
 1 SYSTEMPATH\Router\RouteCollection.php(1026): trigger_error('Passing lowercase HTTP method "get" is deprecated. Use uppercase HTTP method like "GET".', 16384)
 2 APPPATH\Config\Routes.php(28): CodeIgniter\Router\RouteCollection->match([...], 'authenticate', 'Admin::authenticate')
 3 SYSTEMPATH\Router\RouteCollection.php(799): CodeIgniter\Router\RouteCollection->{closure}(Object(CodeIgniter\Router\RouteCollection))
 4 APPPATH\Config\Routes.php(25): CodeIgniter\Router\RouteCollection->group('admin', [...], Object(Closure))
 5 SYSTEMPATH\Router\RouteCollection.php(339): require('C:\\xampp\\htdocs\\myfoodblog\\app\\Config\\Routes.php')
 6 SYSTEMPATH\CodeIgniter.php(818): CodeIgniter\Router\RouteCollection->loadRoutes()
 7 SYSTEMPATH\CodeIgniter.php(441): CodeIgniter\CodeIgniter->tryToRouteIt(null)
 8 SYSTEMPATH\CodeIgniter.php(340): CodeIgniter\CodeIgniter->handleRequest(null, Object(Config\Cache), false)
 9 SYSTEMPATH\Boot.php(417): CodeIgniter\CodeIgniter->run()
10 SYSTEMPATH\Boot.php(68): CodeIgniter\Boot::runCodeIgniter(Object(CodeIgniter\CodeIgniter))
11 FCPATH\index.php(59): CodeIgniter\Boot::bootWeb(Object(Config\Paths))
WARNING - 2026-06-29 06:06:25 --> [DEPRECATED] Passing lowercase HTTP method "post" is deprecated. Use uppercase HTTP method like "POST". in SYSTEMPATH\Router\RouteCollection.php on line 1026.
 1 SYSTEMPATH\Router\RouteCollection.php(1026): trigger_error('Passing lowercase HTTP method "post" is deprecated. Use uppercase HTTP method like "POST".', 16384)
 2 APPPATH\Config\Routes.php(28): CodeIgniter\Router\RouteCollection->match([...], 'authenticate', 'Admin::authenticate')
 3 SYSTEMPATH\Router\RouteCollection.php(799): CodeIgniter\Router\RouteCollection->{closure}(Object(CodeIgniter\Router\RouteCollection))
 4 APPPATH\Config\Routes.php(25): CodeIgniter\Router\RouteCollection->group('admin', [...], Object(Closure))
 5 SYSTEMPATH\Router\RouteCollection.php(339): require('C:\\xampp\\htdocs\\myfoodblog\\app\\Config\\Routes.php')
 6 SYSTEMPATH\CodeIgniter.php(818): CodeIgniter\Router\RouteCollection->loadRoutes()
 7 SYSTEMPATH\CodeIgniter.php(441): CodeIgniter\CodeIgniter->tryToRouteIt(null)
 8 SYSTEMPATH\CodeIgniter.php(340): CodeIgniter\CodeIgniter->handleRequest(null, Object(Config\Cache), false)
 9 SYSTEMPATH\Boot.php(417): CodeIgniter\CodeIgniter->run()
10 SYSTEMPATH\Boot.php(68): CodeIgniter\Boot::runCodeIgniter(Object(CodeIgniter\CodeIgniter))
11 FCPATH\index.php(59): CodeIgniter\Boot::bootWeb(Object(Config\Paths))
DEBUG - 2026-06-29 06:06:25 --> Session: Class initialized using 'CodeIgniter\Session\Handlers\FileHandler' driver.
WARNING - 2026-06-29 06:06:26 --> [DEPRECATED] Passing lowercase HTTP method "get" is deprecated. Use uppercase HTTP method like "GET". in SYSTEMPATH\Router\RouteCollection.php on line 1026.
 1 SYSTEMPATH\Router\RouteCollection.php(1026): trigger_error('Passing lowercase HTTP method "get" is deprecated. Use uppercase HTTP method like "GET".', 16384)
 2 APPPATH\Config\Routes.php(28): CodeIgniter\Router\RouteCollection->match([...], 'authenticate', 'Admin::authenticate')
 3 SYSTEMPATH\Router\RouteCollection.php(799): CodeIgniter\Router\RouteCollection->{closure}(Object(CodeIgniter\Router\RouteCollection))
 4 APPPATH\Config\Routes.php(25): CodeIgniter\Router\RouteCollection->group('admin', [...], Object(Closure))
 5 SYSTEMPATH\Router\RouteCollection.php(339): require('C:\\xampp\\htdocs\\myfoodblog\\app\\Config\\Routes.php')
 6 SYSTEMPATH\CodeIgniter.php(818): CodeIgniter\Router\RouteCollection->loadRoutes()
 7 SYSTEMPATH\CodeIgniter.php(441): CodeIgniter\CodeIgniter->tryToRouteIt(null)
 8 SYSTEMPATH\CodeIgniter.php(340): CodeIgniter\CodeIgniter->handleRequest(null, Object(Config\Cache), false)
 9 SYSTEMPATH\Boot.php(417): CodeIgniter\CodeIgniter->run()
10 SYSTEMPATH\Boot.php(68): CodeIgniter\Boot::runCodeIgniter(Object(CodeIgniter\CodeIgniter))
11 FCPATH\index.php(59): CodeIgniter\Boot::bootWeb(Object(Config\Paths))
WARNING - 2026-06-29 06:06:26 --> [DEPRECATED] Passing lowercase HTTP method "get" is deprecated. Use uppercase HTTP method like "GET". in SYSTEMPATH\Router\RouteCollection.php on line 1026.
 1 SYSTEMPATH\Router\RouteCollection.php(1026): trigger_error('Passing lowercase HTTP method "get" is deprecated. Use uppercase HTTP method like "GET".', 16384)
 2 APPPATH\Config\Routes.php(28): CodeIgniter\Router\RouteCollection->match([...], 'authenticate', 'Admin::authenticate')
 3 SYSTEMPATH\Router\RouteCollection.php(799): CodeIgniter\Router\RouteCollection->{closure}(Object(CodeIgniter\Router\RouteCollection))
 4 APPPATH\Config\Routes.php(25): CodeIgniter\Router\RouteCollection->group('admin', [...], Object(Closure))
 5 SYSTEMPATH\Router\RouteCollection.php(339): require('C:\\xampp\\htdocs\\myfoodblog\\app\\Config\\Routes.php')
 6 SYSTEMPATH\CodeIgniter.php(818): CodeIgniter\Router\RouteCollection->loadRoutes()
 7 SYSTEMPATH\CodeIgniter.php(441): CodeIgniter\CodeIgniter->tryToRouteIt(null)
 8 SYSTEMPATH\CodeIgniter.php(340): CodeIgniter\CodeIgniter->handleRequest(null, Object(Config\Cache), false)
 9 SYSTEMPATH\Boot.php(417): CodeIgniter\CodeIgniter->run()
10 SYSTEMPATH\Boot.php(68): CodeIgniter\Boot::runCodeIgniter(Object(CodeIgniter\CodeIgniter))
11 FCPATH\index.php(59): CodeIgniter\Boot::bootWeb(Object(Config\Paths))
WARNING - 2026-06-29 06:06:26 --> [DEPRECATED] Passing lowercase HTTP method "post" is deprecated. Use uppercase HTTP method like "POST". in SYSTEMPATH\Router\RouteCollection.php on line 1026.
 1 SYSTEMPATH\Router\RouteCollection.php(1026): trigger_error('Passing lowercase HTTP method "post" is deprecated. Use uppercase HTTP method like "POST".', 16384)
 2 APPPATH\Config\Routes.php(28): CodeIgniter\Router\RouteCollection->match([...], 'authenticate', 'Admin::authenticate')
 3 SYSTEMPATH\Router\RouteCollection.php(799): CodeIgniter\Router\RouteCollection->{closure}(Object(CodeIgniter\Router\RouteCollection))
 4 APPPATH\Config\Routes.php(25): CodeIgniter\Router\RouteCollection->group('admin', [...], Object(Closure))
 5 SYSTEMPATH\Router\RouteCollection.php(339): require('C:\\xampp\\htdocs\\myfoodblog\\app\\Config\\Routes.php')
 6 SYSTEMPATH\CodeIgniter.php(818): CodeIgniter\Router\RouteCollection->loadRoutes()
 7 SYSTEMPATH\CodeIgniter.php(441): CodeIgniter\CodeIgniter->tryToRouteIt(null)
 8 SYSTEMPATH\CodeIgniter.php(340): CodeIgniter\CodeIgniter->handleRequest(null, Object(Config\Cache), false)
 9 SYSTEMPATH\Boot.php(417): CodeIgniter\CodeIgniter->run()
10 SYSTEMPATH\Boot.php(68): CodeIgniter\Boot::runCodeIgniter(Object(CodeIgniter\CodeIgniter))
11 FCPATH\index.php(59): CodeIgniter\Boot::bootWeb(Object(Config\Paths))
WARNING - 2026-06-29 06:06:26 --> [DEPRECATED] Passing lowercase HTTP method "post" is deprecated. Use uppercase HTTP method like "POST". in SYSTEMPATH\Router\RouteCollection.php on line 1026.
 1 SYSTEMPATH\Router\RouteCollection.php(1026): trigger_error('Passing lowercase HTTP method "post" is deprecated. Use uppercase HTTP method like "POST".', 16384)
 2 APPPATH\Config\Routes.php(28): CodeIgniter\Router\RouteCollection->match([...], 'authenticate', 'Admin::authenticate')
 3 SYSTEMPATH\Router\RouteCollection.php(799): CodeIgniter\Router\RouteCollection->{closure}(Object(CodeIgniter\Router\RouteCollection))
 4 APPPATH\Config\Routes.php(25): CodeIgniter\Router\RouteCollection->group('admin', [...], Object(Closure))
 5 SYSTEMPATH\Router\RouteCollection.php(339): require('C:\\xampp\\htdocs\\myfoodblog\\app\\Config\\Routes.php')
 6 SYSTEMPATH\CodeIgniter.php(818): CodeIgniter\Router\RouteCollection->loadRoutes()
 7 SYSTEMPATH\CodeIgniter.php(441): CodeIgniter\CodeIgniter->tryToRouteIt(null)
 8 SYSTEMPATH\CodeIgniter.php(340): CodeIgniter\CodeIgniter->handleRequest(null, Object(Config\Cache), false)
 9 SYSTEMPATH\Boot.php(417): CodeIgniter\CodeIgniter->run()
10 SYSTEMPATH\Boot.php(68): CodeIgniter\Boot::runCodeIgniter(Object(CodeIgniter\CodeIgniter))
11 FCPATH\index.php(59): CodeIgniter\Boot::bootWeb(Object(Config\Paths))
WARNING - 2026-06-29 06:06:32 --> [DEPRECATED] Passing lowercase HTTP method "get" is deprecated. Use uppercase HTTP method like "GET". in SYSTEMPATH\Router\RouteCollection.php on line 1026.
 1 SYSTEMPATH\Router\RouteCollection.php(1026): trigger_error('Passing lowercase HTTP method "get" is deprecated. Use uppercase HTTP method like "GET".', 16384)
 2 APPPATH\Config\Routes.php(28): CodeIgniter\Router\RouteCollection->match([...], 'authenticate', 'Admin::authenticate')
 3 SYSTEMPATH\Router\RouteCollection.php(799): CodeIgniter\Router\RouteCollection->{closure}(Object(CodeIgniter\Router\RouteCollection))
 4 APPPATH\Config\Routes.php(25): CodeIgniter\Router\RouteCollection->group('admin', [...], Object(Closure))
 5 SYSTEMPATH\Router\RouteCollection.php(339): require('C:\\xampp\\htdocs\\myfoodblog\\app\\Config\\Routes.php')
 6 SYSTEMPATH\CodeIgniter.php(818): CodeIgniter\Router\RouteCollection->loadRoutes()
 7 SYSTEMPATH\CodeIgniter.php(441): CodeIgniter\CodeIgniter->tryToRouteIt(null)
 8 SYSTEMPATH\CodeIgniter.php(340): CodeIgniter\CodeIgniter->handleRequest(null, Object(Config\Cache), false)
 9 SYSTEMPATH\Boot.php(417): CodeIgniter\CodeIgniter->run()
10 SYSTEMPATH\Boot.php(68): CodeIgniter\Boot::runCodeIgniter(Object(CodeIgniter\CodeIgniter))
11 FCPATH\index.php(59): CodeIgniter\Boot::bootWeb(Object(Config\Paths))
WARNING - 2026-06-29 06:06:32 --> [DEPRECATED] Passing lowercase HTTP method "post" is deprecated. Use uppercase HTTP method like "POST". in SYSTEMPATH\Router\RouteCollection.php on line 1026.
 1 SYSTEMPATH\Router\RouteCollection.php(1026): trigger_error('Passing lowercase HTTP method "post" is deprecated. Use uppercase HTTP method like "POST".', 16384)
 2 APPPATH\Config\Routes.php(28): CodeIgniter\Router\RouteCollection->match([...], 'authenticate', 'Admin::authenticate')
 3 SYSTEMPATH\Router\RouteCollection.php(799): CodeIgniter\Router\RouteCollection->{closure}(Object(CodeIgniter\Router\RouteCollection))
 4 APPPATH\Config\Routes.php(25): CodeIgniter\Router\RouteCollection->group('admin', [...], Object(Closure))
 5 SYSTEMPATH\Router\RouteCollection.php(339): require('C:\\xampp\\htdocs\\myfoodblog\\app\\Config\\Routes.php')
 6 SYSTEMPATH\CodeIgniter.php(818): CodeIgniter\Router\RouteCollection->loadRoutes()
 7 SYSTEMPATH\CodeIgniter.php(441): CodeIgniter\CodeIgniter->tryToRouteIt(null)
 8 SYSTEMPATH\CodeIgniter.php(340): CodeIgniter\CodeIgniter->handleRequest(null, Object(Config\Cache), false)
 9 SYSTEMPATH\Boot.php(417): CodeIgniter\CodeIgniter->run()
10 SYSTEMPATH\Boot.php(68): CodeIgniter\Boot::runCodeIgniter(Object(CodeIgniter\CodeIgniter))
11 FCPATH\index.php(59): CodeIgniter\Boot::bootWeb(Object(Config\Paths))
DEBUG - 2026-06-29 06:06:32 --> Session: Class initialized using 'CodeIgniter\Session\Handlers\FileHandler' driver.
WARNING - 2026-06-29 06:06:32 --> [DEPRECATED] Passing lowercase HTTP method "get" is deprecated. Use uppercase HTTP method like "GET". in SYSTEMPATH\Router\RouteCollection.php on line 1026.
 1 SYSTEMPATH\Router\RouteCollection.php(1026): trigger_error('Passing lowercase HTTP method "get" is deprecated. Use uppercase HTTP method like "GET".', 16384)
 2 APPPATH\Config\Routes.php(28): CodeIgniter\Router\RouteCollection->match([...], 'authenticate', 'Admin::authenticate')
 3 SYSTEMPATH\Router\RouteCollection.php(799): CodeIgniter\Router\RouteCollection->{closure}(Object(CodeIgniter\Router\RouteCollection))
 4 APPPATH\Config\Routes.php(25): CodeIgniter\Router\RouteCollection->group('admin', [...], Object(Closure))
 5 SYSTEMPATH\Router\RouteCollection.php(339): require('C:\\xampp\\htdocs\\myfoodblog\\app\\Config\\Routes.php')
 6 SYSTEMPATH\CodeIgniter.php(818): CodeIgniter\Router\RouteCollection->loadRoutes()
 7 SYSTEMPATH\CodeIgniter.php(441): CodeIgniter\CodeIgniter->tryToRouteIt(null)
 8 SYSTEMPATH\CodeIgniter.php(340): CodeIgniter\CodeIgniter->handleRequest(null, Object(Config\Cache), false)
 9 SYSTEMPATH\Boot.php(417): CodeIgniter\CodeIgniter->run()
10 SYSTEMPATH\Boot.php(68): CodeIgniter\Boot::runCodeIgniter(Object(CodeIgniter\CodeIgniter))
11 FCPATH\index.php(59): CodeIgniter\Boot::bootWeb(Object(Config\Paths))
WARNING - 2026-06-29 06:06:32 --> [DEPRECATED] Passing lowercase HTTP method "get" is deprecated. Use uppercase HTTP method like "GET". in SYSTEMPATH\Router\RouteCollection.php on line 1026.
 1 SYSTEMPATH\Router\RouteCollection.php(1026): trigger_error('Passing lowercase HTTP method "get" is deprecated. Use uppercase HTTP method like "GET".', 16384)
 2 APPPATH\Config\Routes.php(28): CodeIgniter\Router\RouteCollection->match([...], 'authenticate', 'Admin::authenticate')
 3 SYSTEMPATH\Router\RouteCollection.php(799): CodeIgniter\Router\RouteCollection->{closure}(Object(CodeIgniter\Router\RouteCollection))
 4 APPPATH\Config\Routes.php(25): CodeIgniter\Router\RouteCollection->group('admin', [...], Object(Closure))
 5 SYSTEMPATH\Router\RouteCollection.php(339): require('C:\\xampp\\htdocs\\myfoodblog\\app\\Config\\Routes.php')
 6 SYSTEMPATH\CodeIgniter.php(818): CodeIgniter\Router\RouteCollection->loadRoutes()
 7 SYSTEMPATH\CodeIgniter.php(441): CodeIgniter\CodeIgniter->tryToRouteIt(null)
 8 SYSTEMPATH\CodeIgniter.php(340): CodeIgniter\CodeIgniter->handleRequest(null, Object(Config\Cache), false)
 9 SYSTEMPATH\Boot.php(417): CodeIgniter\CodeIgniter->run()
10 SYSTEMPATH\Boot.php(68): CodeIgniter\Boot::runCodeIgniter(Object(CodeIgniter\CodeIgniter))
11 FCPATH\index.php(59): CodeIgniter\Boot::bootWeb(Object(Config\Paths))
WARNING - 2026-06-29 06:06:32 --> [DEPRECATED] Passing lowercase HTTP method "post" is deprecated. Use uppercase HTTP method like "POST". in SYSTEMPATH\Router\RouteCollection.php on line 1026.
 1 SYSTEMPATH\Router\RouteCollection.php(1026): trigger_error('Passing lowercase HTTP method "post" is deprecated. Use uppercase HTTP method like "POST".', 16384)
 2 APPPATH\Config\Routes.php(28): CodeIgniter\Router\RouteCollection->match([...], 'authenticate', 'Admin::authenticate')
 3 SYSTEMPATH\Router\RouteCollection.php(799): CodeIgniter\Router\RouteCollection->{closure}(Object(CodeIgniter\Router\RouteCollection))
 4 APPPATH\Config\Routes.php(25): CodeIgniter\Router\RouteCollection->group('admin', [...], Object(Closure))
 5 SYSTEMPATH\Router\RouteCollection.php(339): require('C:\\xampp\\htdocs\\myfoodblog\\app\\Config\\Routes.php')
 6 SYSTEMPATH\CodeIgniter.php(818): CodeIgniter\Router\RouteCollection->loadRoutes()
 7 SYSTEMPATH\CodeIgniter.php(441): CodeIgniter\CodeIgniter->tryToRouteIt(null)
 8 SYSTEMPATH\CodeIgniter.php(340): CodeIgniter\CodeIgniter->handleRequest(null, Object(Config\Cache), false)
 9 SYSTEMPATH\Boot.php(417): CodeIgniter\CodeIgniter->run()
10 SYSTEMPATH\Boot.php(68): CodeIgniter\Boot::runCodeIgniter(Object(CodeIgniter\CodeIgniter))
11 FCPATH\index.php(59): CodeIgniter\Boot::bootWeb(Object(Config\Paths))
WARNING - 2026-06-29 06:06:32 --> [DEPRECATED] Passing lowercase HTTP method "post" is deprecated. Use uppercase HTTP method like "POST". in SYSTEMPATH\Router\RouteCollection.php on line 1026.
 1 SYSTEMPATH\Router\RouteCollection.php(1026): trigger_error('Passing lowercase HTTP method "post" is deprecated. Use uppercase HTTP method like "POST".', 16384)
 2 APPPATH\Config\Routes.php(28): CodeIgniter\Router\RouteCollection->match([...], 'authenticate', 'Admin::authenticate')
 3 SYSTEMPATH\Router\RouteCollection.php(799): CodeIgniter\Router\RouteCollection->{closure}(Object(CodeIgniter\Router\RouteCollection))
 4 APPPATH\Config\Routes.php(25): CodeIgniter\Router\RouteCollection->group('admin', [...], Object(Closure))
 5 SYSTEMPATH\Router\RouteCollection.php(339): require('C:\\xampp\\htdocs\\myfoodblog\\app\\Config\\Routes.php')
 6 SYSTEMPATH\CodeIgniter.php(818): CodeIgniter\Router\RouteCollection->loadRoutes()
 7 SYSTEMPATH\CodeIgniter.php(441): CodeIgniter\CodeIgniter->tryToRouteIt(null)
 8 SYSTEMPATH\CodeIgniter.php(340): CodeIgniter\CodeIgniter->handleRequest(null, Object(Config\Cache), false)
 9 SYSTEMPATH\Boot.php(417): CodeIgniter\CodeIgniter->run()
10 SYSTEMPATH\Boot.php(68): CodeIgniter\Boot::runCodeIgniter(Object(CodeIgniter\CodeIgniter))
11 FCPATH\index.php(59): CodeIgniter\Boot::bootWeb(Object(Config\Paths))
WARNING - 2026-06-29 06:09:09 --> [DEPRECATED] Passing lowercase HTTP method "get" is deprecated. Use uppercase HTTP method like "GET". in SYSTEMPATH\Router\RouteCollection.php on line 1026.
 1 SYSTEMPATH\Router\RouteCollection.php(1026): trigger_error('Passing lowercase HTTP method "get" is deprecated. Use uppercase HTTP method like "GET".', 16384)
 2 APPPATH\Config\Routes.php(28): CodeIgniter\Router\RouteCollection->match([...], 'authenticate', 'Admin::authenticate')
 3 SYSTEMPATH\Router\RouteCollection.php(799): CodeIgniter\Router\RouteCollection->{closure}(Object(CodeIgniter\Router\RouteCollection))
 4 APPPATH\Config\Routes.php(25): CodeIgniter\Router\RouteCollection->group('admin', [...], Object(Closure))
 5 SYSTEMPATH\Router\RouteCollection.php(339): require('C:\\xampp\\htdocs\\myfoodblog\\app\\Config\\Routes.php')
 6 SYSTEMPATH\CodeIgniter.php(818): CodeIgniter\Router\RouteCollection->loadRoutes()
 7 SYSTEMPATH\CodeIgniter.php(441): CodeIgniter\CodeIgniter->tryToRouteIt(null)
 8 SYSTEMPATH\CodeIgniter.php(340): CodeIgniter\CodeIgniter->handleRequest(null, Object(Config\Cache), false)
 9 SYSTEMPATH\Boot.php(417): CodeIgniter\CodeIgniter->run()
10 SYSTEMPATH\Boot.php(68): CodeIgniter\Boot::runCodeIgniter(Object(CodeIgniter\CodeIgniter))
11 FCPATH\index.php(59): CodeIgniter\Boot::bootWeb(Object(Config\Paths))
WARNING - 2026-06-29 06:09:09 --> [DEPRECATED] Passing lowercase HTTP method "post" is deprecated. Use uppercase HTTP method like "POST". in SYSTEMPATH\Router\RouteCollection.php on line 1026.
 1 SYSTEMPATH\Router\RouteCollection.php(1026): trigger_error('Passing lowercase HTTP method "post" is deprecated. Use uppercase HTTP method like "POST".', 16384)
 2 APPPATH\Config\Routes.php(28): CodeIgniter\Router\RouteCollection->match([...], 'authenticate', 'Admin::authenticate')
 3 SYSTEMPATH\Router\RouteCollection.php(799): CodeIgniter\Router\RouteCollection->{closure}(Object(CodeIgniter\Router\RouteCollection))
 4 APPPATH\Config\Routes.php(25): CodeIgniter\Router\RouteCollection->group('admin', [...], Object(Closure))
 5 SYSTEMPATH\Router\RouteCollection.php(339): require('C:\\xampp\\htdocs\\myfoodblog\\app\\Config\\Routes.php')
 6 SYSTEMPATH\CodeIgniter.php(818): CodeIgniter\Router\RouteCollection->loadRoutes()
 7 SYSTEMPATH\CodeIgniter.php(441): CodeIgniter\CodeIgniter->tryToRouteIt(null)
 8 SYSTEMPATH\CodeIgniter.php(340): CodeIgniter\CodeIgniter->handleRequest(null, Object(Config\Cache), false)
 9 SYSTEMPATH\Boot.php(417): CodeIgniter\CodeIgniter->run()
10 SYSTEMPATH\Boot.php(68): CodeIgniter\Boot::runCodeIgniter(Object(CodeIgniter\CodeIgniter))
11 FCPATH\index.php(59): CodeIgniter\Boot::bootWeb(Object(Config\Paths))
DEBUG - 2026-06-29 06:09:09 --> Session: Class initialized using 'CodeIgniter\Session\Handlers\FileHandler' driver.
WARNING - 2026-06-29 06:09:10 --> [DEPRECATED] Passing lowercase HTTP method "get" is deprecated. Use uppercase HTTP method like "GET". in SYSTEMPATH\Router\RouteCollection.php on line 1026.
 1 SYSTEMPATH\Router\RouteCollection.php(1026): trigger_error('Passing lowercase HTTP method "get" is deprecated. Use uppercase HTTP method like "GET".', 16384)
 2 APPPATH\Config\Routes.php(28): CodeIgniter\Router\RouteCollection->match([...], 'authenticate', 'Admin::authenticate')
 3 SYSTEMPATH\Router\RouteCollection.php(799): CodeIgniter\Router\RouteCollection->{closure}(Object(CodeIgniter\Router\RouteCollection))
 4 APPPATH\Config\Routes.php(25): CodeIgniter\Router\RouteCollection->group('admin', [...], Object(Closure))
 5 SYSTEMPATH\Router\RouteCollection.php(339): require('C:\\xampp\\htdocs\\myfoodblog\\app\\Config\\Routes.php')
 6 SYSTEMPATH\CodeIgniter.php(818): CodeIgniter\Router\RouteCollection->loadRoutes()
 7 SYSTEMPATH\CodeIgniter.php(441): CodeIgniter\CodeIgniter->tryToRouteIt(null)
 8 SYSTEMPATH\CodeIgniter.php(340): CodeIgniter\CodeIgniter->handleRequest(null, Object(Config\Cache), false)
 9 SYSTEMPATH\Boot.php(417): CodeIgniter\CodeIgniter->run()
10 SYSTEMPATH\Boot.php(68): CodeIgniter\Boot::runCodeIgniter(Object(CodeIgniter\CodeIgniter))
11 FCPATH\index.php(59): CodeIgniter\Boot::bootWeb(Object(Config\Paths))
WARNING - 2026-06-29 06:09:10 --> [DEPRECATED] Passing lowercase HTTP method "post" is deprecated. Use uppercase HTTP method like "POST". in SYSTEMPATH\Router\RouteCollection.php on line 1026.
 1 SYSTEMPATH\Router\RouteCollection.php(1026): trigger_error('Passing lowercase HTTP method "post" is deprecated. Use uppercase HTTP method like "POST".', 16384)
 2 APPPATH\Config\Routes.php(28): CodeIgniter\Router\RouteCollection->match([...], 'authenticate', 'Admin::authenticate')
 3 SYSTEMPATH\Router\RouteCollection.php(799): CodeIgniter\Router\RouteCollection->{closure}(Object(CodeIgniter\Router\RouteCollection))
 4 APPPATH\Config\Routes.php(25): CodeIgniter\Router\RouteCollection->group('admin', [...], Object(Closure))
 5 SYSTEMPATH\Router\RouteCollection.php(339): require('C:\\xampp\\htdocs\\myfoodblog\\app\\Config\\Routes.php')
 6 SYSTEMPATH\CodeIgniter.php(818): CodeIgniter\Router\RouteCollection->loadRoutes()
 7 SYSTEMPATH\CodeIgniter.php(441): CodeIgniter\CodeIgniter->tryToRouteIt(null)
 8 SYSTEMPATH\CodeIgniter.php(340): CodeIgniter\CodeIgniter->handleRequest(null, Object(Config\Cache), false)
 9 SYSTEMPATH\Boot.php(417): CodeIgniter\CodeIgniter->run()
10 SYSTEMPATH\Boot.php(68): CodeIgniter\Boot::runCodeIgniter(Object(CodeIgniter\CodeIgniter))
11 FCPATH\index.php(59): CodeIgniter\Boot::bootWeb(Object(Config\Paths))
WARNING - 2026-06-29 06:09:10 --> [DEPRECATED] Passing lowercase HTTP method "get" is deprecated. Use uppercase HTTP method like "GET". in SYSTEMPATH\Router\RouteCollection.php on line 1026.
 1 SYSTEMPATH\Router\RouteCollection.php(1026): trigger_error('Passing lowercase HTTP method "get" is deprecated. Use uppercase HTTP method like "GET".', 16384)
 2 APPPATH\Config\Routes.php(28): CodeIgniter\Router\RouteCollection->match([...], 'authenticate', 'Admin::authenticate')
 3 SYSTEMPATH\Router\RouteCollection.php(799): CodeIgniter\Router\RouteCollection->{closure}(Object(CodeIgniter\Router\RouteCollection))
 4 APPPATH\Config\Routes.php(25): CodeIgniter\Router\RouteCollection->group('admin', [...], Object(Closure))
 5 SYSTEMPATH\Router\RouteCollection.php(339): require('C:\\xampp\\htdocs\\myfoodblog\\app\\Config\\Routes.php')
 6 SYSTEMPATH\CodeIgniter.php(818): CodeIgniter\Router\RouteCollection->loadRoutes()
 7 SYSTEMPATH\CodeIgniter.php(441): CodeIgniter\CodeIgniter->tryToRouteIt(null)
 8 SYSTEMPATH\CodeIgniter.php(340): CodeIgniter\CodeIgniter->handleRequest(null, Object(Config\Cache), false)
 9 SYSTEMPATH\Boot.php(417): CodeIgniter\CodeIgniter->run()
10 SYSTEMPATH\Boot.php(68): CodeIgniter\Boot::runCodeIgniter(Object(CodeIgniter\CodeIgniter))
11 FCPATH\index.php(59): CodeIgniter\Boot::bootWeb(Object(Config\Paths))
WARNING - 2026-06-29 06:09:10 --> [DEPRECATED] Passing lowercase HTTP method "post" is deprecated. Use uppercase HTTP method like "POST". in SYSTEMPATH\Router\RouteCollection.php on line 1026.
 1 SYSTEMPATH\Router\RouteCollection.php(1026): trigger_error('Passing lowercase HTTP method "post" is deprecated. Use uppercase HTTP method like "POST".', 16384)
 2 APPPATH\Config\Routes.php(28): CodeIgniter\Router\RouteCollection->match([...], 'authenticate', 'Admin::authenticate')
 3 SYSTEMPATH\Router\RouteCollection.php(799): CodeIgniter\Router\RouteCollection->{closure}(Object(CodeIgniter\Router\RouteCollection))
 4 APPPATH\Config\Routes.php(25): CodeIgniter\Router\RouteCollection->group('admin', [...], Object(Closure))
 5 SYSTEMPATH\Router\RouteCollection.php(339): require('C:\\xampp\\htdocs\\myfoodblog\\app\\Config\\Routes.php')
 6 SYSTEMPATH\CodeIgniter.php(818): CodeIgniter\Router\RouteCollection->loadRoutes()
 7 SYSTEMPATH\CodeIgniter.php(441): CodeIgniter\CodeIgniter->tryToRouteIt(null)
 8 SYSTEMPATH\CodeIgniter.php(340): CodeIgniter\CodeIgniter->handleRequest(null, Object(Config\Cache), false)
 9 SYSTEMPATH\Boot.php(417): CodeIgniter\CodeIgniter->run()
10 SYSTEMPATH\Boot.php(68): CodeIgniter\Boot::runCodeIgniter(Object(CodeIgniter\CodeIgniter))
11 FCPATH\index.php(59): CodeIgniter\Boot::bootWeb(Object(Config\Paths))
WARNING - 2026-06-29 06:09:13 --> [DEPRECATED] Passing lowercase HTTP method "get" is deprecated. Use uppercase HTTP method like "GET". in SYSTEMPATH\Router\RouteCollection.php on line 1026.
 1 SYSTEMPATH\Router\RouteCollection.php(1026): trigger_error('Passing lowercase HTTP method "get" is deprecated. Use uppercase HTTP method like "GET".', 16384)
 2 APPPATH\Config\Routes.php(28): CodeIgniter\Router\RouteCollection->match([...], 'authenticate', 'Admin::authenticate')
 3 SYSTEMPATH\Router\RouteCollection.php(799): CodeIgniter\Router\RouteCollection->{closure}(Object(CodeIgniter\Router\RouteCollection))
 4 APPPATH\Config\Routes.php(25): CodeIgniter\Router\RouteCollection->group('admin', [...], Object(Closure))
 5 SYSTEMPATH\Router\RouteCollection.php(339): require('C:\\xampp\\htdocs\\myfoodblog\\app\\Config\\Routes.php')
 6 SYSTEMPATH\CodeIgniter.php(818): CodeIgniter\Router\RouteCollection->loadRoutes()
 7 SYSTEMPATH\CodeIgniter.php(441): CodeIgniter\CodeIgniter->tryToRouteIt(null)
 8 SYSTEMPATH\CodeIgniter.php(340): CodeIgniter\CodeIgniter->handleRequest(null, Object(Config\Cache), false)
 9 SYSTEMPATH\Boot.php(417): CodeIgniter\CodeIgniter->run()
10 SYSTEMPATH\Boot.php(68): CodeIgniter\Boot::runCodeIgniter(Object(CodeIgniter\CodeIgniter))
11 FCPATH\index.php(59): CodeIgniter\Boot::bootWeb(Object(Config\Paths))
WARNING - 2026-06-29 06:09:13 --> [DEPRECATED] Passing lowercase HTTP method "post" is deprecated. Use uppercase HTTP method like "POST". in SYSTEMPATH\Router\RouteCollection.php on line 1026.
 1 SYSTEMPATH\Router\RouteCollection.php(1026): trigger_error('Passing lowercase HTTP method "post" is deprecated. Use uppercase HTTP method like "POST".', 16384)
 2 APPPATH\Config\Routes.php(28): CodeIgniter\Router\RouteCollection->match([...], 'authenticate', 'Admin::authenticate')
 3 SYSTEMPATH\Router\RouteCollection.php(799): CodeIgniter\Router\RouteCollection->{closure}(Object(CodeIgniter\Router\RouteCollection))
 4 APPPATH\Config\Routes.php(25): CodeIgniter\Router\RouteCollection->group('admin', [...], Object(Closure))
 5 SYSTEMPATH\Router\RouteCollection.php(339): require('C:\\xampp\\htdocs\\myfoodblog\\app\\Config\\Routes.php')
 6 SYSTEMPATH\CodeIgniter.php(818): CodeIgniter\Router\RouteCollection->loadRoutes()
 7 SYSTEMPATH\CodeIgniter.php(441): CodeIgniter\CodeIgniter->tryToRouteIt(null)
 8 SYSTEMPATH\CodeIgniter.php(340): CodeIgniter\CodeIgniter->handleRequest(null, Object(Config\Cache), false)
 9 SYSTEMPATH\Boot.php(417): CodeIgniter\CodeIgniter->run()
10 SYSTEMPATH\Boot.php(68): CodeIgniter\Boot::runCodeIgniter(Object(CodeIgniter\CodeIgniter))
11 FCPATH\index.php(59): CodeIgniter\Boot::bootWeb(Object(Config\Paths))
DEBUG - 2026-06-29 06:09:13 --> Session: Class initialized using 'CodeIgniter\Session\Handlers\FileHandler' driver.
CRITICAL - 2026-06-29 06:09:13 --> ArgumentCountError: Too few arguments to function App\Controllers\Admin::deleteRecipe(), 0 passed in C:\xampp\htdocs\myfoodblog\system\CodeIgniter.php on line 951 and exactly 1 expected
[Method: GET, Route: admin/recipe/delete/1]
in APPPATH\Controllers\Admin.php on line 315.
 1 SYSTEMPATH\CodeIgniter.php(951): App\Controllers\Admin->deleteRecipe()
 2 SYSTEMPATH\CodeIgniter.php(497): CodeIgniter\CodeIgniter->runController(Object(App\Controllers\Admin))
 3 SYSTEMPATH\CodeIgniter.php(340): CodeIgniter\CodeIgniter->handleRequest(null, Object(Config\Cache), false)
 4 SYSTEMPATH\Boot.php(417): CodeIgniter\CodeIgniter->run()
 5 SYSTEMPATH\Boot.php(68): CodeIgniter\Boot::runCodeIgniter(Object(CodeIgniter\CodeIgniter))
 6 FCPATH\index.php(59): CodeIgniter\Boot::bootWeb(Object(Config\Paths))
WARNING - 2026-06-29 06:10:18 --> [DEPRECATED] Passing lowercase HTTP method "get" is deprecated. Use uppercase HTTP method like "GET". in SYSTEMPATH\Router\RouteCollection.php on line 1026.
 1 SYSTEMPATH\Router\RouteCollection.php(1026): trigger_error('Passing lowercase HTTP method "get" is deprecated. Use uppercase HTTP method like "GET".', 16384)
 2 APPPATH\Config\Routes.php(28): CodeIgniter\Router\RouteCollection->match([...], 'authenticate', 'Admin::authenticate')
 3 SYSTEMPATH\Router\RouteCollection.php(799): CodeIgniter\Router\RouteCollection->{closure}(Object(CodeIgniter\Router\RouteCollection))
 4 APPPATH\Config\Routes.php(25): CodeIgniter\Router\RouteCollection->group('admin', [...], Object(Closure))
 5 SYSTEMPATH\Router\RouteCollection.php(339): require('C:\\xampp\\htdocs\\myfoodblog\\app\\Config\\Routes.php')
 6 SYSTEMPATH\CodeIgniter.php(818): CodeIgniter\Router\RouteCollection->loadRoutes()
 7 SYSTEMPATH\CodeIgniter.php(441): CodeIgniter\CodeIgniter->tryToRouteIt(null)
 8 SYSTEMPATH\CodeIgniter.php(340): CodeIgniter\CodeIgniter->handleRequest(null, Object(Config\Cache), false)
 9 SYSTEMPATH\Boot.php(417): CodeIgniter\CodeIgniter->run()
10 SYSTEMPATH\Boot.php(68): CodeIgniter\Boot::runCodeIgniter(Object(CodeIgniter\CodeIgniter))
11 FCPATH\index.php(59): CodeIgniter\Boot::bootWeb(Object(Config\Paths))
WARNING - 2026-06-29 06:10:18 --> [DEPRECATED] Passing lowercase HTTP method "post" is deprecated. Use uppercase HTTP method like "POST". in SYSTEMPATH\Router\RouteCollection.php on line 1026.
 1 SYSTEMPATH\Router\RouteCollection.php(1026): trigger_error('Passing lowercase HTTP method "post" is deprecated. Use uppercase HTTP method like "POST".', 16384)
 2 APPPATH\Config\Routes.php(28): CodeIgniter\Router\RouteCollection->match([...], 'authenticate', 'Admin::authenticate')
 3 SYSTEMPATH\Router\RouteCollection.php(799): CodeIgniter\Router\RouteCollection->{closure}(Object(CodeIgniter\Router\RouteCollection))
 4 APPPATH\Config\Routes.php(25): CodeIgniter\Router\RouteCollection->group('admin', [...], Object(Closure))
 5 SYSTEMPATH\Router\RouteCollection.php(339): require('C:\\xampp\\htdocs\\myfoodblog\\app\\Config\\Routes.php')
 6 SYSTEMPATH\CodeIgniter.php(818): CodeIgniter\Router\RouteCollection->loadRoutes()
 7 SYSTEMPATH\CodeIgniter.php(441): CodeIgniter\CodeIgniter->tryToRouteIt(null)
 8 SYSTEMPATH\CodeIgniter.php(340): CodeIgniter\CodeIgniter->handleRequest(null, Object(Config\Cache), false)
 9 SYSTEMPATH\Boot.php(417): CodeIgniter\CodeIgniter->run()
10 SYSTEMPATH\Boot.php(68): CodeIgniter\Boot::runCodeIgniter(Object(CodeIgniter\CodeIgniter))
11 FCPATH\index.php(59): CodeIgniter\Boot::bootWeb(Object(Config\Paths))
DEBUG - 2026-06-29 06:10:18 --> Session: Class initialized using 'CodeIgniter\Session\Handlers\FileHandler' driver.
WARNING - 2026-06-29 06:10:18 --> [DEPRECATED] Passing lowercase HTTP method "get" is deprecated. Use uppercase HTTP method like "GET". in SYSTEMPATH\Router\RouteCollection.php on line 1026.
 1 SYSTEMPATH\Router\RouteCollection.php(1026): trigger_error('Passing lowercase HTTP method "get" is deprecated. Use uppercase HTTP method like "GET".', 16384)
 2 APPPATH\Config\Routes.php(28): CodeIgniter\Router\RouteCollection->match([...], 'authenticate', 'Admin::authenticate')
 3 SYSTEMPATH\Router\RouteCollection.php(799): CodeIgniter\Router\RouteCollection->{closure}(Object(CodeIgniter\Router\RouteCollection))
 4 APPPATH\Config\Routes.php(25): CodeIgniter\Router\RouteCollection->group('admin', [...], Object(Closure))
 5 SYSTEMPATH\Router\RouteCollection.php(339): require('C:\\xampp\\htdocs\\myfoodblog\\app\\Config\\Routes.php')
 6 SYSTEMPATH\CodeIgniter.php(818): CodeIgniter\Router\RouteCollection->loadRoutes()
 7 SYSTEMPATH\CodeIgniter.php(441): CodeIgniter\CodeIgniter->tryToRouteIt(null)
 8 SYSTEMPATH\CodeIgniter.php(340): CodeIgniter\CodeIgniter->handleRequest(null, Object(Config\Cache), false)
 9 SYSTEMPATH\Boot.php(417): CodeIgniter\CodeIgniter->run()
10 SYSTEMPATH\Boot.php(68): CodeIgniter\Boot::runCodeIgniter(Object(CodeIgniter\CodeIgniter))
11 FCPATH\index.php(59): CodeIgniter\Boot::bootWeb(Object(Config\Paths))
WARNING - 2026-06-29 06:10:18 --> [DEPRECATED] Passing lowercase HTTP method "post" is deprecated. Use uppercase HTTP method like "POST". in SYSTEMPATH\Router\RouteCollection.php on line 1026.
 1 SYSTEMPATH\Router\RouteCollection.php(1026): trigger_error('Passing lowercase HTTP method "post" is deprecated. Use uppercase HTTP method like "POST".', 16384)
 2 APPPATH\Config\Routes.php(28): CodeIgniter\Router\RouteCollection->match([...], 'authenticate', 'Admin::authenticate')
 3 SYSTEMPATH\Router\RouteCollection.php(799): CodeIgniter\Router\RouteCollection->{closure}(Object(CodeIgniter\Router\RouteCollection))
 4 APPPATH\Config\Routes.php(25): CodeIgniter\Router\RouteCollection->group('admin', [...], Object(Closure))
 5 SYSTEMPATH\Router\RouteCollection.php(339): require('C:\\xampp\\htdocs\\myfoodblog\\app\\Config\\Routes.php')
 6 SYSTEMPATH\CodeIgniter.php(818): CodeIgniter\Router\RouteCollection->loadRoutes()
 7 SYSTEMPATH\CodeIgniter.php(441): CodeIgniter\CodeIgniter->tryToRouteIt(null)
 8 SYSTEMPATH\CodeIgniter.php(340): CodeIgniter\CodeIgniter->handleRequest(null, Object(Config\Cache), false)
 9 SYSTEMPATH\Boot.php(417): CodeIgniter\CodeIgniter->run()
10 SYSTEMPATH\Boot.php(68): CodeIgniter\Boot::runCodeIgniter(Object(CodeIgniter\CodeIgniter))
11 FCPATH\index.php(59): CodeIgniter\Boot::bootWeb(Object(Config\Paths))
WARNING - 2026-06-29 06:10:18 --> [DEPRECATED] Passing lowercase HTTP method "get" is deprecated. Use uppercase HTTP method like "GET". in SYSTEMPATH\Router\RouteCollection.php on line 1026.
 1 SYSTEMPATH\Router\RouteCollection.php(1026): trigger_error('Passing lowercase HTTP method "get" is deprecated. Use uppercase HTTP method like "GET".', 16384)
 2 APPPATH\Config\Routes.php(28): CodeIgniter\Router\RouteCollection->match([...], 'authenticate', 'Admin::authenticate')
 3 SYSTEMPATH\Router\RouteCollection.php(799): CodeIgniter\Router\RouteCollection->{closure}(Object(CodeIgniter\Router\RouteCollection))
 4 APPPATH\Config\Routes.php(25): CodeIgniter\Router\RouteCollection->group('admin', [...], Object(Closure))
 5 SYSTEMPATH\Router\RouteCollection.php(339): require('C:\\xampp\\htdocs\\myfoodblog\\app\\Config\\Routes.php')
 6 SYSTEMPATH\CodeIgniter.php(818): CodeIgniter\Router\RouteCollection->loadRoutes()
 7 SYSTEMPATH\CodeIgniter.php(441): CodeIgniter\CodeIgniter->tryToRouteIt(null)
 8 SYSTEMPATH\CodeIgniter.php(340): CodeIgniter\CodeIgniter->handleRequest(null, Object(Config\Cache), false)
 9 SYSTEMPATH\Boot.php(417): CodeIgniter\CodeIgniter->run()
10 SYSTEMPATH\Boot.php(68): CodeIgniter\Boot::runCodeIgniter(Object(CodeIgniter\CodeIgniter))
11 FCPATH\index.php(59): CodeIgniter\Boot::bootWeb(Object(Config\Paths))
WARNING - 2026-06-29 06:10:18 --> [DEPRECATED] Passing lowercase HTTP method "post" is deprecated. Use uppercase HTTP method like "POST". in SYSTEMPATH\Router\RouteCollection.php on line 1026.
 1 SYSTEMPATH\Router\RouteCollection.php(1026): trigger_error('Passing lowercase HTTP method "post" is deprecated. Use uppercase HTTP method like "POST".', 16384)
 2 APPPATH\Config\Routes.php(28): CodeIgniter\Router\RouteCollection->match([...], 'authenticate', 'Admin::authenticate')
 3 SYSTEMPATH\Router\RouteCollection.php(799): CodeIgniter\Router\RouteCollection->{closure}(Object(CodeIgniter\Router\RouteCollection))
 4 APPPATH\Config\Routes.php(25): CodeIgniter\Router\RouteCollection->group('admin', [...], Object(Closure))
 5 SYSTEMPATH\Router\RouteCollection.php(339): require('C:\\xampp\\htdocs\\myfoodblog\\app\\Config\\Routes.php')
 6 SYSTEMPATH\CodeIgniter.php(818): CodeIgniter\Router\RouteCollection->loadRoutes()
 7 SYSTEMPATH\CodeIgniter.php(441): CodeIgniter\CodeIgniter->tryToRouteIt(null)
 8 SYSTEMPATH\CodeIgniter.php(340): CodeIgniter\CodeIgniter->handleRequest(null, Object(Config\Cache), false)
 9 SYSTEMPATH\Boot.php(417): CodeIgniter\CodeIgniter->run()
10 SYSTEMPATH\Boot.php(68): CodeIgniter\Boot::runCodeIgniter(Object(CodeIgniter\CodeIgniter))
11 FCPATH\index.php(59): CodeIgniter\Boot::bootWeb(Object(Config\Paths))
WARNING - 2026-06-29 06:10:22 --> [DEPRECATED] Passing lowercase HTTP method "get" is deprecated. Use uppercase HTTP method like "GET". in SYSTEMPATH\Router\RouteCollection.php on line 1026.
 1 SYSTEMPATH\Router\RouteCollection.php(1026): trigger_error('Passing lowercase HTTP method "get" is deprecated. Use uppercase HTTP method like "GET".', 16384)
 2 APPPATH\Config\Routes.php(28): CodeIgniter\Router\RouteCollection->match([...], 'authenticate', 'Admin::authenticate')
 3 SYSTEMPATH\Router\RouteCollection.php(799): CodeIgniter\Router\RouteCollection->{closure}(Object(CodeIgniter\Router\RouteCollection))
 4 APPPATH\Config\Routes.php(25): CodeIgniter\Router\RouteCollection->group('admin', [...], Object(Closure))
 5 SYSTEMPATH\Router\RouteCollection.php(339): require('C:\\xampp\\htdocs\\myfoodblog\\app\\Config\\Routes.php')
 6 SYSTEMPATH\CodeIgniter.php(818): CodeIgniter\Router\RouteCollection->loadRoutes()
 7 SYSTEMPATH\CodeIgniter.php(441): CodeIgniter\CodeIgniter->tryToRouteIt(null)
 8 SYSTEMPATH\CodeIgniter.php(340): CodeIgniter\CodeIgniter->handleRequest(null, Object(Config\Cache), false)
 9 SYSTEMPATH\Boot.php(417): CodeIgniter\CodeIgniter->run()
10 SYSTEMPATH\Boot.php(68): CodeIgniter\Boot::runCodeIgniter(Object(CodeIgniter\CodeIgniter))
11 FCPATH\index.php(59): CodeIgniter\Boot::bootWeb(Object(Config\Paths))
WARNING - 2026-06-29 06:10:22 --> [DEPRECATED] Passing lowercase HTTP method "post" is deprecated. Use uppercase HTTP method like "POST". in SYSTEMPATH\Router\RouteCollection.php on line 1026.
 1 SYSTEMPATH\Router\RouteCollection.php(1026): trigger_error('Passing lowercase HTTP method "post" is deprecated. Use uppercase HTTP method like "POST".', 16384)
 2 APPPATH\Config\Routes.php(28): CodeIgniter\Router\RouteCollection->match([...], 'authenticate', 'Admin::authenticate')
 3 SYSTEMPATH\Router\RouteCollection.php(799): CodeIgniter\Router\RouteCollection->{closure}(Object(CodeIgniter\Router\RouteCollection))
 4 APPPATH\Config\Routes.php(25): CodeIgniter\Router\RouteCollection->group('admin', [...], Object(Closure))
 5 SYSTEMPATH\Router\RouteCollection.php(339): require('C:\\xampp\\htdocs\\myfoodblog\\app\\Config\\Routes.php')
 6 SYSTEMPATH\CodeIgniter.php(818): CodeIgniter\Router\RouteCollection->loadRoutes()
 7 SYSTEMPATH\CodeIgniter.php(441): CodeIgniter\CodeIgniter->tryToRouteIt(null)
 8 SYSTEMPATH\CodeIgniter.php(340): CodeIgniter\CodeIgniter->handleRequest(null, Object(Config\Cache), false)
 9 SYSTEMPATH\Boot.php(417): CodeIgniter\CodeIgniter->run()
10 SYSTEMPATH\Boot.php(68): CodeIgniter\Boot::runCodeIgniter(Object(CodeIgniter\CodeIgniter))
11 FCPATH\index.php(59): CodeIgniter\Boot::bootWeb(Object(Config\Paths))
DEBUG - 2026-06-29 06:10:22 --> Session: Class initialized using 'CodeIgniter\Session\Handlers\FileHandler' driver.
WARNING - 2026-06-29 06:11:15 --> [DEPRECATED] Passing lowercase HTTP method "get" is deprecated. Use uppercase HTTP method like "GET". in SYSTEMPATH\Router\RouteCollection.php on line 1026.
 1 SYSTEMPATH\Router\RouteCollection.php(1026): trigger_error('Passing lowercase HTTP method "get" is deprecated. Use uppercase HTTP method like "GET".', 16384)
 2 APPPATH\Config\Routes.php(28): CodeIgniter\Router\RouteCollection->match([...], 'authenticate', 'Admin::authenticate')
 3 SYSTEMPATH\Router\RouteCollection.php(799): CodeIgniter\Router\RouteCollection->{closure}(Object(CodeIgniter\Router\RouteCollection))
 4 APPPATH\Config\Routes.php(25): CodeIgniter\Router\RouteCollection->group('admin', [...], Object(Closure))
 5 SYSTEMPATH\Router\RouteCollection.php(339): require('C:\\xampp\\htdocs\\myfoodblog\\app\\Config\\Routes.php')
 6 SYSTEMPATH\CodeIgniter.php(818): CodeIgniter\Router\RouteCollection->loadRoutes()
 7 SYSTEMPATH\CodeIgniter.php(441): CodeIgniter\CodeIgniter->tryToRouteIt(null)
 8 SYSTEMPATH\CodeIgniter.php(340): CodeIgniter\CodeIgniter->handleRequest(null, Object(Config\Cache), false)
 9 SYSTEMPATH\Boot.php(417): CodeIgniter\CodeIgniter->run()
10 SYSTEMPATH\Boot.php(68): CodeIgniter\Boot::runCodeIgniter(Object(CodeIgniter\CodeIgniter))
11 FCPATH\index.php(59): CodeIgniter\Boot::bootWeb(Object(Config\Paths))
WARNING - 2026-06-29 06:11:15 --> [DEPRECATED] Passing lowercase HTTP method "post" is deprecated. Use uppercase HTTP method like "POST". in SYSTEMPATH\Router\RouteCollection.php on line 1026.
 1 SYSTEMPATH\Router\RouteCollection.php(1026): trigger_error('Passing lowercase HTTP method "post" is deprecated. Use uppercase HTTP method like "POST".', 16384)
 2 APPPATH\Config\Routes.php(28): CodeIgniter\Router\RouteCollection->match([...], 'authenticate', 'Admin::authenticate')
 3 SYSTEMPATH\Router\RouteCollection.php(799): CodeIgniter\Router\RouteCollection->{closure}(Object(CodeIgniter\Router\RouteCollection))
 4 APPPATH\Config\Routes.php(25): CodeIgniter\Router\RouteCollection->group('admin', [...], Object(Closure))
 5 SYSTEMPATH\Router\RouteCollection.php(339): require('C:\\xampp\\htdocs\\myfoodblog\\app\\Config\\Routes.php')
 6 SYSTEMPATH\CodeIgniter.php(818): CodeIgniter\Router\RouteCollection->loadRoutes()
 7 SYSTEMPATH\CodeIgniter.php(441): CodeIgniter\CodeIgniter->tryToRouteIt(null)
 8 SYSTEMPATH\CodeIgniter.php(340): CodeIgniter\CodeIgniter->handleRequest(null, Object(Config\Cache), false)
 9 SYSTEMPATH\Boot.php(417): CodeIgniter\CodeIgniter->run()
10 SYSTEMPATH\Boot.php(68): CodeIgniter\Boot::runCodeIgniter(Object(CodeIgniter\CodeIgniter))
11 FCPATH\index.php(59): CodeIgniter\Boot::bootWeb(Object(Config\Paths))
WARNING - 2026-06-29 06:14:20 --> [DEPRECATED] Passing lowercase HTTP method "get" is deprecated. Use uppercase HTTP method like "GET". in SYSTEMPATH\Router\RouteCollection.php on line 1026.
 1 SYSTEMPATH\Router\RouteCollection.php(1026): trigger_error('Passing lowercase HTTP method "get" is deprecated. Use uppercase HTTP method like "GET".', 16384)
 2 APPPATH\Config\Routes.php(28): CodeIgniter\Router\RouteCollection->match([...], 'authenticate', 'Admin::authenticate')
 3 SYSTEMPATH\Router\RouteCollection.php(799): CodeIgniter\Router\RouteCollection->{closure}(Object(CodeIgniter\Router\RouteCollection))
 4 APPPATH\Config\Routes.php(25): CodeIgniter\Router\RouteCollection->group('admin', [...], Object(Closure))
 5 SYSTEMPATH\Router\RouteCollection.php(339): require('C:\\xampp\\htdocs\\myfoodblog\\app\\Config\\Routes.php')
 6 SYSTEMPATH\CodeIgniter.php(818): CodeIgniter\Router\RouteCollection->loadRoutes()
 7 SYSTEMPATH\CodeIgniter.php(441): CodeIgniter\CodeIgniter->tryToRouteIt(null)
 8 SYSTEMPATH\CodeIgniter.php(340): CodeIgniter\CodeIgniter->handleRequest(null, Object(Config\Cache), false)
 9 SYSTEMPATH\Boot.php(417): CodeIgniter\CodeIgniter->run()
10 SYSTEMPATH\Boot.php(68): CodeIgniter\Boot::runCodeIgniter(Object(CodeIgniter\CodeIgniter))
11 FCPATH\index.php(59): CodeIgniter\Boot::bootWeb(Object(Config\Paths))
WARNING - 2026-06-29 06:14:20 --> [DEPRECATED] Passing lowercase HTTP method "post" is deprecated. Use uppercase HTTP method like "POST". in SYSTEMPATH\Router\RouteCollection.php on line 1026.
 1 SYSTEMPATH\Router\RouteCollection.php(1026): trigger_error('Passing lowercase HTTP method "post" is deprecated. Use uppercase HTTP method like "POST".', 16384)
 2 APPPATH\Config\Routes.php(28): CodeIgniter\Router\RouteCollection->match([...], 'authenticate', 'Admin::authenticate')
 3 SYSTEMPATH\Router\RouteCollection.php(799): CodeIgniter\Router\RouteCollection->{closure}(Object(CodeIgniter\Router\RouteCollection))
 4 APPPATH\Config\Routes.php(25): CodeIgniter\Router\RouteCollection->group('admin', [...], Object(Closure))
 5 SYSTEMPATH\Router\RouteCollection.php(339): require('C:\\xampp\\htdocs\\myfoodblog\\app\\Config\\Routes.php')
 6 SYSTEMPATH\CodeIgniter.php(818): CodeIgniter\Router\RouteCollection->loadRoutes()
 7 SYSTEMPATH\CodeIgniter.php(441): CodeIgniter\CodeIgniter->tryToRouteIt(null)
 8 SYSTEMPATH\CodeIgniter.php(340): CodeIgniter\CodeIgniter->handleRequest(null, Object(Config\Cache), false)
 9 SYSTEMPATH\Boot.php(417): CodeIgniter\CodeIgniter->run()
10 SYSTEMPATH\Boot.php(68): CodeIgniter\Boot::runCodeIgniter(Object(CodeIgniter\CodeIgniter))
11 FCPATH\index.php(59): CodeIgniter\Boot::bootWeb(Object(Config\Paths))
DEBUG - 2026-06-29 06:14:20 --> Session: Class initialized using 'CodeIgniter\Session\Handlers\FileHandler' driver.
WARNING - 2026-06-29 06:14:21 --> [DEPRECATED] Passing lowercase HTTP method "get" is deprecated. Use uppercase HTTP method like "GET". in SYSTEMPATH\Router\RouteCollection.php on line 1026.
 1 SYSTEMPATH\Router\RouteCollection.php(1026): trigger_error('Passing lowercase HTTP method "get" is deprecated. Use uppercase HTTP method like "GET".', 16384)
 2 APPPATH\Config\Routes.php(28): CodeIgniter\Router\RouteCollection->match([...], 'authenticate', 'Admin::authenticate')
 3 SYSTEMPATH\Router\RouteCollection.php(799): CodeIgniter\Router\RouteCollection->{closure}(Object(CodeIgniter\Router\RouteCollection))
 4 APPPATH\Config\Routes.php(25): CodeIgniter\Router\RouteCollection->group('admin', [...], Object(Closure))
 5 SYSTEMPATH\Router\RouteCollection.php(339): require('C:\\xampp\\htdocs\\myfoodblog\\app\\Config\\Routes.php')
 6 SYSTEMPATH\CodeIgniter.php(818): CodeIgniter\Router\RouteCollection->loadRoutes()
 7 SYSTEMPATH\CodeIgniter.php(441): CodeIgniter\CodeIgniter->tryToRouteIt(null)
 8 SYSTEMPATH\CodeIgniter.php(340): CodeIgniter\CodeIgniter->handleRequest(null, Object(Config\Cache), false)
 9 SYSTEMPATH\Boot.php(417): CodeIgniter\CodeIgniter->run()
10 SYSTEMPATH\Boot.php(68): CodeIgniter\Boot::runCodeIgniter(Object(CodeIgniter\CodeIgniter))
11 FCPATH\index.php(59): CodeIgniter\Boot::bootWeb(Object(Config\Paths))
WARNING - 2026-06-29 06:14:21 --> [DEPRECATED] Passing lowercase HTTP method "post" is deprecated. Use uppercase HTTP method like "POST". in SYSTEMPATH\Router\RouteCollection.php on line 1026.
 1 SYSTEMPATH\Router\RouteCollection.php(1026): trigger_error('Passing lowercase HTTP method "post" is deprecated. Use uppercase HTTP method like "POST".', 16384)
 2 APPPATH\Config\Routes.php(28): CodeIgniter\Router\RouteCollection->match([...], 'authenticate', 'Admin::authenticate')
 3 SYSTEMPATH\Router\RouteCollection.php(799): CodeIgniter\Router\RouteCollection->{closure}(Object(CodeIgniter\Router\RouteCollection))
 4 APPPATH\Config\Routes.php(25): CodeIgniter\Router\RouteCollection->group('admin', [...], Object(Closure))
 5 SYSTEMPATH\Router\RouteCollection.php(339): require('C:\\xampp\\htdocs\\myfoodblog\\app\\Config\\Routes.php')
 6 SYSTEMPATH\CodeIgniter.php(818): CodeIgniter\Router\RouteCollection->loadRoutes()
 7 SYSTEMPATH\CodeIgniter.php(441): CodeIgniter\CodeIgniter->tryToRouteIt(null)
 8 SYSTEMPATH\CodeIgniter.php(340): CodeIgniter\CodeIgniter->handleRequest(null, Object(Config\Cache), false)
 9 SYSTEMPATH\Boot.php(417): CodeIgniter\CodeIgniter->run()
10 SYSTEMPATH\Boot.php(68): CodeIgniter\Boot::runCodeIgniter(Object(CodeIgniter\CodeIgniter))
11 FCPATH\index.php(59): CodeIgniter\Boot::bootWeb(Object(Config\Paths))
WARNING - 2026-06-29 06:14:21 --> [DEPRECATED] Passing lowercase HTTP method "get" is deprecated. Use uppercase HTTP method like "GET". in SYSTEMPATH\Router\RouteCollection.php on line 1026.
 1 SYSTEMPATH\Router\RouteCollection.php(1026): trigger_error('Passing lowercase HTTP method "get" is deprecated. Use uppercase HTTP method like "GET".', 16384)
 2 APPPATH\Config\Routes.php(28): CodeIgniter\Router\RouteCollection->match([...], 'authenticate', 'Admin::authenticate')
 3 SYSTEMPATH\Router\RouteCollection.php(799): CodeIgniter\Router\RouteCollection->{closure}(Object(CodeIgniter\Router\RouteCollection))
 4 APPPATH\Config\Routes.php(25): CodeIgniter\Router\RouteCollection->group('admin', [...], Object(Closure))
 5 SYSTEMPATH\Router\RouteCollection.php(339): require('C:\\xampp\\htdocs\\myfoodblog\\app\\Config\\Routes.php')
 6 SYSTEMPATH\CodeIgniter.php(818): CodeIgniter\Router\RouteCollection->loadRoutes()
 7 SYSTEMPATH\CodeIgniter.php(441): CodeIgniter\CodeIgniter->tryToRouteIt(null)
 8 SYSTEMPATH\CodeIgniter.php(340): CodeIgniter\CodeIgniter->handleRequest(null, Object(Config\Cache), false)
 9 SYSTEMPATH\Boot.php(417): CodeIgniter\CodeIgniter->run()
10 SYSTEMPATH\Boot.php(68): CodeIgniter\Boot::runCodeIgniter(Object(CodeIgniter\CodeIgniter))
11 FCPATH\index.php(59): CodeIgniter\Boot::bootWeb(Object(Config\Paths))
WARNING - 2026-06-29 06:14:21 --> [DEPRECATED] Passing lowercase HTTP method "post" is deprecated. Use uppercase HTTP method like "POST". in SYSTEMPATH\Router\RouteCollection.php on line 1026.
 1 SYSTEMPATH\Router\RouteCollection.php(1026): trigger_error('Passing lowercase HTTP method "post" is deprecated. Use uppercase HTTP method like "POST".', 16384)
 2 APPPATH\Config\Routes.php(28): CodeIgniter\Router\RouteCollection->match([...], 'authenticate', 'Admin::authenticate')
 3 SYSTEMPATH\Router\RouteCollection.php(799): CodeIgniter\Router\RouteCollection->{closure}(Object(CodeIgniter\Router\RouteCollection))
 4 APPPATH\Config\Routes.php(25): CodeIgniter\Router\RouteCollection->group('admin', [...], Object(Closure))
 5 SYSTEMPATH\Router\RouteCollection.php(339): require('C:\\xampp\\htdocs\\myfoodblog\\app\\Config\\Routes.php')
 6 SYSTEMPATH\CodeIgniter.php(818): CodeIgniter\Router\RouteCollection->loadRoutes()
 7 SYSTEMPATH\CodeIgniter.php(441): CodeIgniter\CodeIgniter->tryToRouteIt(null)
 8 SYSTEMPATH\CodeIgniter.php(340): CodeIgniter\CodeIgniter->handleRequest(null, Object(Config\Cache), false)
 9 SYSTEMPATH\Boot.php(417): CodeIgniter\CodeIgniter->run()
10 SYSTEMPATH\Boot.php(68): CodeIgniter\Boot::runCodeIgniter(Object(CodeIgniter\CodeIgniter))
11 FCPATH\index.php(59): CodeIgniter\Boot::bootWeb(Object(Config\Paths))
WARNING - 2026-06-29 06:14:22 --> [DEPRECATED] Passing lowercase HTTP method "get" is deprecated. Use uppercase HTTP method like "GET". in SYSTEMPATH\Router\RouteCollection.php on line 1026.
 1 SYSTEMPATH\Router\RouteCollection.php(1026): trigger_error('Passing lowercase HTTP method "get" is deprecated. Use uppercase HTTP method like "GET".', 16384)
 2 APPPATH\Config\Routes.php(28): CodeIgniter\Router\RouteCollection->match([...], 'authenticate', 'Admin::authenticate')
 3 SYSTEMPATH\Router\RouteCollection.php(799): CodeIgniter\Router\RouteCollection->{closure}(Object(CodeIgniter\Router\RouteCollection))
 4 APPPATH\Config\Routes.php(25): CodeIgniter\Router\RouteCollection->group('admin', [...], Object(Closure))
 5 SYSTEMPATH\Router\RouteCollection.php(339): require('C:\\xampp\\htdocs\\myfoodblog\\app\\Config\\Routes.php')
 6 SYSTEMPATH\CodeIgniter.php(818): CodeIgniter\Router\RouteCollection->loadRoutes()
 7 SYSTEMPATH\CodeIgniter.php(441): CodeIgniter\CodeIgniter->tryToRouteIt(null)
 8 SYSTEMPATH\CodeIgniter.php(340): CodeIgniter\CodeIgniter->handleRequest(null, Object(Config\Cache), false)
 9 SYSTEMPATH\Boot.php(417): CodeIgniter\CodeIgniter->run()
10 SYSTEMPATH\Boot.php(68): CodeIgniter\Boot::runCodeIgniter(Object(CodeIgniter\CodeIgniter))
11 FCPATH\index.php(59): CodeIgniter\Boot::bootWeb(Object(Config\Paths))
WARNING - 2026-06-29 06:14:22 --> [DEPRECATED] Passing lowercase HTTP method "post" is deprecated. Use uppercase HTTP method like "POST". in SYSTEMPATH\Router\RouteCollection.php on line 1026.
 1 SYSTEMPATH\Router\RouteCollection.php(1026): trigger_error('Passing lowercase HTTP method "post" is deprecated. Use uppercase HTTP method like "POST".', 16384)
 2 APPPATH\Config\Routes.php(28): CodeIgniter\Router\RouteCollection->match([...], 'authenticate', 'Admin::authenticate')
 3 SYSTEMPATH\Router\RouteCollection.php(799): CodeIgniter\Router\RouteCollection->{closure}(Object(CodeIgniter\Router\RouteCollection))
 4 APPPATH\Config\Routes.php(25): CodeIgniter\Router\RouteCollection->group('admin', [...], Object(Closure))
 5 SYSTEMPATH\Router\RouteCollection.php(339): require('C:\\xampp\\htdocs\\myfoodblog\\app\\Config\\Routes.php')
 6 SYSTEMPATH\CodeIgniter.php(818): CodeIgniter\Router\RouteCollection->loadRoutes()
 7 SYSTEMPATH\CodeIgniter.php(441): CodeIgniter\CodeIgniter->tryToRouteIt(null)
 8 SYSTEMPATH\CodeIgniter.php(340): CodeIgniter\CodeIgniter->handleRequest(null, Object(Config\Cache), false)
 9 SYSTEMPATH\Boot.php(417): CodeIgniter\CodeIgniter->run()
10 SYSTEMPATH\Boot.php(68): CodeIgniter\Boot::runCodeIgniter(Object(CodeIgniter\CodeIgniter))
11 FCPATH\index.php(59): CodeIgniter\Boot::bootWeb(Object(Config\Paths))
DEBUG - 2026-06-29 06:14:23 --> Session: Class initialized using 'CodeIgniter\Session\Handlers\FileHandler' driver.
WARNING - 2026-06-29 06:14:23 --> [DEPRECATED] Passing lowercase HTTP method "get" is deprecated. Use uppercase HTTP method like "GET". in SYSTEMPATH\Router\RouteCollection.php on line 1026.
 1 SYSTEMPATH\Router\RouteCollection.php(1026): trigger_error('Passing lowercase HTTP method "get" is deprecated. Use uppercase HTTP method like "GET".', 16384)
 2 APPPATH\Config\Routes.php(28): CodeIgniter\Router\RouteCollection->match([...], 'authenticate', 'Admin::authenticate')
 3 SYSTEMPATH\Router\RouteCollection.php(799): CodeIgniter\Router\RouteCollection->{closure}(Object(CodeIgniter\Router\RouteCollection))
 4 APPPATH\Config\Routes.php(25): CodeIgniter\Router\RouteCollection->group('admin', [...], Object(Closure))
 5 SYSTEMPATH\Router\RouteCollection.php(339): require('C:\\xampp\\htdocs\\myfoodblog\\app\\Config\\Routes.php')
 6 SYSTEMPATH\CodeIgniter.php(818): CodeIgniter\Router\RouteCollection->loadRoutes()
 7 SYSTEMPATH\CodeIgniter.php(441): CodeIgniter\CodeIgniter->tryToRouteIt(null)
 8 SYSTEMPATH\CodeIgniter.php(340): CodeIgniter\CodeIgniter->handleRequest(null, Object(Config\Cache), false)
 9 SYSTEMPATH\Boot.php(417): CodeIgniter\CodeIgniter->run()
10 SYSTEMPATH\Boot.php(68): CodeIgniter\Boot::runCodeIgniter(Object(CodeIgniter\CodeIgniter))
11 FCPATH\index.php(59): CodeIgniter\Boot::bootWeb(Object(Config\Paths))
WARNING - 2026-06-29 06:14:23 --> [DEPRECATED] Passing lowercase HTTP method "get" is deprecated. Use uppercase HTTP method like "GET". in SYSTEMPATH\Router\RouteCollection.php on line 1026.
 1 SYSTEMPATH\Router\RouteCollection.php(1026): trigger_error('Passing lowercase HTTP method "get" is deprecated. Use uppercase HTTP method like "GET".', 16384)
 2 APPPATH\Config\Routes.php(28): CodeIgniter\Router\RouteCollection->match([...], 'authenticate', 'Admin::authenticate')
 3 SYSTEMPATH\Router\RouteCollection.php(799): CodeIgniter\Router\RouteCollection->{closure}(Object(CodeIgniter\Router\RouteCollection))
 4 APPPATH\Config\Routes.php(25): CodeIgniter\Router\RouteCollection->group('admin', [...], Object(Closure))
 5 SYSTEMPATH\Router\RouteCollection.php(339): require('C:\\xampp\\htdocs\\myfoodblog\\app\\Config\\Routes.php')
 6 SYSTEMPATH\CodeIgniter.php(818): CodeIgniter\Router\RouteCollection->loadRoutes()
 7 SYSTEMPATH\CodeIgniter.php(441): CodeIgniter\CodeIgniter->tryToRouteIt(null)
 8 SYSTEMPATH\CodeIgniter.php(340): CodeIgniter\CodeIgniter->handleRequest(null, Object(Config\Cache), false)
 9 SYSTEMPATH\Boot.php(417): CodeIgniter\CodeIgniter->run()
10 SYSTEMPATH\Boot.php(68): CodeIgniter\Boot::runCodeIgniter(Object(CodeIgniter\CodeIgniter))
11 FCPATH\index.php(59): CodeIgniter\Boot::bootWeb(Object(Config\Paths))
WARNING - 2026-06-29 06:14:23 --> [DEPRECATED] Passing lowercase HTTP method "post" is deprecated. Use uppercase HTTP method like "POST". in SYSTEMPATH\Router\RouteCollection.php on line 1026.
 1 SYSTEMPATH\Router\RouteCollection.php(1026): trigger_error('Passing lowercase HTTP method "post" is deprecated. Use uppercase HTTP method like "POST".', 16384)
 2 APPPATH\Config\Routes.php(28): CodeIgniter\Router\RouteCollection->match([...], 'authenticate', 'Admin::authenticate')
 3 SYSTEMPATH\Router\RouteCollection.php(799): CodeIgniter\Router\RouteCollection->{closure}(Object(CodeIgniter\Router\RouteCollection))
 4 APPPATH\Config\Routes.php(25): CodeIgniter\Router\RouteCollection->group('admin', [...], Object(Closure))
 5 SYSTEMPATH\Router\RouteCollection.php(339): require('C:\\xampp\\htdocs\\myfoodblog\\app\\Config\\Routes.php')
 6 SYSTEMPATH\CodeIgniter.php(818): CodeIgniter\Router\RouteCollection->loadRoutes()
 7 SYSTEMPATH\CodeIgniter.php(441): CodeIgniter\CodeIgniter->tryToRouteIt(null)
 8 SYSTEMPATH\CodeIgniter.php(340): CodeIgniter\CodeIgniter->handleRequest(null, Object(Config\Cache), false)
 9 SYSTEMPATH\Boot.php(417): CodeIgniter\CodeIgniter->run()
10 SYSTEMPATH\Boot.php(68): CodeIgniter\Boot::runCodeIgniter(Object(CodeIgniter\CodeIgniter))
11 FCPATH\index.php(59): CodeIgniter\Boot::bootWeb(Object(Config\Paths))
WARNING - 2026-06-29 06:14:23 --> [DEPRECATED] Passing lowercase HTTP method "post" is deprecated. Use uppercase HTTP method like "POST". in SYSTEMPATH\Router\RouteCollection.php on line 1026.
 1 SYSTEMPATH\Router\RouteCollection.php(1026): trigger_error('Passing lowercase HTTP method "post" is deprecated. Use uppercase HTTP method like "POST".', 16384)
 2 APPPATH\Config\Routes.php(28): CodeIgniter\Router\RouteCollection->match([...], 'authenticate', 'Admin::authenticate')
 3 SYSTEMPATH\Router\RouteCollection.php(799): CodeIgniter\Router\RouteCollection->{closure}(Object(CodeIgniter\Router\RouteCollection))
 4 APPPATH\Config\Routes.php(25): CodeIgniter\Router\RouteCollection->group('admin', [...], Object(Closure))
 5 SYSTEMPATH\Router\RouteCollection.php(339): require('C:\\xampp\\htdocs\\myfoodblog\\app\\Config\\Routes.php')
 6 SYSTEMPATH\CodeIgniter.php(818): CodeIgniter\Router\RouteCollection->loadRoutes()
 7 SYSTEMPATH\CodeIgniter.php(441): CodeIgniter\CodeIgniter->tryToRouteIt(null)
 8 SYSTEMPATH\CodeIgniter.php(340): CodeIgniter\CodeIgniter->handleRequest(null, Object(Config\Cache), false)
 9 SYSTEMPATH\Boot.php(417): CodeIgniter\CodeIgniter->run()
10 SYSTEMPATH\Boot.php(68): CodeIgniter\Boot::runCodeIgniter(Object(CodeIgniter\CodeIgniter))
11 FCPATH\index.php(59): CodeIgniter\Boot::bootWeb(Object(Config\Paths))
WARNING - 2026-06-29 06:14:25 --> [DEPRECATED] Passing lowercase HTTP method "get" is deprecated. Use uppercase HTTP method like "GET". in SYSTEMPATH\Router\RouteCollection.php on line 1026.
 1 SYSTEMPATH\Router\RouteCollection.php(1026): trigger_error('Passing lowercase HTTP method "get" is deprecated. Use uppercase HTTP method like "GET".', 16384)
 2 APPPATH\Config\Routes.php(28): CodeIgniter\Router\RouteCollection->match([...], 'authenticate', 'Admin::authenticate')
 3 SYSTEMPATH\Router\RouteCollection.php(799): CodeIgniter\Router\RouteCollection->{closure}(Object(CodeIgniter\Router\RouteCollection))
 4 APPPATH\Config\Routes.php(25): CodeIgniter\Router\RouteCollection->group('admin', [...], Object(Closure))
 5 SYSTEMPATH\Router\RouteCollection.php(339): require('C:\\xampp\\htdocs\\myfoodblog\\app\\Config\\Routes.php')
 6 SYSTEMPATH\CodeIgniter.php(818): CodeIgniter\Router\RouteCollection->loadRoutes()
 7 SYSTEMPATH\CodeIgniter.php(441): CodeIgniter\CodeIgniter->tryToRouteIt(null)
 8 SYSTEMPATH\CodeIgniter.php(340): CodeIgniter\CodeIgniter->handleRequest(null, Object(Config\Cache), false)
 9 SYSTEMPATH\Boot.php(417): CodeIgniter\CodeIgniter->run()
10 SYSTEMPATH\Boot.php(68): CodeIgniter\Boot::runCodeIgniter(Object(CodeIgniter\CodeIgniter))
11 FCPATH\index.php(59): CodeIgniter\Boot::bootWeb(Object(Config\Paths))
WARNING - 2026-06-29 06:14:25 --> [DEPRECATED] Passing lowercase HTTP method "post" is deprecated. Use uppercase HTTP method like "POST". in SYSTEMPATH\Router\RouteCollection.php on line 1026.
 1 SYSTEMPATH\Router\RouteCollection.php(1026): trigger_error('Passing lowercase HTTP method "post" is deprecated. Use uppercase HTTP method like "POST".', 16384)
 2 APPPATH\Config\Routes.php(28): CodeIgniter\Router\RouteCollection->match([...], 'authenticate', 'Admin::authenticate')
 3 SYSTEMPATH\Router\RouteCollection.php(799): CodeIgniter\Router\RouteCollection->{closure}(Object(CodeIgniter\Router\RouteCollection))
 4 APPPATH\Config\Routes.php(25): CodeIgniter\Router\RouteCollection->group('admin', [...], Object(Closure))
 5 SYSTEMPATH\Router\RouteCollection.php(339): require('C:\\xampp\\htdocs\\myfoodblog\\app\\Config\\Routes.php')
 6 SYSTEMPATH\CodeIgniter.php(818): CodeIgniter\Router\RouteCollection->loadRoutes()
 7 SYSTEMPATH\CodeIgniter.php(441): CodeIgniter\CodeIgniter->tryToRouteIt(null)
 8 SYSTEMPATH\CodeIgniter.php(340): CodeIgniter\CodeIgniter->handleRequest(null, Object(Config\Cache), false)
 9 SYSTEMPATH\Boot.php(417): CodeIgniter\CodeIgniter->run()
10 SYSTEMPATH\Boot.php(68): CodeIgniter\Boot::runCodeIgniter(Object(CodeIgniter\CodeIgniter))
11 FCPATH\index.php(59): CodeIgniter\Boot::bootWeb(Object(Config\Paths))
DEBUG - 2026-06-29 06:14:25 --> Session: Class initialized using 'CodeIgniter\Session\Handlers\FileHandler' driver.
WARNING - 2026-06-29 06:14:25 --> [DEPRECATED] Passing lowercase HTTP method "get" is deprecated. Use uppercase HTTP method like "GET". in SYSTEMPATH\Router\RouteCollection.php on line 1026.
 1 SYSTEMPATH\Router\RouteCollection.php(1026): trigger_error('Passing lowercase HTTP method "get" is deprecated. Use uppercase HTTP method like "GET".', 16384)
 2 APPPATH\Config\Routes.php(28): CodeIgniter\Router\RouteCollection->match([...], 'authenticate', 'Admin::authenticate')
 3 SYSTEMPATH\Router\RouteCollection.php(799): CodeIgniter\Router\RouteCollection->{closure}(Object(CodeIgniter\Router\RouteCollection))
 4 APPPATH\Config\Routes.php(25): CodeIgniter\Router\RouteCollection->group('admin', [...], Object(Closure))
 5 SYSTEMPATH\Router\RouteCollection.php(339): require('C:\\xampp\\htdocs\\myfoodblog\\app\\Config\\Routes.php')
 6 SYSTEMPATH\CodeIgniter.php(818): CodeIgniter\Router\RouteCollection->loadRoutes()
 7 SYSTEMPATH\CodeIgniter.php(441): CodeIgniter\CodeIgniter->tryToRouteIt(null)
 8 SYSTEMPATH\CodeIgniter.php(340): CodeIgniter\CodeIgniter->handleRequest(null, Object(Config\Cache), false)
 9 SYSTEMPATH\Boot.php(417): CodeIgniter\CodeIgniter->run()
10 SYSTEMPATH\Boot.php(68): CodeIgniter\Boot::runCodeIgniter(Object(CodeIgniter\CodeIgniter))
11 FCPATH\index.php(59): CodeIgniter\Boot::bootWeb(Object(Config\Paths))
WARNING - 2026-06-29 06:14:25 --> [DEPRECATED] Passing lowercase HTTP method "post" is deprecated. Use uppercase HTTP method like "POST". in SYSTEMPATH\Router\RouteCollection.php on line 1026.
 1 SYSTEMPATH\Router\RouteCollection.php(1026): trigger_error('Passing lowercase HTTP method "post" is deprecated. Use uppercase HTTP method like "POST".', 16384)
 2 APPPATH\Config\Routes.php(28): CodeIgniter\Router\RouteCollection->match([...], 'authenticate', 'Admin::authenticate')
 3 SYSTEMPATH\Router\RouteCollection.php(799): CodeIgniter\Router\RouteCollection->{closure}(Object(CodeIgniter\Router\RouteCollection))
 4 APPPATH\Config\Routes.php(25): CodeIgniter\Router\RouteCollection->group('admin', [...], Object(Closure))
 5 SYSTEMPATH\Router\RouteCollection.php(339): require('C:\\xampp\\htdocs\\myfoodblog\\app\\Config\\Routes.php')
 6 SYSTEMPATH\CodeIgniter.php(818): CodeIgniter\Router\RouteCollection->loadRoutes()
 7 SYSTEMPATH\CodeIgniter.php(441): CodeIgniter\CodeIgniter->tryToRouteIt(null)
 8 SYSTEMPATH\CodeIgniter.php(340): CodeIgniter\CodeIgniter->handleRequest(null, Object(Config\Cache), false)
 9 SYSTEMPATH\Boot.php(417): CodeIgniter\CodeIgniter->run()
10 SYSTEMPATH\Boot.php(68): CodeIgniter\Boot::runCodeIgniter(Object(CodeIgniter\CodeIgniter))
11 FCPATH\index.php(59): CodeIgniter\Boot::bootWeb(Object(Config\Paths))
DEBUG - 2026-06-29 06:14:25 --> Session: Class initialized using 'CodeIgniter\Session\Handlers\FileHandler' driver.
WARNING - 2026-06-29 06:14:26 --> [DEPRECATED] Passing lowercase HTTP method "get" is deprecated. Use uppercase HTTP method like "GET". in SYSTEMPATH\Router\RouteCollection.php on line 1026.
 1 SYSTEMPATH\Router\RouteCollection.php(1026): trigger_error('Passing lowercase HTTP method "get" is deprecated. Use uppercase HTTP method like "GET".', 16384)
 2 APPPATH\Config\Routes.php(28): CodeIgniter\Router\RouteCollection->match([...], 'authenticate', 'Admin::authenticate')
 3 SYSTEMPATH\Router\RouteCollection.php(799): CodeIgniter\Router\RouteCollection->{closure}(Object(CodeIgniter\Router\RouteCollection))
 4 APPPATH\Config\Routes.php(25): CodeIgniter\Router\RouteCollection->group('admin', [...], Object(Closure))
 5 SYSTEMPATH\Router\RouteCollection.php(339): require('C:\\xampp\\htdocs\\myfoodblog\\app\\Config\\Routes.php')
 6 SYSTEMPATH\CodeIgniter.php(818): CodeIgniter\Router\RouteCollection->loadRoutes()
 7 SYSTEMPATH\CodeIgniter.php(441): CodeIgniter\CodeIgniter->tryToRouteIt(null)
 8 SYSTEMPATH\CodeIgniter.php(340): CodeIgniter\CodeIgniter->handleRequest(null, Object(Config\Cache), false)
 9 SYSTEMPATH\Boot.php(417): CodeIgniter\CodeIgniter->run()
10 SYSTEMPATH\Boot.php(68): CodeIgniter\Boot::runCodeIgniter(Object(CodeIgniter\CodeIgniter))
11 FCPATH\index.php(59): CodeIgniter\Boot::bootWeb(Object(Config\Paths))
WARNING - 2026-06-29 06:14:26 --> [DEPRECATED] Passing lowercase HTTP method "post" is deprecated. Use uppercase HTTP method like "POST". in SYSTEMPATH\Router\RouteCollection.php on line 1026.
 1 SYSTEMPATH\Router\RouteCollection.php(1026): trigger_error('Passing lowercase HTTP method "post" is deprecated. Use uppercase HTTP method like "POST".', 16384)
 2 APPPATH\Config\Routes.php(28): CodeIgniter\Router\RouteCollection->match([...], 'authenticate', 'Admin::authenticate')
 3 SYSTEMPATH\Router\RouteCollection.php(799): CodeIgniter\Router\RouteCollection->{closure}(Object(CodeIgniter\Router\RouteCollection))
 4 APPPATH\Config\Routes.php(25): CodeIgniter\Router\RouteCollection->group('admin', [...], Object(Closure))
 5 SYSTEMPATH\Router\RouteCollection.php(339): require('C:\\xampp\\htdocs\\myfoodblog\\app\\Config\\Routes.php')
 6 SYSTEMPATH\CodeIgniter.php(818): CodeIgniter\Router\RouteCollection->loadRoutes()
 7 SYSTEMPATH\CodeIgniter.php(441): CodeIgniter\CodeIgniter->tryToRouteIt(null)
 8 SYSTEMPATH\CodeIgniter.php(340): CodeIgniter\CodeIgniter->handleRequest(null, Object(Config\Cache), false)
 9 SYSTEMPATH\Boot.php(417): CodeIgniter\CodeIgniter->run()
10 SYSTEMPATH\Boot.php(68): CodeIgniter\Boot::runCodeIgniter(Object(CodeIgniter\CodeIgniter))
11 FCPATH\index.php(59): CodeIgniter\Boot::bootWeb(Object(Config\Paths))
WARNING - 2026-06-29 06:14:26 --> [DEPRECATED] Passing lowercase HTTP method "get" is deprecated. Use uppercase HTTP method like "GET". in SYSTEMPATH\Router\RouteCollection.php on line 1026.
 1 SYSTEMPATH\Router\RouteCollection.php(1026): trigger_error('Passing lowercase HTTP method "get" is deprecated. Use uppercase HTTP method like "GET".', 16384)
 2 APPPATH\Config\Routes.php(28): CodeIgniter\Router\RouteCollection->match([...], 'authenticate', 'Admin::authenticate')
 3 SYSTEMPATH\Router\RouteCollection.php(799): CodeIgniter\Router\RouteCollection->{closure}(Object(CodeIgniter\Router\RouteCollection))
 4 APPPATH\Config\Routes.php(25): CodeIgniter\Router\RouteCollection->group('admin', [...], Object(Closure))
 5 SYSTEMPATH\Router\RouteCollection.php(339): require('C:\\xampp\\htdocs\\myfoodblog\\app\\Config\\Routes.php')
 6 SYSTEMPATH\CodeIgniter.php(818): CodeIgniter\Router\RouteCollection->loadRoutes()
 7 SYSTEMPATH\CodeIgniter.php(441): CodeIgniter\CodeIgniter->tryToRouteIt(null)
 8 SYSTEMPATH\CodeIgniter.php(340): CodeIgniter\CodeIgniter->handleRequest(null, Object(Config\Cache), false)
 9 SYSTEMPATH\Boot.php(417): CodeIgniter\CodeIgniter->run()
10 SYSTEMPATH\Boot.php(68): CodeIgniter\Boot::runCodeIgniter(Object(CodeIgniter\CodeIgniter))
11 FCPATH\index.php(59): CodeIgniter\Boot::bootWeb(Object(Config\Paths))
WARNING - 2026-06-29 06:14:26 --> [DEPRECATED] Passing lowercase HTTP method "post" is deprecated. Use uppercase HTTP method like "POST". in SYSTEMPATH\Router\RouteCollection.php on line 1026.
 1 SYSTEMPATH\Router\RouteCollection.php(1026): trigger_error('Passing lowercase HTTP method "post" is deprecated. Use uppercase HTTP method like "POST".', 16384)
 2 APPPATH\Config\Routes.php(28): CodeIgniter\Router\RouteCollection->match([...], 'authenticate', 'Admin::authenticate')
 3 SYSTEMPATH\Router\RouteCollection.php(799): CodeIgniter\Router\RouteCollection->{closure}(Object(CodeIgniter\Router\RouteCollection))
 4 APPPATH\Config\Routes.php(25): CodeIgniter\Router\RouteCollection->group('admin', [...], Object(Closure))
 5 SYSTEMPATH\Router\RouteCollection.php(339): require('C:\\xampp\\htdocs\\myfoodblog\\app\\Config\\Routes.php')
 6 SYSTEMPATH\CodeIgniter.php(818): CodeIgniter\Router\RouteCollection->loadRoutes()
 7 SYSTEMPATH\CodeIgniter.php(441): CodeIgniter\CodeIgniter->tryToRouteIt(null)
 8 SYSTEMPATH\CodeIgniter.php(340): CodeIgniter\CodeIgniter->handleRequest(null, Object(Config\Cache), false)
 9 SYSTEMPATH\Boot.php(417): CodeIgniter\CodeIgniter->run()
10 SYSTEMPATH\Boot.php(68): CodeIgniter\Boot::runCodeIgniter(Object(CodeIgniter\CodeIgniter))
11 FCPATH\index.php(59): CodeIgniter\Boot::bootWeb(Object(Config\Paths))
WARNING - 2026-06-29 06:17:57 --> [DEPRECATED] Passing lowercase HTTP method "get" is deprecated. Use uppercase HTTP method like "GET". in SYSTEMPATH\Router\RouteCollection.php on line 1026.
 1 SYSTEMPATH\Router\RouteCollection.php(1026): trigger_error('Passing lowercase HTTP method "get" is deprecated. Use uppercase HTTP method like "GET".', 16384)
 2 APPPATH\Config\Routes.php(28): CodeIgniter\Router\RouteCollection->match([...], 'authenticate', 'Admin::authenticate')
 3 SYSTEMPATH\Router\RouteCollection.php(799): CodeIgniter\Router\RouteCollection->{closure}(Object(CodeIgniter\Router\RouteCollection))
 4 APPPATH\Config\Routes.php(25): CodeIgniter\Router\RouteCollection->group('admin', [...], Object(Closure))
 5 SYSTEMPATH\Router\RouteCollection.php(339): require('C:\\xampp\\htdocs\\myfoodblog\\app\\Config\\Routes.php')
 6 SYSTEMPATH\CodeIgniter.php(818): CodeIgniter\Router\RouteCollection->loadRoutes()
 7 SYSTEMPATH\CodeIgniter.php(441): CodeIgniter\CodeIgniter->tryToRouteIt(null)
 8 SYSTEMPATH\CodeIgniter.php(340): CodeIgniter\CodeIgniter->handleRequest(null, Object(Config\Cache), false)
 9 SYSTEMPATH\Boot.php(417): CodeIgniter\CodeIgniter->run()
10 SYSTEMPATH\Boot.php(68): CodeIgniter\Boot::runCodeIgniter(Object(CodeIgniter\CodeIgniter))
11 FCPATH\index.php(59): CodeIgniter\Boot::bootWeb(Object(Config\Paths))
WARNING - 2026-06-29 06:17:57 --> [DEPRECATED] Passing lowercase HTTP method "post" is deprecated. Use uppercase HTTP method like "POST". in SYSTEMPATH\Router\RouteCollection.php on line 1026.
 1 SYSTEMPATH\Router\RouteCollection.php(1026): trigger_error('Passing lowercase HTTP method "post" is deprecated. Use uppercase HTTP method like "POST".', 16384)
 2 APPPATH\Config\Routes.php(28): CodeIgniter\Router\RouteCollection->match([...], 'authenticate', 'Admin::authenticate')
 3 SYSTEMPATH\Router\RouteCollection.php(799): CodeIgniter\Router\RouteCollection->{closure}(Object(CodeIgniter\Router\RouteCollection))
 4 APPPATH\Config\Routes.php(25): CodeIgniter\Router\RouteCollection->group('admin', [...], Object(Closure))
 5 SYSTEMPATH\Router\RouteCollection.php(339): require('C:\\xampp\\htdocs\\myfoodblog\\app\\Config\\Routes.php')
 6 SYSTEMPATH\CodeIgniter.php(818): CodeIgniter\Router\RouteCollection->loadRoutes()
 7 SYSTEMPATH\CodeIgniter.php(441): CodeIgniter\CodeIgniter->tryToRouteIt(null)
 8 SYSTEMPATH\CodeIgniter.php(340): CodeIgniter\CodeIgniter->handleRequest(null, Object(Config\Cache), false)
 9 SYSTEMPATH\Boot.php(417): CodeIgniter\CodeIgniter->run()
10 SYSTEMPATH\Boot.php(68): CodeIgniter\Boot::runCodeIgniter(Object(CodeIgniter\CodeIgniter))
11 FCPATH\index.php(59): CodeIgniter\Boot::bootWeb(Object(Config\Paths))
DEBUG - 2026-06-29 06:17:57 --> Session: Class initialized using 'CodeIgniter\Session\Handlers\FileHandler' driver.
WARNING - 2026-06-29 06:17:57 --> [DEPRECATED] Passing lowercase HTTP method "get" is deprecated. Use uppercase HTTP method like "GET". in SYSTEMPATH\Router\RouteCollection.php on line 1026.
 1 SYSTEMPATH\Router\RouteCollection.php(1026): trigger_error('Passing lowercase HTTP method "get" is deprecated. Use uppercase HTTP method like "GET".', 16384)
 2 APPPATH\Config\Routes.php(28): CodeIgniter\Router\RouteCollection->match([...], 'authenticate', 'Admin::authenticate')
 3 SYSTEMPATH\Router\RouteCollection.php(799): CodeIgniter\Router\RouteCollection->{closure}(Object(CodeIgniter\Router\RouteCollection))
 4 APPPATH\Config\Routes.php(25): CodeIgniter\Router\RouteCollection->group('admin', [...], Object(Closure))
 5 SYSTEMPATH\Router\RouteCollection.php(339): require('C:\\xampp\\htdocs\\myfoodblog\\app\\Config\\Routes.php')
 6 SYSTEMPATH\CodeIgniter.php(818): CodeIgniter\Router\RouteCollection->loadRoutes()
 7 SYSTEMPATH\CodeIgniter.php(441): CodeIgniter\CodeIgniter->tryToRouteIt(null)
 8 SYSTEMPATH\CodeIgniter.php(340): CodeIgniter\CodeIgniter->handleRequest(null, Object(Config\Cache), false)
 9 SYSTEMPATH\Boot.php(417): CodeIgniter\CodeIgniter->run()
10 SYSTEMPATH\Boot.php(68): CodeIgniter\Boot::runCodeIgniter(Object(CodeIgniter\CodeIgniter))
11 FCPATH\index.php(59): CodeIgniter\Boot::bootWeb(Object(Config\Paths))
WARNING - 2026-06-29 06:17:57 --> [DEPRECATED] Passing lowercase HTTP method "post" is deprecated. Use uppercase HTTP method like "POST". in SYSTEMPATH\Router\RouteCollection.php on line 1026.
 1 SYSTEMPATH\Router\RouteCollection.php(1026): trigger_error('Passing lowercase HTTP method "post" is deprecated. Use uppercase HTTP method like "POST".', 16384)
 2 APPPATH\Config\Routes.php(28): CodeIgniter\Router\RouteCollection->match([...], 'authenticate', 'Admin::authenticate')
 3 SYSTEMPATH\Router\RouteCollection.php(799): CodeIgniter\Router\RouteCollection->{closure}(Object(CodeIgniter\Router\RouteCollection))
 4 APPPATH\Config\Routes.php(25): CodeIgniter\Router\RouteCollection->group('admin', [...], Object(Closure))
 5 SYSTEMPATH\Router\RouteCollection.php(339): require('C:\\xampp\\htdocs\\myfoodblog\\app\\Config\\Routes.php')
 6 SYSTEMPATH\CodeIgniter.php(818): CodeIgniter\Router\RouteCollection->loadRoutes()
 7 SYSTEMPATH\CodeIgniter.php(441): CodeIgniter\CodeIgniter->tryToRouteIt(null)
 8 SYSTEMPATH\CodeIgniter.php(340): CodeIgniter\CodeIgniter->handleRequest(null, Object(Config\Cache), false)
 9 SYSTEMPATH\Boot.php(417): CodeIgniter\CodeIgniter->run()
10 SYSTEMPATH\Boot.php(68): CodeIgniter\Boot::runCodeIgniter(Object(CodeIgniter\CodeIgniter))
11 FCPATH\index.php(59): CodeIgniter\Boot::bootWeb(Object(Config\Paths))
WARNING - 2026-06-29 06:17:58 --> [DEPRECATED] Passing lowercase HTTP method "get" is deprecated. Use uppercase HTTP method like "GET". in SYSTEMPATH\Router\RouteCollection.php on line 1026.
 1 SYSTEMPATH\Router\RouteCollection.php(1026): trigger_error('Passing lowercase HTTP method "get" is deprecated. Use uppercase HTTP method like "GET".', 16384)
 2 APPPATH\Config\Routes.php(28): CodeIgniter\Router\RouteCollection->match([...], 'authenticate', 'Admin::authenticate')
 3 SYSTEMPATH\Router\RouteCollection.php(799): CodeIgniter\Router\RouteCollection->{closure}(Object(CodeIgniter\Router\RouteCollection))
 4 APPPATH\Config\Routes.php(25): CodeIgniter\Router\RouteCollection->group('admin', [...], Object(Closure))
 5 SYSTEMPATH\Router\RouteCollection.php(339): require('C:\\xampp\\htdocs\\myfoodblog\\app\\Config\\Routes.php')
 6 SYSTEMPATH\CodeIgniter.php(818): CodeIgniter\Router\RouteCollection->loadRoutes()
 7 SYSTEMPATH\CodeIgniter.php(441): CodeIgniter\CodeIgniter->tryToRouteIt(null)
 8 SYSTEMPATH\CodeIgniter.php(340): CodeIgniter\CodeIgniter->handleRequest(null, Object(Config\Cache), false)
 9 SYSTEMPATH\Boot.php(417): CodeIgniter\CodeIgniter->run()
10 SYSTEMPATH\Boot.php(68): CodeIgniter\Boot::runCodeIgniter(Object(CodeIgniter\CodeIgniter))
11 FCPATH\index.php(59): CodeIgniter\Boot::bootWeb(Object(Config\Paths))
WARNING - 2026-06-29 06:17:58 --> [DEPRECATED] Passing lowercase HTTP method "post" is deprecated. Use uppercase HTTP method like "POST". in SYSTEMPATH\Router\RouteCollection.php on line 1026.
 1 SYSTEMPATH\Router\RouteCollection.php(1026): trigger_error('Passing lowercase HTTP method "post" is deprecated. Use uppercase HTTP method like "POST".', 16384)
 2 APPPATH\Config\Routes.php(28): CodeIgniter\Router\RouteCollection->match([...], 'authenticate', 'Admin::authenticate')
 3 SYSTEMPATH\Router\RouteCollection.php(799): CodeIgniter\Router\RouteCollection->{closure}(Object(CodeIgniter\Router\RouteCollection))
 4 APPPATH\Config\Routes.php(25): CodeIgniter\Router\RouteCollection->group('admin', [...], Object(Closure))
 5 SYSTEMPATH\Router\RouteCollection.php(339): require('C:\\xampp\\htdocs\\myfoodblog\\app\\Config\\Routes.php')
 6 SYSTEMPATH\CodeIgniter.php(818): CodeIgniter\Router\RouteCollection->loadRoutes()
 7 SYSTEMPATH\CodeIgniter.php(441): CodeIgniter\CodeIgniter->tryToRouteIt(null)
 8 SYSTEMPATH\CodeIgniter.php(340): CodeIgniter\CodeIgniter->handleRequest(null, Object(Config\Cache), false)
 9 SYSTEMPATH\Boot.php(417): CodeIgniter\CodeIgniter->run()
10 SYSTEMPATH\Boot.php(68): CodeIgniter\Boot::runCodeIgniter(Object(CodeIgniter\CodeIgniter))
11 FCPATH\index.php(59): CodeIgniter\Boot::bootWeb(Object(Config\Paths))
WARNING - 2026-06-29 06:18:00 --> [DEPRECATED] Passing lowercase HTTP method "get" is deprecated. Use uppercase HTTP method like "GET". in SYSTEMPATH\Router\RouteCollection.php on line 1026.
 1 SYSTEMPATH\Router\RouteCollection.php(1026): trigger_error('Passing lowercase HTTP method "get" is deprecated. Use uppercase HTTP method like "GET".', 16384)
 2 APPPATH\Config\Routes.php(28): CodeIgniter\Router\RouteCollection->match([...], 'authenticate', 'Admin::authenticate')
 3 SYSTEMPATH\Router\RouteCollection.php(799): CodeIgniter\Router\RouteCollection->{closure}(Object(CodeIgniter\Router\RouteCollection))
 4 APPPATH\Config\Routes.php(25): CodeIgniter\Router\RouteCollection->group('admin', [...], Object(Closure))
 5 SYSTEMPATH\Router\RouteCollection.php(339): require('C:\\xampp\\htdocs\\myfoodblog\\app\\Config\\Routes.php')
 6 SYSTEMPATH\CodeIgniter.php(818): CodeIgniter\Router\RouteCollection->loadRoutes()
 7 SYSTEMPATH\CodeIgniter.php(441): CodeIgniter\CodeIgniter->tryToRouteIt(null)
 8 SYSTEMPATH\CodeIgniter.php(340): CodeIgniter\CodeIgniter->handleRequest(null, Object(Config\Cache), false)
 9 SYSTEMPATH\Boot.php(417): CodeIgniter\CodeIgniter->run()
10 SYSTEMPATH\Boot.php(68): CodeIgniter\Boot::runCodeIgniter(Object(CodeIgniter\CodeIgniter))
11 FCPATH\index.php(59): CodeIgniter\Boot::bootWeb(Object(Config\Paths))
WARNING - 2026-06-29 06:18:00 --> [DEPRECATED] Passing lowercase HTTP method "post" is deprecated. Use uppercase HTTP method like "POST". in SYSTEMPATH\Router\RouteCollection.php on line 1026.
 1 SYSTEMPATH\Router\RouteCollection.php(1026): trigger_error('Passing lowercase HTTP method "post" is deprecated. Use uppercase HTTP method like "POST".', 16384)
 2 APPPATH\Config\Routes.php(28): CodeIgniter\Router\RouteCollection->match([...], 'authenticate', 'Admin::authenticate')
 3 SYSTEMPATH\Router\RouteCollection.php(799): CodeIgniter\Router\RouteCollection->{closure}(Object(CodeIgniter\Router\RouteCollection))
 4 APPPATH\Config\Routes.php(25): CodeIgniter\Router\RouteCollection->group('admin', [...], Object(Closure))
 5 SYSTEMPATH\Router\RouteCollection.php(339): require('C:\\xampp\\htdocs\\myfoodblog\\app\\Config\\Routes.php')
 6 SYSTEMPATH\CodeIgniter.php(818): CodeIgniter\Router\RouteCollection->loadRoutes()
 7 SYSTEMPATH\CodeIgniter.php(441): CodeIgniter\CodeIgniter->tryToRouteIt(null)
 8 SYSTEMPATH\CodeIgniter.php(340): CodeIgniter\CodeIgniter->handleRequest(null, Object(Config\Cache), false)
 9 SYSTEMPATH\Boot.php(417): CodeIgniter\CodeIgniter->run()
10 SYSTEMPATH\Boot.php(68): CodeIgniter\Boot::runCodeIgniter(Object(CodeIgniter\CodeIgniter))
11 FCPATH\index.php(59): CodeIgniter\Boot::bootWeb(Object(Config\Paths))
DEBUG - 2026-06-29 06:18:00 --> Session: Class initialized using 'CodeIgniter\Session\Handlers\FileHandler' driver.
WARNING - 2026-06-29 06:18:01 --> [DEPRECATED] Passing lowercase HTTP method "get" is deprecated. Use uppercase HTTP method like "GET". in SYSTEMPATH\Router\RouteCollection.php on line 1026.
 1 SYSTEMPATH\Router\RouteCollection.php(1026): trigger_error('Passing lowercase HTTP method "get" is deprecated. Use uppercase HTTP method like "GET".', 16384)
 2 APPPATH\Config\Routes.php(28): CodeIgniter\Router\RouteCollection->match([...], 'authenticate', 'Admin::authenticate')
 3 SYSTEMPATH\Router\RouteCollection.php(799): CodeIgniter\Router\RouteCollection->{closure}(Object(CodeIgniter\Router\RouteCollection))
 4 APPPATH\Config\Routes.php(25): CodeIgniter\Router\RouteCollection->group('admin', [...], Object(Closure))
 5 SYSTEMPATH\Router\RouteCollection.php(339): require('C:\\xampp\\htdocs\\myfoodblog\\app\\Config\\Routes.php')
 6 SYSTEMPATH\CodeIgniter.php(818): CodeIgniter\Router\RouteCollection->loadRoutes()
 7 SYSTEMPATH\CodeIgniter.php(441): CodeIgniter\CodeIgniter->tryToRouteIt(null)
 8 SYSTEMPATH\CodeIgniter.php(340): CodeIgniter\CodeIgniter->handleRequest(null, Object(Config\Cache), false)
 9 SYSTEMPATH\Boot.php(417): CodeIgniter\CodeIgniter->run()
10 SYSTEMPATH\Boot.php(68): CodeIgniter\Boot::runCodeIgniter(Object(CodeIgniter\CodeIgniter))
11 FCPATH\index.php(59): CodeIgniter\Boot::bootWeb(Object(Config\Paths))
WARNING - 2026-06-29 06:18:01 --> [DEPRECATED] Passing lowercase HTTP method "post" is deprecated. Use uppercase HTTP method like "POST". in SYSTEMPATH\Router\RouteCollection.php on line 1026.
 1 SYSTEMPATH\Router\RouteCollection.php(1026): trigger_error('Passing lowercase HTTP method "post" is deprecated. Use uppercase HTTP method like "POST".', 16384)
 2 APPPATH\Config\Routes.php(28): CodeIgniter\Router\RouteCollection->match([...], 'authenticate', 'Admin::authenticate')
 3 SYSTEMPATH\Router\RouteCollection.php(799): CodeIgniter\Router\RouteCollection->{closure}(Object(CodeIgniter\Router\RouteCollection))
 4 APPPATH\Config\Routes.php(25): CodeIgniter\Router\RouteCollection->group('admin', [...], Object(Closure))
 5 SYSTEMPATH\Router\RouteCollection.php(339): require('C:\\xampp\\htdocs\\myfoodblog\\app\\Config\\Routes.php')
 6 SYSTEMPATH\CodeIgniter.php(818): CodeIgniter\Router\RouteCollection->loadRoutes()
 7 SYSTEMPATH\CodeIgniter.php(441): CodeIgniter\CodeIgniter->tryToRouteIt(null)
 8 SYSTEMPATH\CodeIgniter.php(340): CodeIgniter\CodeIgniter->handleRequest(null, Object(Config\Cache), false)
 9 SYSTEMPATH\Boot.php(417): CodeIgniter\CodeIgniter->run()
10 SYSTEMPATH\Boot.php(68): CodeIgniter\Boot::runCodeIgniter(Object(CodeIgniter\CodeIgniter))
11 FCPATH\index.php(59): CodeIgniter\Boot::bootWeb(Object(Config\Paths))
WARNING - 2026-06-29 06:18:01 --> [DEPRECATED] Passing lowercase HTTP method "get" is deprecated. Use uppercase HTTP method like "GET". in SYSTEMPATH\Router\RouteCollection.php on line 1026.
 1 SYSTEMPATH\Router\RouteCollection.php(1026): trigger_error('Passing lowercase HTTP method "get" is deprecated. Use uppercase HTTP method like "GET".', 16384)
 2 APPPATH\Config\Routes.php(28): CodeIgniter\Router\RouteCollection->match([...], 'authenticate', 'Admin::authenticate')
 3 SYSTEMPATH\Router\RouteCollection.php(799): CodeIgniter\Router\RouteCollection->{closure}(Object(CodeIgniter\Router\RouteCollection))
 4 APPPATH\Config\Routes.php(25): CodeIgniter\Router\RouteCollection->group('admin', [...], Object(Closure))
 5 SYSTEMPATH\Router\RouteCollection.php(339): require('C:\\xampp\\htdocs\\myfoodblog\\app\\Config\\Routes.php')
 6 SYSTEMPATH\CodeIgniter.php(818): CodeIgniter\Router\RouteCollection->loadRoutes()
 7 SYSTEMPATH\CodeIgniter.php(441): CodeIgniter\CodeIgniter->tryToRouteIt(null)
 8 SYSTEMPATH\CodeIgniter.php(340): CodeIgniter\CodeIgniter->handleRequest(null, Object(Config\Cache), false)
 9 SYSTEMPATH\Boot.php(417): CodeIgniter\CodeIgniter->run()
10 SYSTEMPATH\Boot.php(68): CodeIgniter\Boot::runCodeIgniter(Object(CodeIgniter\CodeIgniter))
11 FCPATH\index.php(59): CodeIgniter\Boot::bootWeb(Object(Config\Paths))
WARNING - 2026-06-29 06:18:01 --> [DEPRECATED] Passing lowercase HTTP method "post" is deprecated. Use uppercase HTTP method like "POST". in SYSTEMPATH\Router\RouteCollection.php on line 1026.
 1 SYSTEMPATH\Router\RouteCollection.php(1026): trigger_error('Passing lowercase HTTP method "post" is deprecated. Use uppercase HTTP method like "POST".', 16384)
 2 APPPATH\Config\Routes.php(28): CodeIgniter\Router\RouteCollection->match([...], 'authenticate', 'Admin::authenticate')
 3 SYSTEMPATH\Router\RouteCollection.php(799): CodeIgniter\Router\RouteCollection->{closure}(Object(CodeIgniter\Router\RouteCollection))
 4 APPPATH\Config\Routes.php(25): CodeIgniter\Router\RouteCollection->group('admin', [...], Object(Closure))
 5 SYSTEMPATH\Router\RouteCollection.php(339): require('C:\\xampp\\htdocs\\myfoodblog\\app\\Config\\Routes.php')
 6 SYSTEMPATH\CodeIgniter.php(818): CodeIgniter\Router\RouteCollection->loadRoutes()
 7 SYSTEMPATH\CodeIgniter.php(441): CodeIgniter\CodeIgniter->tryToRouteIt(null)
 8 SYSTEMPATH\CodeIgniter.php(340): CodeIgniter\CodeIgniter->handleRequest(null, Object(Config\Cache), false)
 9 SYSTEMPATH\Boot.php(417): CodeIgniter\CodeIgniter->run()
10 SYSTEMPATH\Boot.php(68): CodeIgniter\Boot::runCodeIgniter(Object(CodeIgniter\CodeIgniter))
11 FCPATH\index.php(59): CodeIgniter\Boot::bootWeb(Object(Config\Paths))
WARNING - 2026-06-29 07:14:24 --> [DEPRECATED] Passing lowercase HTTP method "get" is deprecated. Use uppercase HTTP method like "GET". in SYSTEMPATH\Router\RouteCollection.php on line 1026.
 1 SYSTEMPATH\Router\RouteCollection.php(1026): trigger_error('Passing lowercase HTTP method "get" is deprecated. Use uppercase HTTP method like "GET".', 16384)
 2 APPPATH\Config\Routes.php(28): CodeIgniter\Router\RouteCollection->match([...], 'authenticate', 'Admin::authenticate')
 3 SYSTEMPATH\Router\RouteCollection.php(799): CodeIgniter\Router\RouteCollection->{closure}(Object(CodeIgniter\Router\RouteCollection))
 4 APPPATH\Config\Routes.php(25): CodeIgniter\Router\RouteCollection->group('admin', [...], Object(Closure))
 5 SYSTEMPATH\Router\RouteCollection.php(339): require('C:\\xampp\\htdocs\\myfoodblog\\app\\Config\\Routes.php')
 6 SYSTEMPATH\CodeIgniter.php(818): CodeIgniter\Router\RouteCollection->loadRoutes()
 7 SYSTEMPATH\CodeIgniter.php(441): CodeIgniter\CodeIgniter->tryToRouteIt(null)
 8 SYSTEMPATH\CodeIgniter.php(340): CodeIgniter\CodeIgniter->handleRequest(null, Object(Config\Cache), false)
 9 SYSTEMPATH\Boot.php(417): CodeIgniter\CodeIgniter->run()
10 SYSTEMPATH\Boot.php(68): CodeIgniter\Boot::runCodeIgniter(Object(CodeIgniter\CodeIgniter))
11 FCPATH\index.php(59): CodeIgniter\Boot::bootWeb(Object(Config\Paths))
WARNING - 2026-06-29 07:14:24 --> [DEPRECATED] Passing lowercase HTTP method "get" is deprecated. Use uppercase HTTP method like "GET". in SYSTEMPATH\Router\RouteCollection.php on line 1026.
 1 SYSTEMPATH\Router\RouteCollection.php(1026): trigger_error('Passing lowercase HTTP method "get" is deprecated. Use uppercase HTTP method like "GET".', 16384)
 2 APPPATH\Config\Routes.php(28): CodeIgniter\Router\RouteCollection->match([...], 'authenticate', 'Admin::authenticate')
 3 SYSTEMPATH\Router\RouteCollection.php(799): CodeIgniter\Router\RouteCollection->{closure}(Object(CodeIgniter\Router\RouteCollection))
 4 APPPATH\Config\Routes.php(25): CodeIgniter\Router\RouteCollection->group('admin', [...], Object(Closure))
 5 SYSTEMPATH\Router\RouteCollection.php(339): require('C:\\xampp\\htdocs\\myfoodblog\\app\\Config\\Routes.php')
 6 SYSTEMPATH\CodeIgniter.php(818): CodeIgniter\Router\RouteCollection->loadRoutes()
 7 SYSTEMPATH\CodeIgniter.php(441): CodeIgniter\CodeIgniter->tryToRouteIt(null)
 8 SYSTEMPATH\CodeIgniter.php(340): CodeIgniter\CodeIgniter->handleRequest(null, Object(Config\Cache), false)
 9 SYSTEMPATH\Boot.php(417): CodeIgniter\CodeIgniter->run()
10 SYSTEMPATH\Boot.php(68): CodeIgniter\Boot::runCodeIgniter(Object(CodeIgniter\CodeIgniter))
11 FCPATH\index.php(59): CodeIgniter\Boot::bootWeb(Object(Config\Paths))
WARNING - 2026-06-29 07:14:24 --> [DEPRECATED] Passing lowercase HTTP method "get" is deprecated. Use uppercase HTTP method like "GET". in SYSTEMPATH\Router\RouteCollection.php on line 1026.
 1 SYSTEMPATH\Router\RouteCollection.php(1026): trigger_error('Passing lowercase HTTP method "get" is deprecated. Use uppercase HTTP method like "GET".', 16384)
 2 APPPATH\Config\Routes.php(28): CodeIgniter\Router\RouteCollection->match([...], 'authenticate', 'Admin::authenticate')
 3 SYSTEMPATH\Router\RouteCollection.php(799): CodeIgniter\Router\RouteCollection->{closure}(Object(CodeIgniter\Router\RouteCollection))
 4 APPPATH\Config\Routes.php(25): CodeIgniter\Router\RouteCollection->group('admin', [...], Object(Closure))
 5 SYSTEMPATH\Router\RouteCollection.php(339): require('C:\\xampp\\htdocs\\myfoodblog\\app\\Config\\Routes.php')
 6 SYSTEMPATH\CodeIgniter.php(818): CodeIgniter\Router\RouteCollection->loadRoutes()
 7 SYSTEMPATH\CodeIgniter.php(441): CodeIgniter\CodeIgniter->tryToRouteIt(null)
 8 SYSTEMPATH\CodeIgniter.php(340): CodeIgniter\CodeIgniter->handleRequest(null, Object(Config\Cache), false)
 9 SYSTEMPATH\Boot.php(417): CodeIgniter\CodeIgniter->run()
10 SYSTEMPATH\Boot.php(68): CodeIgniter\Boot::runCodeIgniter(Object(CodeIgniter\CodeIgniter))
11 FCPATH\index.php(59): CodeIgniter\Boot::bootWeb(Object(Config\Paths))
WARNING - 2026-06-29 07:14:24 --> [DEPRECATED] Passing lowercase HTTP method "get" is deprecated. Use uppercase HTTP method like "GET". in SYSTEMPATH\Router\RouteCollection.php on line 1026.
 1 SYSTEMPATH\Router\RouteCollection.php(1026): trigger_error('Passing lowercase HTTP method "get" is deprecated. Use uppercase HTTP method like "GET".', 16384)
 2 APPPATH\Config\Routes.php(28): CodeIgniter\Router\RouteCollection->match([...], 'authenticate', 'Admin::authenticate')
 3 SYSTEMPATH\Router\RouteCollection.php(799): CodeIgniter\Router\RouteCollection->{closure}(Object(CodeIgniter\Router\RouteCollection))
 4 APPPATH\Config\Routes.php(25): CodeIgniter\Router\RouteCollection->group('admin', [...], Object(Closure))
 5 SYSTEMPATH\Router\RouteCollection.php(339): require('C:\\xampp\\htdocs\\myfoodblog\\app\\Config\\Routes.php')
 6 SYSTEMPATH\CodeIgniter.php(818): CodeIgniter\Router\RouteCollection->loadRoutes()
 7 SYSTEMPATH\CodeIgniter.php(441): CodeIgniter\CodeIgniter->tryToRouteIt(null)
 8 SYSTEMPATH\CodeIgniter.php(340): CodeIgniter\CodeIgniter->handleRequest(null, Object(Config\Cache), false)
 9 SYSTEMPATH\Boot.php(417): CodeIgniter\CodeIgniter->run()
10 SYSTEMPATH\Boot.php(68): CodeIgniter\Boot::runCodeIgniter(Object(CodeIgniter\CodeIgniter))
11 FCPATH\index.php(59): CodeIgniter\Boot::bootWeb(Object(Config\Paths))
WARNING - 2026-06-29 07:14:24 --> [DEPRECATED] Passing lowercase HTTP method "post" is deprecated. Use uppercase HTTP method like "POST". in SYSTEMPATH\Router\RouteCollection.php on line 1026.
 1 SYSTEMPATH\Router\RouteCollection.php(1026): trigger_error('Passing lowercase HTTP method "post" is deprecated. Use uppercase HTTP method like "POST".', 16384)
 2 APPPATH\Config\Routes.php(28): CodeIgniter\Router\RouteCollection->match([...], 'authenticate', 'Admin::authenticate')
 3 SYSTEMPATH\Router\RouteCollection.php(799): CodeIgniter\Router\RouteCollection->{closure}(Object(CodeIgniter\Router\RouteCollection))
 4 APPPATH\Config\Routes.php(25): CodeIgniter\Router\RouteCollection->group('admin', [...], Object(Closure))
 5 SYSTEMPATH\Router\RouteCollection.php(339): require('C:\\xampp\\htdocs\\myfoodblog\\app\\Config\\Routes.php')
 6 SYSTEMPATH\CodeIgniter.php(818): CodeIgniter\Router\RouteCollection->loadRoutes()
 7 SYSTEMPATH\CodeIgniter.php(441): CodeIgniter\CodeIgniter->tryToRouteIt(null)
 8 SYSTEMPATH\CodeIgniter.php(340): CodeIgniter\CodeIgniter->handleRequest(null, Object(Config\Cache), false)
 9 SYSTEMPATH\Boot.php(417): CodeIgniter\CodeIgniter->run()
10 SYSTEMPATH\Boot.php(68): CodeIgniter\Boot::runCodeIgniter(Object(CodeIgniter\CodeIgniter))
11 FCPATH\index.php(59): CodeIgniter\Boot::bootWeb(Object(Config\Paths))
WARNING - 2026-06-29 07:14:24 --> [DEPRECATED] Passing lowercase HTTP method "post" is deprecated. Use uppercase HTTP method like "POST". in SYSTEMPATH\Router\RouteCollection.php on line 1026.
 1 SYSTEMPATH\Router\RouteCollection.php(1026): trigger_error('Passing lowercase HTTP method "post" is deprecated. Use uppercase HTTP method like "POST".', 16384)
 2 APPPATH\Config\Routes.php(28): CodeIgniter\Router\RouteCollection->match([...], 'authenticate', 'Admin::authenticate')
 3 SYSTEMPATH\Router\RouteCollection.php(799): CodeIgniter\Router\RouteCollection->{closure}(Object(CodeIgniter\Router\RouteCollection))
 4 APPPATH\Config\Routes.php(25): CodeIgniter\Router\RouteCollection->group('admin', [...], Object(Closure))
 5 SYSTEMPATH\Router\RouteCollection.php(339): require('C:\\xampp\\htdocs\\myfoodblog\\app\\Config\\Routes.php')
 6 SYSTEMPATH\CodeIgniter.php(818): CodeIgniter\Router\RouteCollection->loadRoutes()
 7 SYSTEMPATH\CodeIgniter.php(441): CodeIgniter\CodeIgniter->tryToRouteIt(null)
 8 SYSTEMPATH\CodeIgniter.php(340): CodeIgniter\CodeIgniter->handleRequest(null, Object(Config\Cache), false)
 9 SYSTEMPATH\Boot.php(417): CodeIgniter\CodeIgniter->run()
10 SYSTEMPATH\Boot.php(68): CodeIgniter\Boot::runCodeIgniter(Object(CodeIgniter\CodeIgniter))
11 FCPATH\index.php(59): CodeIgniter\Boot::bootWeb(Object(Config\Paths))
WARNING - 2026-06-29 07:14:24 --> [DEPRECATED] Passing lowercase HTTP method "post" is deprecated. Use uppercase HTTP method like "POST". in SYSTEMPATH\Router\RouteCollection.php on line 1026.
 1 SYSTEMPATH\Router\RouteCollection.php(1026): trigger_error('Passing lowercase HTTP method "post" is deprecated. Use uppercase HTTP method like "POST".', 16384)
 2 APPPATH\Config\Routes.php(28): CodeIgniter\Router\RouteCollection->match([...], 'authenticate', 'Admin::authenticate')
 3 SYSTEMPATH\Router\RouteCollection.php(799): CodeIgniter\Router\RouteCollection->{closure}(Object(CodeIgniter\Router\RouteCollection))
 4 APPPATH\Config\Routes.php(25): CodeIgniter\Router\RouteCollection->group('admin', [...], Object(Closure))
 5 SYSTEMPATH\Router\RouteCollection.php(339): require('C:\\xampp\\htdocs\\myfoodblog\\app\\Config\\Routes.php')
 6 SYSTEMPATH\CodeIgniter.php(818): CodeIgniter\Router\RouteCollection->loadRoutes()
 7 SYSTEMPATH\CodeIgniter.php(441): CodeIgniter\CodeIgniter->tryToRouteIt(null)
 8 SYSTEMPATH\CodeIgniter.php(340): CodeIgniter\CodeIgniter->handleRequest(null, Object(Config\Cache), false)
 9 SYSTEMPATH\Boot.php(417): CodeIgniter\CodeIgniter->run()
10 SYSTEMPATH\Boot.php(68): CodeIgniter\Boot::runCodeIgniter(Object(CodeIgniter\CodeIgniter))
11 FCPATH\index.php(59): CodeIgniter\Boot::bootWeb(Object(Config\Paths))
WARNING - 2026-06-29 07:14:24 --> [DEPRECATED] Passing lowercase HTTP method "post" is deprecated. Use uppercase HTTP method like "POST". in SYSTEMPATH\Router\RouteCollection.php on line 1026.
 1 SYSTEMPATH\Router\RouteCollection.php(1026): trigger_error('Passing lowercase HTTP method "post" is deprecated. Use uppercase HTTP method like "POST".', 16384)
 2 APPPATH\Config\Routes.php(28): CodeIgniter\Router\RouteCollection->match([...], 'authenticate', 'Admin::authenticate')
 3 SYSTEMPATH\Router\RouteCollection.php(799): CodeIgniter\Router\RouteCollection->{closure}(Object(CodeIgniter\Router\RouteCollection))
 4 APPPATH\Config\Routes.php(25): CodeIgniter\Router\RouteCollection->group('admin', [...], Object(Closure))
 5 SYSTEMPATH\Router\RouteCollection.php(339): require('C:\\xampp\\htdocs\\myfoodblog\\app\\Config\\Routes.php')
 6 SYSTEMPATH\CodeIgniter.php(818): CodeIgniter\Router\RouteCollection->loadRoutes()
 7 SYSTEMPATH\CodeIgniter.php(441): CodeIgniter\CodeIgniter->tryToRouteIt(null)
 8 SYSTEMPATH\CodeIgniter.php(340): CodeIgniter\CodeIgniter->handleRequest(null, Object(Config\Cache), false)
 9 SYSTEMPATH\Boot.php(417): CodeIgniter\CodeIgniter->run()
10 SYSTEMPATH\Boot.php(68): CodeIgniter\Boot::runCodeIgniter(Object(CodeIgniter\CodeIgniter))
11 FCPATH\index.php(59): CodeIgniter\Boot::bootWeb(Object(Config\Paths))
WARNING - 2026-06-29 07:14:25 --> [DEPRECATED] Passing lowercase HTTP method "get" is deprecated. Use uppercase HTTP method like "GET". in SYSTEMPATH\Router\RouteCollection.php on line 1026.
 1 SYSTEMPATH\Router\RouteCollection.php(1026): trigger_error('Passing lowercase HTTP method "get" is deprecated. Use uppercase HTTP method like "GET".', 16384)
 2 APPPATH\Config\Routes.php(28): CodeIgniter\Router\RouteCollection->match([...], 'authenticate', 'Admin::authenticate')
 3 SYSTEMPATH\Router\RouteCollection.php(799): CodeIgniter\Router\RouteCollection->{closure}(Object(CodeIgniter\Router\RouteCollection))
 4 APPPATH\Config\Routes.php(25): CodeIgniter\Router\RouteCollection->group('admin', [...], Object(Closure))
 5 SYSTEMPATH\Router\RouteCollection.php(339): require('C:\\xampp\\htdocs\\myfoodblog\\app\\Config\\Routes.php')
 6 SYSTEMPATH\CodeIgniter.php(818): CodeIgniter\Router\RouteCollection->loadRoutes()
 7 SYSTEMPATH\CodeIgniter.php(441): CodeIgniter\CodeIgniter->tryToRouteIt(null)
 8 SYSTEMPATH\CodeIgniter.php(340): CodeIgniter\CodeIgniter->handleRequest(null, Object(Config\Cache), false)
 9 SYSTEMPATH\Boot.php(417): CodeIgniter\CodeIgniter->run()
10 SYSTEMPATH\Boot.php(68): CodeIgniter\Boot::runCodeIgniter(Object(CodeIgniter\CodeIgniter))
11 FCPATH\index.php(59): CodeIgniter\Boot::bootWeb(Object(Config\Paths))
WARNING - 2026-06-29 07:14:25 --> [DEPRECATED] Passing lowercase HTTP method "post" is deprecated. Use uppercase HTTP method like "POST". in SYSTEMPATH\Router\RouteCollection.php on line 1026.
 1 SYSTEMPATH\Router\RouteCollection.php(1026): trigger_error('Passing lowercase HTTP method "post" is deprecated. Use uppercase HTTP method like "POST".', 16384)
 2 APPPATH\Config\Routes.php(28): CodeIgniter\Router\RouteCollection->match([...], 'authenticate', 'Admin::authenticate')
 3 SYSTEMPATH\Router\RouteCollection.php(799): CodeIgniter\Router\RouteCollection->{closure}(Object(CodeIgniter\Router\RouteCollection))
 4 APPPATH\Config\Routes.php(25): CodeIgniter\Router\RouteCollection->group('admin', [...], Object(Closure))
 5 SYSTEMPATH\Router\RouteCollection.php(339): require('C:\\xampp\\htdocs\\myfoodblog\\app\\Config\\Routes.php')
 6 SYSTEMPATH\CodeIgniter.php(818): CodeIgniter\Router\RouteCollection->loadRoutes()
 7 SYSTEMPATH\CodeIgniter.php(441): CodeIgniter\CodeIgniter->tryToRouteIt(null)
 8 SYSTEMPATH\CodeIgniter.php(340): CodeIgniter\CodeIgniter->handleRequest(null, Object(Config\Cache), false)
 9 SYSTEMPATH\Boot.php(417): CodeIgniter\CodeIgniter->run()
10 SYSTEMPATH\Boot.php(68): CodeIgniter\Boot::runCodeIgniter(Object(CodeIgniter\CodeIgniter))
11 FCPATH\index.php(59): CodeIgniter\Boot::bootWeb(Object(Config\Paths))
